Ruta;ShaderAnterior;Albedo;Normal;Emission;Advertencias
Assets/Plugins/Invector-3rdPersonController_LITE/3D Models/Textures/prototype_textures/Materials/proto_gray.mat;Standard;_MainTex;_BumpMap;;
Assets/Plugins/Invector-3rdPersonController_LITE/3D Models/Textures/prototype_textures/Materials/proto_orange.mat;Standard;_MainTex;;;
Assets/Plugins/Invector-3rdPersonController_LITE/3D Models/Textures/prototype_textures/Materials/proto_red.mat;Standard;_MainTex;;;
Assets/Plugins/Invector-3rdPersonController_LITE/3D Models/Textures/prototype_textures/Materials/statue_blue.mat;Standard;;_BumpMap;;Sin Albedo de origen — revisar a mano
Assets/Plugins/Invector-3rdPersonController_LITE/3D Models/Textures/prototype_textures/blue_floor_Tiled 1.mat;Standard;_MainTex;_BumpMap;;
Assets/Plugins/Invector-3rdPersonController_LITE/Resources/Materials/comparacao.mat;Standard;_MainTex;;;
Assets/VFX/Hovl Studio/Procedural fire/Demo scene/Floor3.mat;Standard;_MainTex;_BumpMap;;
Assets/VFX/Magic VFX/Magic VFX - Ice (FREE)/Models/Materials/PlaneMaterial 1.mat;Standard;;;;Sin Albedo de origen — revisar a mano
Assets/VFX/Matthew Guz/Spell Area of Effect FREE/Materials/Floor/Floor.mat;Standard;_MainTex;;;
Assets/VFX/Travis Game Assets/Hit Impact Effects/Demo Scene/Materials/HitImpactEffects_Floor.mat;Standard;_MainTex;;;
Assets/Plugins/Kevin Iglesias/Human Animations/Unity Demo Scenes/Human Spellcasting Animations/Materials/HumanSpellcastingAnimations_Floor.mat;Unlit/Color;;;;Sin Albedo de origen — revisar a mano
Assets/VFX/Free Game VFX/Materials/Plane.mat;Unlit/Color;;;;Sin Albedo de origen — revisar a mano
Assets/Plugins/Kevin Iglesias/Human Animations/Materials/HumanAnimations_Dummy-Purple.mat;Unlit/Texture;_MainTex;;;
Assets/Plugins/Kevin Iglesias/Human Animations/Unity Demo Scenes/Human Spellcasting Animations/Materials/HumanSpellcastingAnimations_Props.mat;Unlit/Texture;_MainTex;;;
Assets/Art/World/RPG Tiny Fantasy World 01 PBR/Material/Special/Grass01.mat;Shader Graphs/Grass;;;;Sin Albedo de origen — revisar a mano
Assets/Art/World/RPG Tiny Fantasy World 01 PBR/Material/Special/Grass02.mat;Shader Graphs/Grass;;;;Sin Albedo de origen — revisar a mano
Assets/Art/World/RPG Tiny Fantasy World 01 PBR/Material/Special/Grass03.mat;Shader Graphs/Grass;;;;Sin Albedo de origen — revisar a mano
Assets/Art/World/RPG Tiny Fantasy World 01 PBR/Material/Special/Tree01.mat;Shader Graphs/Grass;;;;Sin Albedo de origen — revisar a mano
Assets/Art/World/RPG Tiny Fantasy World 01 PBR/Shader/Grass.shadergraph;Shader Graphs/Grass;;;;Sin Albedo de origen — revisar a mano
Assets/Art/Characters/RPG Tiny Hero Duo/Material/PBRMaskTint.mat;URPMasktTintPBR;;;;Sin Albedo de origen — revisar a mano
Assets/Art/World/RPG Tiny Fantasy World 01 PBR/RPGTinyHeroWorldBundlePBR/RPGTinyHeroWavePBR/Shader/URPMasktTintPBR.ShaderGraph;URPMasktTintPBR;;;;Sin Albedo de origen — revisar a mano
Assets/Plugins/Kevin Iglesias/Human Animations/Unity Demo Scenes/Human Basic Motions/Materials/HumanBasicMotions_SceneBackground.mat;Custom/Kevin Iglesias/Human Basic Motions Scene;;;;Sin Albedo de origen — revisar a mano
Assets/Plugins/Kevin Iglesias/Human Animations/Unity Demo Scenes/Human Basic Motions/Materials/HumanBasicMotions_SceneBase.mat;Custom/Kevin Iglesias/Human Basic Motions Scene;_MainTex;;;
Assets/Plugins/Kevin Iglesias/Human Animations/Unity Demo Scenes/Human Basic Motions/Materials/HumanBasicMotions_SceneBaseSides.mat;Custom/Kevin Iglesias/Human Basic Motions Scene;;;;Sin Albedo de origen — revisar a mano
Assets/Plugins/Kevin Iglesias/Human Animations/Unity Demo Scenes/Human Basic Motions/Materials/HumanBasicMotions_SceneChair.mat;Custom/Kevin Iglesias/Human Basic Motions Scene;;;;Sin Albedo de origen — revisar a mano
Assets/Plugins/Kevin Iglesias/Human Animations/Unity Demo Scenes/Human Basic Motions/Materials/HumanBasicMotions_SceneDummy.mat;Custom/Kevin Iglesias/Human Basic Motions Scene;_MainTex;;;
Assets/Plugins/Kevin Iglesias/Human Animations/Unity Demo Scenes/Human Basic Motions/Materials/HumanBasicMotions_SceneFood.mat;Custom/Kevin Iglesias/Human Basic Motions Scene;_MainTex;;;
Assets/VFX/100BestEffectPack/Standard Assets/Effects/TessellationShaders/Materials/TesselatedBumpSpecularDisplacement.mat;Tessellation/Bumped Specular (displacement);;_BumpMap;;Sin Albedo de origen — revisar a mano
Assets/VFX/100BestEffectPack/Standard Assets/Effects/TessellationShaders/Materials/TesselatedBumpSpecularSmooth.mat;Tessellation/Bumped Specular (smooth);;;;Sin Albedo de origen — revisar a mano
Assets/Art/Characters/Enemies/Mini Legion Rock Golem PBR HP Polyart/Materials/HP_Golem.mat;Toon/Basic;_MainTex;;;
Assets/Art/Characters/Enemies/Mini Legion Rock Golem PBR HP Polyart/Materials/PBR_Golem.mat;Toon/Basic;_MainTex;;;
Assets/Art/Characters/Enemies/Mini Legion Rock Golem PBR HP Polyart/Materials/Stage 1.mat;Toon/Basic;;;;Sin Albedo de origen — revisar a mano
Assets/Art/World/Fantasy_Kingdom_Pack/Materials/Terrain06.mat;Toon/Basic;_MainTex;;;
Assets/Art/World/Modular Castle/Assets/Materials/castle.mat;Toon/Basic;_MainTex;;;
Assets/Art/World/Unvik_3D/Cross_Plains/FBX/Materials/Cross_Plains.mat;Toon/Basic;_MainTex;;;
Assets/Art/World/Unvik_3D/Cross_Plains/FBX/Materials/Plane_CrossPlains.mat;Toon/Basic;;;;Sin Albedo de origen — revisar a mano
Assets/VFX/RealisticRain/Materials/M_Grid.mat;Shader Graphs/S_GroundGrid;;;;Sin Albedo de origen — revisar a mano
Assets/VFX/RealisticRain/Shader/S_GroundGrid.shadergraph;Shader Graphs/S_GroundGrid;;;;Sin Albedo de origen — revisar a mano
Assets/VFX/RealisticRain/Shader/S_Particle_Lit.shadergraph;Shader Graphs/S_Particle_Lit;;;;Sin Albedo de origen — revisar a mano
Assets/VFX/RealisticRain/Shader/S_Particle_Unlit.shadergraph;Shader Graphs/S_Particle_Unlit;;;;Sin Albedo de origen — revisar a mano
Assets/VFX/RealisticRain/Shader/S_Steam_Lit.shadergraph;Shader Graphs/S_Steam_Lit;;;;Sin Albedo de origen — revisar a mano
Assets/VFX/RealisticRain/Shader/S_Steam_Unit.shadergraph;Shader Graphs/S_Steam_Unit;;;;Sin Albedo de origen — revisar a mano
Assets/VFX/fireAttackEffects/effects/fireBall/fireBallMaterial.mat;Shader Graphs/fireBallShader;;;;Sin Albedo de origen — revisar a mano
Assets/VFX/fireAttackEffects/effects/fireBall/fireBallShader.shadergraph;Shader Graphs/fireBallShader;;;;Sin Albedo de origen — revisar a mano
Assets/Art/Characters/Enemies/Mini Legion Rock Golem PBR HP Polyart/Materials/PolyartStandard.mat;Hidden/InternalErrorShader;;;;Sin Albedo de origen — revisar a mano
Assets/Art/Characters/Enemies/CasualFantasy/Spider1/SourceFiles/Model/Spider1.fbx;Universal Render Pipeline/Lit;;;;Sin Albedo de origen — revisar a mano
Assets/Art/Characters/Enemies/CasualFantasy/_Demo/Mat/Grass.mat;Universal Render Pipeline/Lit;;;;Sin Albedo de origen — revisar a mano
Assets/Art/Characters/Enemies/CasualFantasy/_Demo/Mat/Ground.mat;Universal Render Pipeline/Lit;;;;Sin Albedo de origen — revisar a mano
Assets/Art/Characters/Enemies/CasualFantasy/_Demo/Mat/Mat_Background.mat;Universal Render Pipeline/Lit;;;;Sin Albedo de origen — revisar a mano
Assets/Art/Characters/Enemies/CasualFantasy/_Demo/Mat/Rock.mat;Universal Render Pipeline/Lit;;;;Sin Albedo de origen — revisar a mano
Assets/Art/Characters/Enemies/CasualFantasy/_Demo/Model/Background.fbx;Universal Render Pipeline/Lit;;;;Sin Albedo de origen — revisar a mano
Assets/Art/Characters/Enemies/CasualFantasy/_Demo/Model/Base.fbx;Universal Render Pipeline/Lit;;;;Sin Albedo de origen — revisar a mano
Assets/Art/Characters/Enemies/Imp Demon Cute Series/Cute series demo assets/Fantasy Ground.mat;Universal Render Pipeline/Lit;;;;Sin Albedo de origen — revisar a mano
Assets/Art/Characters/Enemies/Imp Demon Cute Series/FBX/Imp Demon.FBX;Universal Render Pipeline/Lit;_BaseMap;;;
Assets/Art/Characters/Enemies/Mini Legion Rock Golem PBR HP Polyart/Meshes/RockMesh.fbx;Universal Render Pipeline/Lit;_BaseMap;;;
Assets/Art/Characters/Enemies/Monster_Ghosts_FREE/Mesh/Little_Ghost_ZOMBANGEL.fbx;Universal Render Pipeline/Lit;;;;Sin Albedo de origen — revisar a mano
Assets/Art/Characters/Fuego Fatuo/WillOWisp_Green.fbx;Universal Render Pipeline/Lit;;;_EmissionColor;Sin Albedo de origen — revisar a mano
Assets/Art/Characters/RPG Tiny Hero Duo/Animation/BowAndArrow/InPlace/MoveFWD_Normal_InPlace_BowAndArrow.fbx;Universal Render Pipeline/Lit;;;;Sin Albedo de origen — revisar a mano
Assets/Art/Characters/RPG Tiny Hero Duo/Mesh/OHS06PBR.fbx;Universal Render Pipeline/Lit;;;;Sin Albedo de origen — revisar a mano
Assets/Art/Characters/RPG Tiny Hero Duo/Mesh/Shield05PBR.fbx;Universal Render Pipeline/Lit;;;;Sin Albedo de origen — revisar a mano
Assets/Art/Characters/RPG Tiny Hero Duo/Mesh/Shield08PBR.fbx;Universal Render Pipeline/Lit;;;;Sin Albedo de origen — revisar a mano
Assets/Art/Cinematics/Mat_CrystalBallVision.mat;Universal Render Pipeline/Lit;;;_EmissionMap;Sin Albedo de origen — revisar a mano
Assets/Art/Items/BTM_Items_Gems/Models/4SideDiamond.fbx;Universal Render Pipeline/Lit;_BaseMap;;;
Assets/Art/Items/BTM_Items_Gems/Models/5SideDiamond.fbx;Universal Render Pipeline/Lit;_BaseMap;;;
Assets/Art/Items/BTM_Items_Gems/Models/Battery.fbx;Universal Render Pipeline/Lit;_BaseMap;;;
Assets/Art/Items/BTM_Items_Gems/Models/BluePill.fbx;Universal Render Pipeline/Lit;_BaseMap;;;
Assets/Art/Items/BTM_Items_Gems/Models/BluePotion.fbx;Universal Render Pipeline/Lit;_BaseMap;;;
Assets/Art/Items/BTM_Items_Gems/Models/BlueVial.fbx;Universal Render Pipeline/Lit;_BaseMap;;;
Assets/Art/Items/BTM_Items_Gems/Models/Bomb.fbx;Universal Render Pipeline/Lit;_BaseMap;;;
Assets/Art/Items/BTM_Items_Gems/Models/Clock.fbx;Universal Render Pipeline/Lit;_BaseMap;;;
Assets/Art/Items/BTM_Items_Gems/Models/Coin.fbx;Universal Render Pipeline/Lit;_BaseMap;;;
Assets/Art/Items/BTM_Items_Gems/Models/Cubie.fbx;Universal Render Pipeline/Lit;_BaseMap;;;
Assets/Art/Items/BTM_Items_Gems/Models/CubieB.fbx;Universal Render Pipeline/Lit;_BaseMap;;;
Assets/Art/Items/BTM_Items_Gems/Models/Cuboid.fbx;Universal Render Pipeline/Lit;_BaseMap;;;
Assets/Art/Items/BTM_Items_Gems/Models/Diamondo.fbx;Universal Render Pipeline/Lit;_BaseMap;;;
Assets/Art/Items/BTM_Items_Gems/Models/DoubleDiamond.fbx;Universal Render Pipeline/Lit;_BaseMap;;;
Assets/Art/Items/BTM_Items_Gems/Models/FirstAid.fbx;Universal Render Pipeline/Lit;_BaseMap;;;
Assets/Art/Items/BTM_Items_Gems/Models/GoldBar.fbx;Universal Render Pipeline/Lit;_BaseMap;;;
Assets/Art/Items/BTM_Items_Gems/Models/GoldPile.fbx;Universal Render Pipeline/Lit;_BaseMap;;;
Assets/Art/Items/BTM_Items_Gems/Models/GreenPill.fbx;Universal Render Pipeline/Lit;_BaseMap;;;
Assets/Art/Items/BTM_Items_Gems/Models/GreenPotion.fbx;Universal Render Pipeline/Lit;_BaseMap;;;
Assets/Art/Items/BTM_Items_Gems/Models/GreenVial.fbx;Universal Render Pipeline/Lit;_BaseMap;;;
Assets/Art/Items/BTM_Items_Gems/Models/Heart.fbx;Universal Render Pipeline/Lit;_BaseMap;;;
Assets/Art/Items/BTM_Items_Gems/Models/HeartGem.fbx;Universal Render Pipeline/Lit;_BaseMap;;;
Assets/Art/Items/BTM_Items_Gems/Models/Hexagon.fbx;Universal Render Pipeline/Lit;_BaseMap;;;
Assets/Art/Items/BTM_Items_Gems/Models/Lock.fbx;Universal Render Pipeline/Lit;_BaseMap;;;
Assets/Art/Items/BTM_Items_Gems/Models/Magnet.fbx;Universal Render Pipeline/Lit;_BaseMap;;;
Assets/Art/Items/BTM_Items_Gems/Models/Money.fbx;Universal Render Pipeline/Lit;_BaseMap;;;
Assets/Art/Items/BTM_Items_Gems/Models/Penta.fbx;Universal Render Pipeline/Lit;_BaseMap;;;
Assets/Art/Items/BTM_Items_Gems/Models/RedPill.fbx;Universal Render Pipeline/Lit;_BaseMap;;;
Assets/Art/Items/BTM_Items_Gems/Models/RedPotion.fbx;Universal Render Pipeline/Lit;_BaseMap;;;
Assets/Art/Items/BTM_Items_Gems/Models/RedVial.fbx;Universal Render Pipeline/Lit;_BaseMap;;;
Assets/Art/Items/BTM_Items_Gems/Models/Ruby.fbx;Universal Render Pipeline/Lit;_BaseMap;;;
Assets/Art/Items/BTM_Items_Gems/Models/Ruby2.fbx;Universal Render Pipeline/Lit;_BaseMap;;;
Assets/Art/Items/BTM_Items_Gems/Models/Shield.fbx;Universal Render Pipeline/Lit;_BaseMap;;;
Assets/Art/Items/BTM_Items_Gems/Models/Skull.fbx;Universal Render Pipeline/Lit;_BaseMap;;;
Assets/Art/Items/BTM_Items_Gems/Models/SkullBones.fbx;Universal Render Pipeline/Lit;_BaseMap;;;
Assets/Art/Items/BTM_Items_Gems/Models/SpeedChev.fbx;Universal Render Pipeline/Lit;_BaseMap;;;
Assets/Art/Items/BTM_Items_Gems/Models/SphereGem.fbx;Universal Render Pipeline/Lit;_BaseMap;;;
Assets/Art/Items/BTM_Items_Gems/Models/SphereGem2.fbx;Universal Render Pipeline/Lit;_BaseMap;;;
Assets/Art/Items/BTM_Items_Gems/Models/SphereGem3.fbx;Universal Render Pipeline/Lit;_BaseMap;;;
Assets/Art/Items/BTM_Items_Gems/Models/Spiral.fbx;Universal Render Pipeline/Lit;_BaseMap;;;
Assets/Art/Items/BTM_Items_Gems/Models/Star.fbx;Universal Render Pipeline/Lit;_BaseMap;;;
Assets/Art/Items/BTM_Items_Gems/Models/StarCoin.fbx;Universal Render Pipeline/Lit;_BaseMap;;;
Assets/Art/Items/BTM_Items_Gems/Models/StarGem1.fbx;Universal Render Pipeline/Lit;_BaseMap;;;
Assets/Art/Items/BTM_Items_Gems/Models/StarGem2.fbx;Universal Render Pipeline/Lit;_BaseMap;;;
Assets/Art/Items/BTM_Items_Gems/Models/StarGem3.fbx;Universal Render Pipeline/Lit;_BaseMap;;;
Assets/Art/Items/BTM_Items_Gems/Models/Thunder.fbx;Universal Render Pipeline/Lit;_BaseMap;;;
Assets/Art/Items/BTM_Items_Gems/Models/Time.fbx;Universal Render Pipeline/Lit;_BaseMap;;;
Assets/Art/Items/BTM_Items_Gems/Models/Trophy.fbx;Universal Render Pipeline/Lit;_BaseMap;;;
Assets/Art/World/Fantasy_Kingdom_Pack/Meshes/Anchor01_a01.FBX;Universal Render Pipeline/Lit;_BaseMap;;;
Assets/Art/World/Fantasy_Kingdom_Pack/Meshes/Anchor02_a01.FBX;Universal Render Pipeline/Lit;_BaseMap;;;
Assets/Art/World/Fantasy_Kingdom_Pack/Meshes/Balcony01.FBX;Universal Render Pipeline/Lit;_BaseMap;;;
Assets/Art/World/Fantasy_Kingdom_Pack/Meshes/Balcony02.FBX;Universal Render Pipeline/Lit;_BaseMap;;;
Assets/Art/World/Fantasy_Kingdom_Pack/Meshes/Balloon01_a01.FBX;Universal Render Pipeline/Lit;_BaseMap;;;
Assets/Art/World/Fantasy_Kingdom_Pack/Meshes/Balloon01_a02.FBX;Universal Render Pipeline/Lit;_BaseMap;;;
Assets/Art/World/Fantasy_Kingdom_Pack/Meshes/Balloon01_a03.FBX;Universal Render Pipeline/Lit;_BaseMap;;;
Assets/Art/World/Fantasy_Kingdom_Pack/Meshes/Balloon01_a04.FBX;Universal Render Pipeline/Lit;_BaseMap;;;
Assets/Art/World/Fantasy_Kingdom_Pack/Meshes/Balloon01_a05.FBX;Universal Render Pipeline/Lit;_BaseMap;;;
Assets/Art/World/Fantasy_Kingdom_Pack/Meshes/Balloon01_a06.FBX;Universal Render Pipeline/Lit;_BaseMap;;;
Assets/Art/World/Fantasy_Kingdom_Pack/Meshes/Balloon01_a07.FBX;Universal Render Pipeline/Lit;_BaseMap;;;
Assets/Art/World/Fantasy_Kingdom_Pack/Meshes/Balloon01_a08.FBX;Universal Render Pipeline/Lit;_BaseMap;;;
Assets/Art/World/Fantasy_Kingdom_Pack/Meshes/Balloon01_a09.FBX;Universal Render Pipeline/Lit;_BaseMap;;;
Assets/Art/World/Fantasy_Kingdom_Pack/Meshes/Balloon01_a10.FBX;Universal Render Pipeline/Lit;_BaseMap;;;
Assets/Art/World/Fantasy_Kingdom_Pack/Meshes/Balloon01_a11.FBX;Universal Render Pipeline/Lit;_BaseMap;;;
Assets/Art/World/Fantasy_Kingdom_Pack/Meshes/Balloon01_a12.FBX;Universal Render Pipeline/Lit;_BaseMap;;;
Assets/Art/World/Fantasy_Kingdom_Pack/Meshes/Balloon02_a01.FBX;Universal Render Pipeline/Lit;_BaseMap;;;
Assets/Art/World/Fantasy_Kingdom_Pack/Meshes/Balloon02_a02.FBX;Universal Render Pipeline/Lit;_BaseMap;;;
Assets/Art/World/Fantasy_Kingdom_Pack/Meshes/Balloon03_a01.FBX;Universal Render Pipeline/Lit;_BaseMap;;;
Assets/Art/World/Fantasy_Kingdom_Pack/Meshes/Balloon03_a02.FBX;Universal Render Pipeline/Lit;_BaseMap;;;
Assets/Art/World/Fantasy_Kingdom_Pack/Meshes/Balloon03_a03.FBX;Universal Render Pipeline/Lit;_BaseMap;;;
Assets/Art/World/Fantasy_Kingdom_Pack/Meshes/Balloon03_a04.FBX;Universal Render Pipeline/Lit;_BaseMap;;;
Assets/Art/World/Fantasy_Kingdom_Pack/Meshes/Balloon03_a05.FBX;Universal Render Pipeline/Lit;_BaseMap;;;
Assets/Art/World/Fantasy_Kingdom_Pack/Meshes/Barrel01_a01.FBX;Universal Render Pipeline/Lit;_BaseMap;;;
Assets/Art/World/Fantasy_Kingdom_Pack/Meshes/Barrel01_a02.FBX;Universal Render Pipeline/Lit;_BaseMap;;;
Assets/Art/World/Fantasy_Kingdom_Pack/Meshes/Barrel02_a01.FBX;Universal Render Pipeline/Lit;_BaseMap;;;
Assets/Art/World/Fantasy_Kingdom_Pack/Meshes/Barrel02_a02.FBX;Universal Render Pipeline/Lit;_BaseMap;;;
Assets/Art/World/Fantasy_Kingdom_Pack/Meshes/Barrel02_a03.FBX;Universal Render Pipeline/Lit;_BaseMap;;;
Assets/Art/World/Fantasy_Kingdom_Pack/Meshes/Barrel03_a01.FBX;Universal Render Pipeline/Lit;_BaseMap;;;
Assets/Art/World/Fantasy_Kingdom_Pack/Meshes/Barrel03_a02.FBX;Universal Render Pipeline/Lit;_BaseMap;;;
Assets/Art/World/Fantasy_Kingdom_Pack/Meshes/Barrel03_a03.FBX;Universal Render Pipeline/Lit;_BaseMap;;;
Assets/Art/World/Fantasy_Kingdom_Pack/Meshes/Barrel03_a04.FBX;Universal Render Pipeline/Lit;_BaseMap;;;
Assets/Art/World/Fantasy_Kingdom_Pack/Meshes/Barrel03_a05.FBX;Universal Render Pipeline/Lit;_BaseMap;;;
Assets/Art/World/Fantasy_Kingdom_Pack/Meshes/Barrel03_a06.FBX;Universal Render Pipeline/Lit;_BaseMap;;;
Assets/Art/World/Fantasy_Kingdom_Pack/Meshes/Barrel03_a07.FBX;Universal Render Pipeline/Lit;_BaseMap;;;
Assets/Art/World/Fantasy_Kingdom_Pack/Meshes/Barrel04_a01.FBX;Universal Render Pipeline/Lit;_BaseMap;;;
Assets/Art/World/Fantasy_Kingdom_Pack/Meshes/Barrel04_a02.FBX;Universal Render Pipeline/Lit;_BaseMap;;;
Assets/Art/World/Fantasy_Kingdom_Pack/Meshes/Base01_a01.FBX;Universal Render Pipeline/Lit;_BaseMap;;;
Assets/Art/World/Fantasy_Kingdom_Pack/Meshes/Beam01_a01.FBX;Universal Render Pipeline/Lit;_BaseMap;;;
Assets/Art/World/Fantasy_Kingdom_Pack/Meshes/Bed01_a01.FBX;Universal Render Pipeline/Lit;_BaseMap;;;
Assets/Art/World/Fantasy_Kingdom_Pack/Meshes/Bed01_a02.FBX;Universal Render Pipeline/Lit;_BaseMap;;;
Assets/Art/World/Fantasy_Kingdom_Pack/Meshes/Bed01_a03.FBX;Universal Render Pipeline/Lit;_BaseMap;;;
Assets/Art/World/Fantasy_Kingdom_Pack/Meshes/Bed01_a04.FBX;Universal Render Pipeline/Lit;_BaseMap;;;
Assets/Art/World/Fantasy_Kingdom_Pack/Meshes/Bed01_a05.FBX;Universal Render Pipeline/Lit;_BaseMap;;;
Assets/Art/World/Fantasy_Kingdom_Pack/Meshes/Bed02_a01.FBX;Universal Render Pipeline/Lit;_BaseMap;;;
Assets/Art/World/Fantasy_Kingdom_Pack/Meshes/Bed02_a02.FBX;Universal Render Pipeline/Lit;_BaseMap;;;
Assets/Art/World/Fantasy_Kingdom_Pack/Meshes/Bed02_a03.FBX;Universal Render Pipeline/Lit;_BaseMap;;;
Assets/Art/World/Fantasy_Kingdom_Pack/Meshes/Bed02_a04.FBX;Universal Render Pipeline/Lit;_BaseMap;;;
Assets/Art/World/Fantasy_Kingdom_Pack/Meshes/Bed02_a05.FBX;Universal Render Pipeline/Lit;_BaseMap;;;
Assets/Art/World/Fantasy_Kingdom_Pack/Meshes/Bed03_a01.FBX;Universal Render Pipeline/Lit;_BaseMap;;;
Assets/Art/World/Fantasy_Kingdom_Pack/Meshes/Bed03_a02.FBX;Universal Render Pipeline/Lit;_BaseMap;;;
Assets/Art/World/Fantasy_Kingdom_Pack/Meshes/Bed03_a03.FBX;Universal Render Pipeline/Lit;_BaseMap;;;
Assets/Art/World/Fantasy_Kingdom_Pack/Meshes/Bed03_a04.FBX;Universal Render Pipeline/Lit;_BaseMap;;;
Assets/Art/World/Fantasy_Kingdom_Pack/Meshes/Bed03_a05.FBX;Universal Render Pipeline/Lit;_BaseMap;;;
Assets/Art/World/Fantasy_Kingdom_Pack/Meshes/Bed04_a01.FBX;Universal Render Pipeline/Lit;_BaseMap;;;
Assets/Art/World/Fantasy_Kingdom_Pack/Meshes/Bed04_a02.FBX;Universal Render Pipeline/Lit;_BaseMap;;;
Assets/Art/World/Fantasy_Kingdom_Pack/Meshes/Bed04_a03.FBX;Universal Render Pipeline/Lit;_BaseMap;;;
Assets/Art/World/Fantasy_Kingdom_Pack/Meshes/Bed04_a04.FBX;Universal Render Pipeline/Lit;_BaseMap;;;
Assets/Art/World/Fantasy_Kingdom_Pack/Meshes/Bed04_a05.FBX;Universal Render Pipeline/Lit;_BaseMap;;;
Assets/Art/World/Fantasy_Kingdom_Pack/Meshes/Bed05_a01.FBX;Universal Render Pipeline/Lit;_BaseMap;;;
Assets/Art/World/Fantasy_Kingdom_Pack/Meshes/Bed05_a02.FBX;Universal Render Pipeline/Lit;_BaseMap;;;
Assets/Art/World/Fantasy_Kingdom_Pack/Meshes/Bed05_a03.FBX;Universal Render Pipeline/Lit;_BaseMap;;;
Assets/Art/World/Fantasy_Kingdom_Pack/Meshes/Bed05_a04.FBX;Universal Render Pipeline/Lit;_BaseMap;;;
Assets/Art/World/Fantasy_Kingdom_Pack/Meshes/Bed05_a05.FBX;Universal Render Pipeline/Lit;_BaseMap;;;
Assets/Art/World/Fantasy_Kingdom_Pack/Meshes/Board01_a01.FBX;Universal Render Pipeline/Lit;_BaseMap;;;
Assets/Art/World/Fantasy_Kingdom_Pack/Meshes/Board01_a02.FBX;Universal Render Pipeline/Lit;_BaseMap;;;
Assets/Art/World/Fantasy_Kingdom_Pack/Meshes/Board01_a03.FBX;Universal Render Pipeline/Lit;_BaseMap;;;
Assets/Art/World/Fantasy_Kingdom_Pack/Meshes/Board01_a04.FBX;Universal Render Pipeline/Lit;_BaseMap;;;
Assets/Art/World/Fantasy_Kingdom_Pack/Meshes/Board02_a01.FBX;Universal Render Pipeline/Lit;_BaseMap;;;
Assets/Art/World/Fantasy_Kingdom_Pack/Meshes/Board02_a02.FBX;Universal Render Pipeline/Lit;_BaseMap;;;
Assets/Art/World/Fantasy_Kingdom_Pack/Meshes/Board02_a03.FBX;Universal Render Pipeline/Lit;_BaseMap;;;
Assets/Art/World/Fantasy_Kingdom_Pack/Meshes/Board02_a04.FBX;Universal Render Pipeline/Lit;_BaseMap;;;
Assets/Art/World/Fantasy_Kingdom_Pack/Meshes/Board03_a01.FBX;Universal Render Pipeline/Lit;_BaseMap;;;
Assets/Art/World/Fantasy_Kingdom_Pack/Meshes/Board03_a02.FBX;Universal Render Pipeline/Lit;_BaseMap;;;
Assets/Art/World/Fantasy_Kingdom_Pack/Meshes/Board03_a03.FBX;Universal Render Pipeline/Lit;_BaseMap;;;
Assets/Art/World/Fantasy_Kingdom_Pack/Meshes/Board03_a04.FBX;Universal Render Pipeline/Lit;_BaseMap;;;
Assets/Art/World/Fantasy_Kingdom_Pack/Meshes/Board04_a01.FBX;Universal Render Pipeline/Lit;_BaseMap;;;
Assets/Art/World/Fantasy_Kingdom_Pack/Meshes/Board04_a02.FBX;Universal Render Pipeline/Lit;_BaseMap;;;
Assets/Art/World/Fantasy_Kingdom_Pack/Meshes/Board05_a01.FBX;Universal Render Pipeline/Lit;_BaseMap;;;
Assets/Art/World/Fantasy_Kingdom_Pack/Meshes/Board05_a02.FBX;Universal Render Pipeline/Lit;_BaseMap;;;
Assets/Art/World/Fantasy_Kingdom_Pack/Meshes/Board05_a03.FBX;Universal Render Pipeline/Lit;_BaseMap;;;
Assets/Art/World/Fantasy_Kingdom_Pack/Meshes/Board05_a04.FBX;Universal Render Pipeline/Lit;_BaseMap;;;
Assets/Art/World/Fantasy_Kingdom_Pack/Meshes/Boat01_a01.FBX;Universal Render Pipeline/Lit;_BaseMap;;;
Assets/Art/World/Fantasy_Kingdom_Pack/Meshes/Boat01_a02.FBX;Universal Render Pipeline/Lit;_BaseMap;;;
Assets/Art/World/Fantasy_Kingdom_Pack/Meshes/Boat02_a01.FBX;Universal Render Pipeline/Lit;_BaseMap;;;
Assets/Art/World/Fantasy_Kingdom_Pack/Meshes/Bone01_a01.FBX;Universal Render Pipeline/Lit;_BaseMap;;;
Assets/Art/World/Fantasy_Kingdom_Pack/Meshes/Bone02_a01.FBX;Universal Render Pipeline/Lit;_BaseMap;;;
Assets/Art/World/Fantasy_Kingdom_Pack/Meshes/Book01_a01.FBX;Universal Render Pipeline/Lit;_BaseMap;;;
Assets/Art/World/Fantasy_Kingdom_Pack/Meshes/Book01_a02.FBX;Universal Render Pipeline/Lit;_BaseMap;;;
Assets/Art/World/Fantasy_Kingdom_Pack/Meshes/Book01_a03.FBX;Universal Render Pipeline/Lit;_BaseMap;;;
Assets/Art/World/Fantasy_Kingdom_Pack/Meshes/Book01_a04.FBX;Universal Render Pipeline/Lit;_BaseMap;;;
Assets/Art/World/Fantasy_Kingdom_Pack/Meshes/Book01_a05.FBX;Universal Render Pipeline/Lit;_BaseMap;;;
Assets/Art/World/Fantasy_Kingdom_Pack/Meshes/Book01_a06.FBX;Universal Render Pipeline/Lit;_BaseMap;;;
Assets/Art/World/Fantasy_Kingdom_Pack/Meshes/Book01_a07.FBX;Universal Render Pipeline/Lit;_BaseMap;;;
Assets/Art/World/Fantasy_Kingdom_Pack/Meshes/Book01_a08.FBX;Universal Render Pipeline/Lit;_BaseMap;;;
Assets/Art/World/Fantasy_Kingdom_Pack/Meshes/Book01_a09.FBX;Universal Render Pipeline/Lit;_BaseMap;;;
Assets/Art/World/Fantasy_Kingdom_Pack/Meshes/Book01_b01.FBX;Universal Render Pipeline/Lit;_BaseMap;;;
Assets/Art/World/Fantasy_Kingdom_Pack/Meshes/Book01_b02.FBX;Universal Render Pipeline/Lit;_BaseMap;;;
Assets/Art/World/Fantasy_Kingdom_Pack/Meshes/Book01_b03.FBX;Universal Render Pipeline/Lit;_BaseMap;;;
Assets/Art/World/Fantasy_Kingdom_Pack/Meshes/Book01_b04.FBX;Universal Render Pipeline/Lit;_BaseMap;;;
Assets/Art/World/Fantasy_Kingdom_Pack/Meshes/Book01_b05.FBX;Universal Render Pipeline/Lit;_BaseMap;;;
Assets/Art/World/Fantasy_Kingdom_Pack/Meshes/Book01_b06.FBX;Universal Render Pipeline/Lit;_BaseMap;;;
Assets/Art/World/Fantasy_Kingdom_Pack/Meshes/Book01_b07.FBX;Universal Render Pipeline/Lit;_BaseMap;;;
Assets/Art/World/Fantasy_Kingdom_Pack/Meshes/Book01_b08.FBX;Universal Render Pipeline/Lit;_BaseMap;;;
Assets/Art/World/Fantasy_Kingdom_Pack/Meshes/Book01_b09.FBX;Universal Render Pipeline/Lit;_BaseMap;;;
Assets/Art/World/Fantasy_Kingdom_Pack/Meshes/Book01_b10.FBX;Universal Render Pipeline/Lit;_BaseMap;;;
Assets/Art/World/Fantasy_Kingdom_Pack/Meshes/Book01_c01.FBX;Universal Render Pipeline/Lit;_BaseMap;;;
Assets/Art/World/Fantasy_Kingdom_Pack/Meshes/Book01_c02.FBX;Universal Render Pipeline/Lit;_BaseMap;;;
Assets/Art/World/Fantasy_Kingdom_Pack/Meshes/Book01_c03.FBX;Universal Render Pipeline/Lit;_BaseMap;;;
Assets/Art/World/Fantasy_Kingdom_Pack/Meshes/Book01_c04.FBX;Universal Render Pipeline/Lit;_BaseMap;;;
Assets/Art/World/Fantasy_Kingdom_Pack/Meshes/Book01_c05.FBX;Universal Render Pipeline/Lit;_BaseMap;;;
Assets/Art/World/Fantasy_Kingdom_Pack/Meshes/Book01_c06.FBX;Universal Render Pipeline/Lit;_BaseMap;;;
Assets/Art/World/Fantasy_Kingdom_Pack/Meshes/Book01_c07.FBX;Universal Render Pipeline/Lit;_BaseMap;;;
Assets/Art/World/Fantasy_Kingdom_Pack/Meshes/Book01_c08.FBX;Universal Render Pipeline/Lit;_BaseMap;;;
Assets/Art/World/Fantasy_Kingdom_Pack/Meshes/Book01_c09.FBX;Universal Render Pipeline/Lit;_BaseMap;;;
Assets/Art/World/Fantasy_Kingdom_Pack/Meshes/Book01_c10.FBX;Universal Render Pipeline/Lit;_BaseMap;;;
Assets/Art/World/Fantasy_Kingdom_Pack/Meshes/Book01_d01.FBX;Universal Render Pipeline/Lit;_BaseMap;;;
Assets/Art/World/Fantasy_Kingdom_Pack/Meshes/Book01_d02.FBX;Universal Render Pipeline/Lit;_BaseMap;;;
Assets/Art/World/Fantasy_Kingdom_Pack/Meshes/Book01_d03.FBX;Universal Render Pipeline/Lit;_BaseMap;;;
Assets/Art/World/Fantasy_Kingdom_Pack/Meshes/Book01_d04.FBX;Universal Render Pipeline/Lit;_BaseMap;;;
Assets/Art/World/Fantasy_Kingdom_Pack/Meshes/Book01_d05.FBX;Universal Render Pipeline/Lit;_BaseMap;;;
Assets/Art/World/Fantasy_Kingdom_Pack/Meshes/Book01_d06.FBX;Universal Render Pipeline/Lit;_BaseMap;;;
Assets/Art/World/Fantasy_Kingdom_Pack/Meshes/Book01_d07.FBX;Universal Render Pipeline/Lit;_BaseMap;;;
Assets/Art/World/Fantasy_Kingdom_Pack/Meshes/Book01_d08.FBX;Universal Render Pipeline/Lit;_BaseMap;;;
Assets/Art/World/Fantasy_Kingdom_Pack/Meshes/Book01_d09.FBX;Universal Render Pipeline/Lit;_BaseMap;;;
Assets/Art/World/Fantasy_Kingdom_Pack/Meshes/Book01_d10.FBX;Universal Render Pipeline/Lit;_BaseMap;;;
Assets/Art/World/Fantasy_Kingdom_Pack/Meshes/Book01_e01.FBX;Universal Render Pipeline/Lit;_BaseMap;;;
Assets/Art/World/Fantasy_Kingdom_Pack/Meshes/Book01_e02.FBX;Universal Render Pipeline/Lit;_BaseMap;;;
Assets/Art/World/Fantasy_Kingdom_Pack/Meshes/Book01_e03.FBX;Universal Render Pipeline/Lit;_BaseMap;;;
Assets/Art/World/Fantasy_Kingdom_Pack/Meshes/Book01_e04.FBX;Universal Render Pipeline/Lit;_BaseMap;;;
Assets/Art/World/Fantasy_Kingdom_Pack/Meshes/Book01_e05.FBX;Universal Render Pipeline/Lit;_BaseMap;;;
Assets/Art/World/Fantasy_Kingdom_Pack/Meshes/Book01_e06.FBX;Universal Render Pipeline/Lit;_BaseMap;;;
Assets/Art/World/Fantasy_Kingdom_Pack/Meshes/Book01_e07.FBX;Universal Render Pipeline/Lit;_BaseMap;;;
Assets/Art/World/Fantasy_Kingdom_Pack/Meshes/Book01_e08.FBX;Universal Render Pipeline/Lit;_BaseMap;;;
Assets/Art/World/Fantasy_Kingdom_Pack/Meshes/Book01_e09.FBX;Universal Render Pipeline/Lit;_BaseMap;;;
Assets/Art/World/Fantasy_Kingdom_Pack/Meshes/Book01_f01.FBX;Universal Render Pipeline/Lit;_BaseMap;;;
Assets/Art/World/Fantasy_Kingdom_Pack/Meshes/Book01_f02.FBX;Universal Render Pipeline/Lit;_BaseMap;;;
Assets/Art/World/Fantasy_Kingdom_Pack/Meshes/Book01_f03.FBX;Universal Render Pipeline/Lit;_BaseMap;;;
Assets/Art/World/Fantasy_Kingdom_Pack/Meshes/Book01_f04.FBX;Universal Render Pipeline/Lit;_BaseMap;;;
Assets/Art/World/Fantasy_Kingdom_Pack/Meshes/Book01_f05.FBX;Universal Render Pipeline/Lit;_BaseMap;;;
Assets/Art/World/Fantasy_Kingdom_Pack/Meshes/Book01_f06.FBX;Universal Render Pipeline/Lit;_BaseMap;;;
Assets/Art/World/Fantasy_Kingdom_Pack/Meshes/Book01_f07.FBX;Universal Render Pipeline/Lit;_BaseMap;;;
Assets/Art/World/Fantasy_Kingdom_Pack/Meshes/Book01_f08.FBX;Universal Render Pipeline/Lit;_BaseMap;;;
Assets/Art/World/Fantasy_Kingdom_Pack/Meshes/Book01_f09.FBX;Universal Render Pipeline/Lit;_BaseMap;;;
Assets/Art/World/Fantasy_Kingdom_Pack/Meshes/Book01_g01.FBX;Universal Render Pipeline/Lit;_BaseMap;;;
Assets/Art/World/Fantasy_Kingdom_Pack/Meshes/Book01_g02.FBX;Universal Render Pipeline/Lit;_BaseMap;;;
Assets/Art/World/Fantasy_Kingdom_Pack/Meshes/Book01_g03.FBX;Universal Render Pipeline/Lit;_BaseMap;;;
Assets/Art/World/Fantasy_Kingdom_Pack/Meshes/Book01_g04.FBX;Universal Render Pipeline/Lit;_BaseMap;;;
Assets/Art/World/Fantasy_Kingdom_Pack/Meshes/Book01_g05.FBX;Universal Render Pipeline/Lit;_BaseMap;;;
Assets/Art/World/Fantasy_Kingdom_Pack/Meshes/Book01_g06.FBX;Universal Render Pipeline/Lit;_BaseMap;;;
Assets/Art/World/Fantasy_Kingdom_Pack/Meshes/Book01_g07.FBX;Universal Render Pipeline/Lit;_BaseMap;;;
Assets/Art/World/Fantasy_Kingdom_Pack/Meshes/Book01_g08.FBX;Universal Render Pipeline/Lit;_BaseMap;;;
Assets/Art/World/Fantasy_Kingdom_Pack/Meshes/Book01_g09.FBX;Universal Render Pipeline/Lit;_BaseMap;;;
Assets/Art/World/Fantasy_Kingdom_Pack/Meshes/Book01_h01.FBX;Universal Render Pipeline/Lit;_BaseMap;;;
Assets/Art/World/Fantasy_Kingdom_Pack/Meshes/Book01_h02.FBX;Universal Render Pipeline/Lit;_BaseMap;;;
Assets/Art/World/Fantasy_Kingdom_Pack/Meshes/Book01_h03.FBX;Universal Render Pipeline/Lit;_BaseMap;;;
Assets/Art/World/Fantasy_Kingdom_Pack/Meshes/Book01_h04.FBX;Universal Render Pipeline/Lit;_BaseMap;;;
Assets/Art/World/Fantasy_Kingdom_Pack/Meshes/Book01_h05.FBX;Universal Render Pipeline/Lit;_BaseMap;;;
Assets/Art/World/Fantasy_Kingdom_Pack/Meshes/Book01_h06.FBX;Universal Render Pipeline/Lit;_BaseMap;;;
Assets/Art/World/Fantasy_Kingdom_Pack/Meshes/Book01_h07.FBX;Universal Render Pipeline/Lit;_BaseMap;;;
Assets/Art/World/Fantasy_Kingdom_Pack/Meshes/Book01_h08.FBX;Universal Render Pipeline/Lit;_BaseMap;;;
Assets/Art/World/Fantasy_Kingdom_Pack/Meshes/Book01_h09.FBX;Universal Render Pipeline/Lit;_BaseMap;;;
Assets/Art/World/Fantasy_Kingdom_Pack/Meshes/Book01_i01.FBX;Universal Render Pipeline/Lit;_BaseMap;;;
Assets/Art/World/Fantasy_Kingdom_Pack/Meshes/Book01_i02.FBX;Universal Render Pipeline/Lit;_BaseMap;;;
Assets/Art/World/Fantasy_Kingdom_Pack/Meshes/Book01_i03.FBX;Universal Render Pipeline/Lit;_BaseMap;;;
Assets/Art/World/Fantasy_Kingdom_Pack/Meshes/Book01_i04.FBX;Universal Render Pipeline/Lit;_BaseMap;;;
Assets/Art/World/Fantasy_Kingdom_Pack/Meshes/Book01_i05.FBX;Universal Render Pipeline/Lit;_BaseMap;;;
Assets/Art/World/Fantasy_Kingdom_Pack/Meshes/Book01_i06.FBX;Universal Render Pipeline/Lit;_BaseMap;;;
Assets/Art/World/Fantasy_Kingdom_Pack/Meshes/Book01_i07.FBX;Universal Render Pipeline/Lit;_BaseMap;;;
Assets/Art/World/Fantasy_Kingdom_Pack/Meshes/Book01_i08.FBX;Universal Render Pipeline/Lit;_BaseMap;;;
Assets/Art/World/Fantasy_Kingdom_Pack/Meshes/Book01_i09.FBX;Universal Render Pipeline/Lit;_BaseMap;;;
Assets/Art/World/Fantasy_Kingdom_Pack/Meshes/Book01_i10.FBX;Universal Render Pipeline/Lit;_BaseMap;;;
Assets/Art/World/Fantasy_Kingdom_Pack/Meshes/Book01_j01.FBX;Universal Render Pipeline/Lit;_BaseMap;;;
Assets/Art/World/Fantasy_Kingdom_Pack/Meshes/Book01_j02.FBX;Universal Render Pipeline/Lit;_BaseMap;;;
Assets/Art/World/Fantasy_Kingdom_Pack/Meshes/Book01_j03.FBX;Universal Render Pipeline/Lit;_BaseMap;;;
Assets/Art/World/Fantasy_Kingdom_Pack/Meshes/Book01_j04.FBX;Universal Render Pipeline/Lit;_BaseMap;;;
Assets/Art/World/Fantasy_Kingdom_Pack/Meshes/Book01_j05.FBX;Universal Render Pipeline/Lit;_BaseMap;;;
Assets/Art/World/Fantasy_Kingdom_Pack/Meshes/Book01_j06.FBX;Universal Render Pipeline/Lit;_BaseMap;;;
Assets/Art/World/Fantasy_Kingdom_Pack/Meshes/Book01_j07.FBX;Universal Render Pipeline/Lit;_BaseMap;;;
Assets/Art/World/Fantasy_Kingdom_Pack/Meshes/Book01_j08.FBX;Universal Render Pipeline/Lit;_BaseMap;;;
Assets/Art/World/Fantasy_Kingdom_Pack/Meshes/Book01_j09.FBX;Universal Render Pipeline/Lit;_BaseMap;;;
Assets/Art/World/Fantasy_Kingdom_Pack/Meshes/Book01_k01.FBX;Universal Render Pipeline/Lit;_BaseMap;;;
Assets/Art/World/Fantasy_Kingdom_Pack/Meshes/Book01_k02.FBX;Universal Render Pipeline/Lit;_BaseMap;;;
Assets/Art/World/Fantasy_Kingdom_Pack/Meshes/Book01_k03.FBX;Universal Render Pipeline/Lit;_BaseMap;;;
Assets/Art/World/Fantasy_Kingdom_Pack/Meshes/Book01_k04.FBX;Universal Render Pipeline/Lit;_BaseMap;;;
Assets/Art/World/Fantasy_Kingdom_Pack/Meshes/Book01_k05.FBX;Universal Render Pipeline/Lit;_BaseMap;;;
Assets/Art/World/Fantasy_Kingdom_Pack/Meshes/Book01_k06.FBX;Universal Render Pipeline/Lit;_BaseMap;;;
Assets/Art/World/Fantasy_Kingdom_Pack/Meshes/Book01_k07.FBX;Universal Render Pipeline/Lit;_BaseMap;;;
Assets/Art/World/Fantasy_Kingdom_Pack/Meshes/Book01_k08.FBX;Universal Render Pipeline/Lit;_BaseMap;;;
Assets/Art/World/Fantasy_Kingdom_Pack/Meshes/Book01_k09.FBX;Universal Render Pipeline/Lit;_BaseMap;;;
Assets/Art/World/Fantasy_Kingdom_Pack/Meshes/Book01_k10.FBX;Universal Render Pipeline/Lit;_BaseMap;;;
Assets/Art/World/Fantasy_Kingdom_Pack/Meshes/Bowl01_a01.FBX;Universal Render Pipeline/Lit;_BaseMap;;;
Assets/Art/World/Fantasy_Kingdom_Pack/Meshes/Bowl01_a02.FBX;Universal Render Pipeline/Lit;_BaseMap;;;
Assets/Art/World/Fantasy_Kingdom_Pack/Meshes/Bowl01_b01.FBX;Universal Render Pipeline/Lit;_BaseMap;;;
Assets/Art/World/Fantasy_Kingdom_Pack/Meshes/Bowl01_b02.FBX;Universal Render Pipeline/Lit;_BaseMap;;;
Assets/Art/World/Fantasy_Kingdom_Pack/Meshes/Bowl01_c01.FBX;Universal Render Pipeline/Lit;_BaseMap;;;
Assets/Art/World/Fantasy_Kingdom_Pack/Meshes/Bowl01_c02.FBX;Universal Render Pipeline/Lit;_BaseMap;;;
Assets/Art/World/Fantasy_Kingdom_Pack/Meshes/Bread01_a01.FBX;Universal Render Pipeline/Lit;_BaseMap;;;
Assets/Art/World/Fantasy_Kingdom_Pack/Meshes/Bread02_a01.FBX;Universal Render Pipeline/Lit;_BaseMap;;;
Assets/Art/World/Fantasy_Kingdom_Pack/Meshes/Brick01_a01.FBX;Universal Render Pipeline/Lit;_BaseMap;;;
Assets/Art/World/Fantasy_Kingdom_Pack/Meshes/Brick01_b01.FBX;Universal Render Pipeline/Lit;_BaseMap;;;
Assets/Art/World/Fantasy_Kingdom_Pack/Meshes/Bridge01_a01.FBX;Universal Render Pipeline/Lit;_BaseMap;;;
Assets/Art/World/Fantasy_Kingdom_Pack/Meshes/Bridge01_b01.FBX;Universal Render Pipeline/Lit;_BaseMap;;;
Assets/Art/World/Fantasy_Kingdom_Pack/Meshes/Bridge01_c01.FBX;Universal Render Pipeline/Lit;_BaseMap;;;
Assets/Art/World/Fantasy_Kingdom_Pack/Meshes/Bridge01_d01.FBX;Universal Render Pipeline/Lit;_BaseMap;;;
Assets/Art/World/Fantasy_Kingdom_Pack/Meshes/Bridge02_a01.FBX;Universal Render Pipeline/Lit;_BaseMap;;;
Assets/Art/World/Fantasy_Kingdom_Pack/Meshes/Bridge02_b01.FBX;Universal Render Pipeline/Lit;_BaseMap;;;
Assets/Art/World/Fantasy_Kingdom_Pack/Meshes/Bridge02_c01.FBX;Universal Render Pipeline/Lit;_BaseMap;;;
Assets/Art/World/Fantasy_Kingdom_Pack/Meshes/Bridge02_d01.FBX;Universal Render Pipeline/Lit;_BaseMap;;;
Assets/Art/World/Fantasy_Kingdom_Pack/Meshes/Bridge03_a01.FBX;Universal Render Pipeline/Lit;_BaseMap;;;
Assets/Art/World/Fantasy_Kingdom_Pack/Meshes/Bridge03_b01.FBX;Universal Render Pipeline/Lit;_BaseMap;;;
Assets/Art/World/Fantasy_Kingdom_Pack/Meshes/Bridge04_a01.FBX;Universal Render Pipeline/Lit;_BaseMap;;;
Assets/Art/World/Fantasy_Kingdom_Pack/Meshes/Bridge04_b01.FBX;Universal Render Pipeline/Lit;_BaseMap;;;
Assets/Art/World/Fantasy_Kingdom_Pack/Meshes/Bridge04_c01.FBX;Universal Render Pipeline/Lit;_BaseMap;;;
Assets/Art/World/Fantasy_Kingdom_Pack/Meshes/Bridge04_d01.FBX;Universal Render Pipeline/Lit;_BaseMap;;;
Assets/Art/World/Fantasy_Kingdom_Pack/Meshes/Bridge05_a01.FBX;Universal Render Pipeline/Lit;_BaseMap;;;
Assets/Art/World/Fantasy_Kingdom_Pack/Meshes/Bridge05_b01.FBX;Universal Render Pipeline/Lit;_BaseMap;;;
Assets/Art/World/Fantasy_Kingdom_Pack/Meshes/Building01.FBX;Universal Render Pipeline/Lit;_BaseMap;;;
Assets/Art/World/Fantasy_Kingdom_Pack/Meshes/Building01_a01.FBX;Universal Render Pipeline/Lit;_BaseMap;;;
Assets/Art/World/Fantasy_Kingdom_Pack/Meshes/Building01_a02.FBX;Universal Render Pipeline/Lit;_BaseMap;;;
Assets/Art/World/Fantasy_Kingdom_Pack/Meshes/Building01_a03.FBX;Universal Render Pipeline/Lit;_BaseMap;;;
Assets/Art/World/Fantasy_Kingdom_Pack/Meshes/Building01_a04.FBX;Universal Render Pipeline/Lit;_BaseMap;;;
Assets/Art/World/Fantasy_Kingdom_Pack/Meshes/Building01_a05.FBX;Universal Render Pipeline/Lit;_BaseMap;;;
Assets/Art/World/Fantasy_Kingdom_Pack/Meshes/Building01_a06.FBX;Universal Render Pipeline/Lit;_BaseMap;;;
Assets/Art/World/Fantasy_Kingdom_Pack/Meshes/Building01_a07.FBX;Universal Render Pipeline/Lit;_BaseMap;;;
Assets/Art/World/Fantasy_Kingdom_Pack/Meshes/Building01_a08.FBX;Universal Render Pipeline/Lit;_BaseMap;;;
Assets/Art/World/Fantasy_Kingdom_Pack/Meshes/Building01_b01.FBX;Universal Render Pipeline/Lit;_BaseMap;;;
Assets/Art/World/Fantasy_Kingdom_Pack/Meshes/Building01_b02.FBX;Universal Render Pipeline/Lit;_BaseMap;;;
Assets/Art/World/Fantasy_Kingdom_Pack/Meshes/Building01_b03.FBX;Universal Render Pipeline/Lit;_BaseMap;;;
Assets/Art/World/Fantasy_Kingdom_Pack/Meshes/Building01_b04.FBX;Universal Render Pipeline/Lit;_BaseMap;;;
Assets/Art/World/Fantasy_Kingdom_Pack/Meshes/Building01_b05.FBX;Universal Render Pipeline/Lit;_BaseMap;;;
Assets/Art/World/Fantasy_Kingdom_Pack/Meshes/Building01_b06.FBX;Universal Render Pipeline/Lit;_BaseMap;;;
Assets/Art/World/Fantasy_Kingdom_Pack/Meshes/Building01_b07.FBX;Universal Render Pipeline/Lit;_BaseMap;;;
Assets/Art/World/Fantasy_Kingdom_Pack/Meshes/Building01_b08.FBX;Universal Render Pipeline/Lit;_BaseMap;;;
Assets/Art/World/Fantasy_Kingdom_Pack/Meshes/Building01_c01.FBX;Universal Render Pipeline/Lit;_BaseMap;;;
Assets/Art/World/Fantasy_Kingdom_Pack/Meshes/Building01_c02.FBX;Universal Render Pipeline/Lit;_BaseMap;;;
Assets/Art/World/Fantasy_Kingdom_Pack/Meshes/Building01_c04.FBX;Universal Render Pipeline/Lit;_BaseMap;;;
Assets/Art/World/Fantasy_Kingdom_Pack/Meshes/Building01_c05.FBX;Universal Render Pipeline/Lit;_BaseMap;;;
Assets/Art/World/Fantasy_Kingdom_Pack/Meshes/Building01_c06.FBX;Universal Render Pipeline/Lit;_BaseMap;;;
Assets/Art/World/Fantasy_Kingdom_Pack/Meshes/Building01_c07.FBX;Universal Render Pipeline/Lit;_BaseMap;;;
Assets/Art/World/Fantasy_Kingdom_Pack/Meshes/Building01_c08.FBX;Universal Render Pipeline/Lit;_BaseMap;;;
Assets/Art/World/Fantasy_Kingdom_Pack/Meshes/Building01_d01.FBX;Universal Render Pipeline/Lit;_BaseMap;;;
Assets/Art/World/Fantasy_Kingdom_Pack/Meshes/Building01_d02.FBX;Universal Render Pipeline/Lit;_BaseMap;;;
Assets/Art/World/Fantasy_Kingdom_Pack/Meshes/Building01_d03.FBX;Universal Render Pipeline/Lit;_BaseMap;;;
Assets/Art/World/Fantasy_Kingdom_Pack/Meshes/Building01_d04.FBX;Universal Render Pipeline/Lit;_BaseMap;;;
Assets/Art/World/Fantasy_Kingdom_Pack/Meshes/Building01_d05.FBX;Universal Render Pipeline/Lit;_BaseMap;;;
Assets/Art/World/Fantasy_Kingdom_Pack/Meshes/Building01_d06.FBX;Universal Render Pipeline/Lit;_BaseMap;;;
Assets/Art/World/Fantasy_Kingdom_Pack/Meshes/Building01_d07.FBX;Universal Render Pipeline/Lit;_BaseMap;;;
Assets/Art/World/Fantasy_Kingdom_Pack/Meshes/Building01_d08.FBX;Universal Render Pipeline/Lit;_BaseMap;;;
Assets/Art/World/Fantasy_Kingdom_Pack/Meshes/Building01_e01.FBX;Universal Render Pipeline/Lit;_BaseMap;;;
Assets/Art/World/Fantasy_Kingdom_Pack/Meshes/Building01_e02.FBX;Universal Render Pipeline/Lit;_BaseMap;;;
Assets/Art/World/Fantasy_Kingdom_Pack/Meshes/Building01_e03.FBX;Universal Render Pipeline/Lit;_BaseMap;;;
Assets/Art/World/Fantasy_Kingdom_Pack/Meshes/Building01_e04.FBX;Universal Render Pipeline/Lit;_BaseMap;;;
Assets/Art/World/Fantasy_Kingdom_Pack/Meshes/Building01_e05.FBX;Universal Render Pipeline/Lit;_BaseMap;;;
Assets/Art/World/Fantasy_Kingdom_Pack/Meshes/Building01_e06.FBX;Universal Render Pipeline/Lit;_BaseMap;;;
Assets/Art/World/Fantasy_Kingdom_Pack/Meshes/Building01_e07.FBX;Universal Render Pipeline/Lit;_BaseMap;;;
Assets/Art/World/Fantasy_Kingdom_Pack/Meshes/Building01_e08.FBX;Universal Render Pipeline/Lit;_BaseMap;;;
Assets/Art/World/Fantasy_Kingdom_Pack/Meshes/Building02.FBX;Universal Render Pipeline/Lit;_BaseMap;;;
Assets/Art/World/Fantasy_Kingdom_Pack/Meshes/Building02_a01.FBX;Universal Render Pipeline/Lit;_BaseMap;;;
Assets/Art/World/Fantasy_Kingdom_Pack/Meshes/Building02_a02.FBX;Universal Render Pipeline/Lit;_BaseMap;;;
Assets/Art/World/Fantasy_Kingdom_Pack/Meshes/Building02_a03.FBX;Universal Render Pipeline/Lit;_BaseMap;;;
Assets/Art/World/Fantasy_Kingdom_Pack/Meshes/Building02_a04.FBX;Universal Render Pipeline/Lit;_BaseMap;;;
Assets/Art/World/Fantasy_Kingdom_Pack/Meshes/Building02_a05.FBX;Universal Render Pipeline/Lit;_BaseMap;;;
Assets/Art/World/Fantasy_Kingdom_Pack/Meshes/Building02_a06.FBX;Universal Render Pipeline/Lit;_BaseMap;;;
Assets/Art/World/Fantasy_Kingdom_Pack/Meshes/Building02_a07.FBX;Universal Render Pipeline/Lit;_BaseMap;;;
Assets/Art/World/Fantasy_Kingdom_Pack/Meshes/Building02_a08.FBX;Universal Render Pipeline/Lit;_BaseMap;;;
Assets/Art/World/Fantasy_Kingdom_Pack/Meshes/Building02_b01.FBX;Universal Render Pipeline/Lit;_BaseMap;;;
Assets/Art/World/Fantasy_Kingdom_Pack/Meshes/Building02_b02.FBX;Universal Render Pipeline/Lit;_BaseMap;;;
Assets/Art/World/Fantasy_Kingdom_Pack/Meshes/Building02_b03.FBX;Universal Render Pipeline/Lit;_BaseMap;;;
Assets/Art/World/Fantasy_Kingdom_Pack/Meshes/Building02_b04.FBX;Universal Render Pipeline/Lit;_BaseMap;;;
Assets/Art/World/Fantasy_Kingdom_Pack/Meshes/Building02_b05.FBX;Universal Render Pipeline/Lit;_BaseMap;;;
Assets/Art/World/Fantasy_Kingdom_Pack/Meshes/Building02_b06.FBX;Universal Render Pipeline/Lit;_BaseMap;;;
Assets/Art/World/Fantasy_Kingdom_Pack/Meshes/Building02_b07.FBX;Universal Render Pipeline/Lit;_BaseMap;;;
Assets/Art/World/Fantasy_Kingdom_Pack/Meshes/Building02_b08.FBX;Universal Render Pipeline/Lit;_BaseMap;;;
Assets/Art/World/Fantasy_Kingdom_Pack/Meshes/Building02_c01.FBX;Universal Render Pipeline/Lit;_BaseMap;;;
Assets/Art/World/Fantasy_Kingdom_Pack/Meshes/Building02_c02.FBX;Universal Render Pipeline/Lit;_BaseMap;;;
Assets/Art/World/Fantasy_Kingdom_Pack/Meshes/Building02_c03.FBX;Universal Render Pipeline/Lit;_BaseMap;;;
Assets/Art/World/Fantasy_Kingdom_Pack/Meshes/Building02_c04.FBX;Universal Render Pipeline/Lit;_BaseMap;;;
Assets/Art/World/Fantasy_Kingdom_Pack/Meshes/Building02_c05.FBX;Universal Render Pipeline/Lit;_BaseMap;;;
Assets/Art/World/Fantasy_Kingdom_Pack/Meshes/Building02_c06.FBX;Universal Render Pipeline/Lit;_BaseMap;;;
Assets/Art/World/Fantasy_Kingdom_Pack/Meshes/Building02_c07.FBX;Universal Render Pipeline/Lit;_BaseMap;;;
Assets/Art/World/Fantasy_Kingdom_Pack/Meshes/Building02_c08.FBX;Universal Render Pipeline/Lit;_BaseMap;;;
Assets/Art/World/Fantasy_Kingdom_Pack/Meshes/Building02_d01.FBX;Universal Render Pipeline/Lit;_BaseMap;;;
Assets/Art/World/Fantasy_Kingdom_Pack/Meshes/Building02_d02.FBX;Universal Render Pipeline/Lit;_BaseMap;;;
Assets/Art/World/Fantasy_Kingdom_Pack/Meshes/Building02_d03.FBX;Universal Render Pipeline/Lit;_BaseMap;;;
Assets/Art/World/Fantasy_Kingdom_Pack/Meshes/Building02_d04.FBX;Universal Render Pipeline/Lit;_BaseMap;;;
Assets/Art/World/Fantasy_Kingdom_Pack/Meshes/Building02_d05.FBX;Universal Render Pipeline/Lit;_BaseMap;;;
Assets/Art/World/Fantasy_Kingdom_Pack/Meshes/Building02_d06.FBX;Universal Render Pipeline/Lit;_BaseMap;;;
Assets/Art/World/Fantasy_Kingdom_Pack/Meshes/Building02_d07.FBX;Universal Render Pipeline/Lit;_BaseMap;;;
Assets/Art/World/Fantasy_Kingdom_Pack/Meshes/Building02_d08.FBX;Universal Render Pipeline/Lit;_BaseMap;;;
Assets/Art/World/Fantasy_Kingdom_Pack/Meshes/Building02_e01.FBX;Universal Render Pipeline/Lit;_BaseMap;;;
Assets/Art/World/Fantasy_Kingdom_Pack/Meshes/Building02_e02.FBX;Universal Render Pipeline/Lit;_BaseMap;;;
Assets/Art/World/Fantasy_Kingdom_Pack/Meshes/Building02_e03.FBX;Universal Render Pipeline/Lit;_BaseMap;;;
Assets/Art/World/Fantasy_Kingdom_Pack/Meshes/Building02_e04.FBX;Universal Render Pipeline/Lit;_BaseMap;;;
Assets/Art/World/Fantasy_Kingdom_Pack/Meshes/Building02_e05.FBX;Universal Render Pipeline/Lit;_BaseMap;;;
Assets/Art/World/Fantasy_Kingdom_Pack/Meshes/Building02_e06.FBX;Universal Render Pipeline/Lit;_BaseMap;;;
Assets/Art/World/Fantasy_Kingdom_Pack/Meshes/Building02_e07.FBX;Universal Render Pipeline/Lit;_BaseMap;;;
Assets/Art/World/Fantasy_Kingdom_Pack/Meshes/Building02_e08.FBX;Universal Render Pipeline/Lit;_BaseMap;;;
Assets/Art/World/Fantasy_Kingdom_Pack/Meshes/Building03.FBX;Universal Render Pipeline/Lit;_BaseMap;;;
Assets/Art/World/Fantasy_Kingdom_Pack/Meshes/Building03_a01.FBX;Universal Render Pipeline/Lit;_BaseMap;;;
Assets/Art/World/Fantasy_Kingdom_Pack/Meshes/Building03_a02.FBX;Universal Render Pipeline/Lit;_BaseMap;;;
Assets/Art/World/Fantasy_Kingdom_Pack/Meshes/Building03_a03.FBX;Universal Render Pipeline/Lit;_BaseMap;;;
Assets/Art/World/Fantasy_Kingdom_Pack/Meshes/Building03_a04.FBX;Universal Render Pipeline/Lit;_BaseMap;;;
Assets/Art/World/Fantasy_Kingdom_Pack/Meshes/Building03_a05.FBX;Universal Render Pipeline/Lit;_BaseMap;;;
Assets/Art/World/Fantasy_Kingdom_Pack/Meshes/Building03_a06.FBX;Universal Render Pipeline/Lit;_BaseMap;;;
Assets/Art/World/Fantasy_Kingdom_Pack/Meshes/Building03_a07.FBX;Universal Render Pipeline/Lit;_BaseMap;;;
Assets/Art/World/Fantasy_Kingdom_Pack/Meshes/Building03_a08.FBX;Universal Render Pipeline/Lit;_BaseMap;;;
Assets/Art/World/Fantasy_Kingdom_Pack/Meshes/Building03_b01.FBX;Universal Render Pipeline/Lit;_BaseMap;;;
Assets/Art/World/Fantasy_Kingdom_Pack/Meshes/Building03_b02.FBX;Universal Render Pipeline/Lit;_BaseMap;;;
Assets/Art/World/Fantasy_Kingdom_Pack/Meshes/Building03_b03.FBX;Universal Render Pipeline/Lit;_BaseMap;;;
Assets/Art/World/Fantasy_Kingdom_Pack/Meshes/Building03_b04.FBX;Universal Render Pipeline/Lit;_BaseMap;;;
Assets/Art/World/Fantasy_Kingdom_Pack/Meshes/Building03_b05.FBX;Universal Render Pipeline/Lit;_BaseMap;;;
Assets/Art/World/Fantasy_Kingdom_Pack/Meshes/Building03_b06.FBX;Universal Render Pipeline/Lit;_BaseMap;;;
Assets/Art/World/Fantasy_Kingdom_Pack/Meshes/Building03_b07.FBX;Universal Render Pipeline/Lit;_BaseMap;;;
Assets/Art/World/Fantasy_Kingdom_Pack/Meshes/Building03_b08.FBX;Universal Render Pipeline/Lit;_BaseMap;;;
Assets/Art/World/Fantasy_Kingdom_Pack/Meshes/Building03_c01.FBX;Universal Render Pipeline/Lit;_BaseMap;;;
Assets/Art/World/Fantasy_Kingdom_Pack/Meshes/Building03_c02.FBX;Universal Render Pipeline/Lit;_BaseMap;;;
Assets/Art/World/Fantasy_Kingdom_Pack/Meshes/Building03_c03.FBX;Universal Render Pipeline/Lit;_BaseMap;;;
Assets/Art/World/Fantasy_Kingdom_Pack/Meshes/Building03_c04.FBX;Universal Render Pipeline/Lit;_BaseMap;;;
Assets/Art/World/Fantasy_Kingdom_Pack/Meshes/Building03_c05.FBX;Universal Render Pipeline/Lit;_BaseMap;;;
Assets/Art/World/Fantasy_Kingdom_Pack/Meshes/Building03_c06.FBX;Universal Render Pipeline/Lit;_BaseMap;;;
Assets/Art/World/Fantasy_Kingdom_Pack/Meshes/Building03_c07.FBX;Universal Render Pipeline/Lit;_BaseMap;;;
Assets/Art/World/Fantasy_Kingdom_Pack/Meshes/Building03_c08.FBX;Universal Render Pipeline/Lit;_BaseMap;;;
Assets/Art/World/Fantasy_Kingdom_Pack/Meshes/Building03_d01.FBX;Universal Render Pipeline/Lit;_BaseMap;;;
Assets/Art/World/Fantasy_Kingdom_Pack/Meshes/Building03_d02.FBX;Universal Render Pipeline/Lit;_BaseMap;;;
Assets/Art/World/Fantasy_Kingdom_Pack/Meshes/Building03_d03.FBX;Universal Render Pipeline/Lit;_BaseMap;;;
Assets/Art/World/Fantasy_Kingdom_Pack/Meshes/Building03_d04.FBX;Universal Render Pipeline/Lit;_BaseMap;;;
Assets/Art/World/Fantasy_Kingdom_Pack/Meshes/Building03_d05.FBX;Universal Render Pipeline/Lit;_BaseMap;;;
Assets/Art/World/Fantasy_Kingdom_Pack/Meshes/Building03_d06.FBX;Universal Render Pipeline/Lit;_BaseMap;;;
Assets/Art/World/Fantasy_Kingdom_Pack/Meshes/Building03_d07.FBX;Universal Render Pipeline/Lit;_BaseMap;;;
Assets/Art/World/Fantasy_Kingdom_Pack/Meshes/Building03_d08.FBX;Universal Render Pipeline/Lit;_BaseMap;;;
Assets/Art/World/Fantasy_Kingdom_Pack/Meshes/Building03_e01.FBX;Universal Render Pipeline/Lit;_BaseMap;;;
Assets/Art/World/Fantasy_Kingdom_Pack/Meshes/Building03_e02.FBX;Universal Render Pipeline/Lit;_BaseMap;;;
Assets/Art/World/Fantasy_Kingdom_Pack/Meshes/Building03_e03.FBX;Universal Render Pipeline/Lit;_BaseMap;;;
Assets/Art/World/Fantasy_Kingdom_Pack/Meshes/Building03_e04.FBX;Universal Render Pipeline/Lit;_BaseMap;;;
Assets/Art/World/Fantasy_Kingdom_Pack/Meshes/Building03_e05.FBX;Universal Render Pipeline/Lit;_BaseMap;;;
Assets/Art/World/Fantasy_Kingdom_Pack/Meshes/Building03_e06.FBX;Universal Render Pipeline/Lit;_BaseMap;;;
Assets/Art/World/Fantasy_Kingdom_Pack/Meshes/Building03_e07.FBX;Universal Render Pipeline/Lit;_BaseMap;;;
Assets/Art/World/Fantasy_Kingdom_Pack/Meshes/Building03_e08.FBX;Universal Render Pipeline/Lit;_BaseMap;;;
Assets/Art/World/Fantasy_Kingdom_Pack/Meshes/Building04.FBX;Universal Render Pipeline/Lit;_BaseMap;;;
Assets/Art/World/Fantasy_Kingdom_Pack/Meshes/Building04_a01.FBX;Universal Render Pipeline/Lit;_BaseMap;;;
Assets/Art/World/Fantasy_Kingdom_Pack/Meshes/Building04_a02.FBX;Universal Render Pipeline/Lit;_BaseMap;;;
Assets/Art/World/Fantasy_Kingdom_Pack/Meshes/Building04_a03.FBX;Universal Render Pipeline/Lit;_BaseMap;;;
Assets/Art/World/Fantasy_Kingdom_Pack/Meshes/Building04_a04.FBX;Universal Render Pipeline/Lit;_BaseMap;;;
Assets/Art/World/Fantasy_Kingdom_Pack/Meshes/Building04_a05.FBX;Universal Render Pipeline/Lit;_BaseMap;;;
Assets/Art/World/Fantasy_Kingdom_Pack/Meshes/Building04_a06.FBX;Universal Render Pipeline/Lit;_BaseMap;;;
Assets/Art/World/Fantasy_Kingdom_Pack/Meshes/Building04_a07.FBX;Universal Render Pipeline/Lit;_BaseMap;;;
Assets/Art/World/Fantasy_Kingdom_Pack/Meshes/Building04_a08.FBX;Universal Render Pipeline/Lit;_BaseMap;;;
Assets/Art/World/Fantasy_Kingdom_Pack/Meshes/Building04_b01.FBX;Universal Render Pipeline/Lit;_BaseMap;;;
Assets/Art/World/Fantasy_Kingdom_Pack/Meshes/Building04_b02.FBX;Universal Render Pipeline/Lit;_BaseMap;;;
Assets/Art/World/Fantasy_Kingdom_Pack/Meshes/Building04_b03.FBX;Universal Render Pipeline/Lit;_BaseMap;;;
Assets/Art/World/Fantasy_Kingdom_Pack/Meshes/Building04_b04.FBX;Universal Render Pipeline/Lit;_BaseMap;;;
Assets/Art/World/Fantasy_Kingdom_Pack/Meshes/Building04_b05.FBX;Universal Render Pipeline/Lit;_BaseMap;;;
Assets/Art/World/Fantasy_Kingdom_Pack/Meshes/Building04_b06.FBX;Universal Render Pipeline/Lit;_BaseMap;;;
Assets/Art/World/Fantasy_Kingdom_Pack/Meshes/Building04_b07.FBX;Universal Render Pipeline/Lit;_BaseMap;;;
Assets/Art/World/Fantasy_Kingdom_Pack/Meshes/Building04_b08.FBX;Universal Render Pipeline/Lit;_BaseMap;;;
Assets/Art/World/Fantasy_Kingdom_Pack/Meshes/Building04_c01.FBX;Universal Render Pipeline/Lit;_BaseMap;;;
Assets/Art/World/Fantasy_Kingdom_Pack/Meshes/Building04_c02.FBX;Universal Render Pipeline/Lit;_BaseMap;;;
Assets/Art/World/Fantasy_Kingdom_Pack/Meshes/Building04_c03.FBX;Universal Render Pipeline/Lit;_BaseMap;;;
Assets/Art/World/Fantasy_Kingdom_Pack/Meshes/Building04_c04.FBX;Universal Render Pipeline/Lit;_BaseMap;;;
Assets/Art/World/Fantasy_Kingdom_Pack/Meshes/Building04_c05.FBX;Universal Render Pipeline/Lit;_BaseMap;;;
Assets/Art/World/Fantasy_Kingdom_Pack/Meshes/Building04_c06.FBX;Universal Render Pipeline/Lit;_BaseMap;;;
Assets/Art/World/Fantasy_Kingdom_Pack/Meshes/Building04_c07.FBX;Universal Render Pipeline/Lit;_BaseMap;;;
Assets/Art/World/Fantasy_Kingdom_Pack/Meshes/Building04_c08.FBX;Universal Render Pipeline/Lit;_BaseMap;;;
Assets/Art/World/Fantasy_Kingdom_Pack/Meshes/Building04_d01.FBX;Universal Render Pipeline/Lit;_BaseMap;;;
Assets/Art/World/Fantasy_Kingdom_Pack/Meshes/Building04_d02.FBX;Universal Render Pipeline/Lit;_BaseMap;;;
Assets/Art/World/Fantasy_Kingdom_Pack/Meshes/Building04_d03.FBX;Universal Render Pipeline/Lit;_BaseMap;;;
Assets/Art/World/Fantasy_Kingdom_Pack/Meshes/Building04_d04.FBX;Universal Render Pipeline/Lit;_BaseMap;;;
Assets/Art/World/Fantasy_Kingdom_Pack/Meshes/Building04_d05.FBX;Universal Render Pipeline/Lit;_BaseMap;;;
Assets/Art/World/Fantasy_Kingdom_Pack/Meshes/Building04_d06.FBX;Universal Render Pipeline/Lit;_BaseMap;;;
Assets/Art/World/Fantasy_Kingdom_Pack/Meshes/Building04_d07.FBX;Universal Render Pipeline/Lit;_BaseMap;;;
Assets/Art/World/Fantasy_Kingdom_Pack/Meshes/Building04_d08.FBX;Universal Render Pipeline/Lit;_BaseMap;;;
Assets/Art/World/Fantasy_Kingdom_Pack/Meshes/Building04_e01.FBX;Universal Render Pipeline/Lit;_BaseMap;;;
Assets/Art/World/Fantasy_Kingdom_Pack/Meshes/Building04_e02.FBX;Universal Render Pipeline/Lit;_BaseMap;;;
Assets/Art/World/Fantasy_Kingdom_Pack/Meshes/Building04_e03.FBX;Universal Render Pipeline/Lit;_BaseMap;;;
Assets/Art/World/Fantasy_Kingdom_Pack/Meshes/Building04_e04.FBX;Universal Render Pipeline/Lit;_BaseMap;;;
Assets/Art/World/Fantasy_Kingdom_Pack/Meshes/Building04_e05.FBX;Universal Render Pipeline/Lit;_BaseMap;;;
Assets/Art/World/Fantasy_Kingdom_Pack/Meshes/Building04_e06.FBX;Universal Render Pipeline/Lit;_BaseMap;;;
Assets/Art/World/Fantasy_Kingdom_Pack/Meshes/Building04_e07.FBX;Universal Render Pipeline/Lit;_BaseMap;;;
Assets/Art/World/Fantasy_Kingdom_Pack/Meshes/Building04_e08.FBX;Universal Render Pipeline/Lit;_BaseMap;;;
Assets/Art/World/Fantasy_Kingdom_Pack/Meshes/Building05.FBX;Universal Render Pipeline/Lit;_BaseMap;;;
Assets/Art/World/Fantasy_Kingdom_Pack/Meshes/Building05_a01.FBX;Universal Render Pipeline/Lit;_BaseMap;;;
Assets/Art/World/Fantasy_Kingdom_Pack/Meshes/Building05_a02.FBX;Universal Render Pipeline/Lit;_BaseMap;;;
Assets/Art/World/Fantasy_Kingdom_Pack/Meshes/Building05_a03.FBX;Universal Render Pipeline/Lit;_BaseMap;;;
Assets/Art/World/Fantasy_Kingdom_Pack/Meshes/Building05_a04.FBX;Universal Render Pipeline/Lit;_BaseMap;;;
Assets/Art/World/Fantasy_Kingdom_Pack/Meshes/Building05_a05.FBX;Universal Render Pipeline/Lit;_BaseMap;;;
Assets/Art/World/Fantasy_Kingdom_Pack/Meshes/Building05_a06.FBX;Universal Render Pipeline/Lit;_BaseMap;;;
Assets/Art/World/Fantasy_Kingdom_Pack/Meshes/Building05_a07.FBX;Universal Render Pipeline/Lit;_BaseMap;;;
Assets/Art/World/Fantasy_Kingdom_Pack/Meshes/Building05_a08.FBX;Universal Render Pipeline/Lit;_BaseMap;;;
Assets/Art/World/Fantasy_Kingdom_Pack/Meshes/Building05_b01.FBX;Universal Render Pipeline/Lit;_BaseMap;;;
Assets/Art/World/Fantasy_Kingdom_Pack/Meshes/Building05_b02.FBX;Universal Render Pipeline/Lit;_BaseMap;;;
Assets/Art/World/Fantasy_Kingdom_Pack/Meshes/Building05_b03.FBX;Universal Render Pipeline/Lit;_BaseMap;;;
Assets/Art/World/Fantasy_Kingdom_Pack/Meshes/Building05_b04.FBX;Universal Render Pipeline/Lit;_BaseMap;;;
Assets/Art/World/Fantasy_Kingdom_Pack/Meshes/Building05_b05.FBX;Universal Render Pipeline/Lit;_BaseMap;;;
Assets/Art/World/Fantasy_Kingdom_Pack/Meshes/Building05_b06.FBX;Universal Render Pipeline/Lit;_BaseMap;;;
Assets/Art/World/Fantasy_Kingdom_Pack/Meshes/Building05_b07.FBX;Universal Render Pipeline/Lit;_BaseMap;;;
Assets/Art/World/Fantasy_Kingdom_Pack/Meshes/Building05_b08.FBX;Universal Render Pipeline/Lit;_BaseMap;;;
Assets/Art/World/Fantasy_Kingdom_Pack/Meshes/Building05_c01.FBX;Universal Render Pipeline/Lit;_BaseMap;;;
Assets/Art/World/Fantasy_Kingdom_Pack/Meshes/Building05_c02.FBX;Universal Render Pipeline/Lit;_BaseMap;;;
Assets/Art/World/Fantasy_Kingdom_Pack/Meshes/Building05_c03.FBX;Universal Render Pipeline/Lit;_BaseMap;;;
Assets/Art/World/Fantasy_Kingdom_Pack/Meshes/Building05_c04.FBX;Universal Render Pipeline/Lit;_BaseMap;;;
Assets/Art/World/Fantasy_Kingdom_Pack/Meshes/Building05_c05.FBX;Universal Render Pipeline/Lit;_BaseMap;;;
Assets/Art/World/Fantasy_Kingdom_Pack/Meshes/Building05_c06.FBX;Universal Render Pipeline/Lit;_BaseMap;;;
Assets/Art/World/Fantasy_Kingdom_Pack/Meshes/Building05_c07.FBX;Universal Render Pipeline/Lit;_BaseMap;;;
Assets/Art/World/Fantasy_Kingdom_Pack/Meshes/Building05_c08.FBX;Universal Render Pipeline/Lit;_BaseMap;;;
Assets/Art/World/Fantasy_Kingdom_Pack/Meshes/Building05_d01.FBX;Universal Render Pipeline/Lit;_BaseMap;;;
Assets/Art/World/Fantasy_Kingdom_Pack/Meshes/Building05_d02.FBX;Universal Render Pipeline/Lit;_BaseMap;;;
Assets/Art/World/Fantasy_Kingdom_Pack/Meshes/Building05_d03.FBX;Universal Render Pipeline/Lit;_BaseMap;;;
Assets/Art/World/Fantasy_Kingdom_Pack/Meshes/Building05_d04.FBX;Universal Render Pipeline/Lit;_BaseMap;;;
Assets/Art/World/Fantasy_Kingdom_Pack/Meshes/Building05_d05.FBX;Universal Render Pipeline/Lit;_BaseMap;;;
Assets/Art/World/Fantasy_Kingdom_Pack/Meshes/Building05_d06.FBX;Universal Render Pipeline/Lit;_BaseMap;;;
Assets/Art/World/Fantasy_Kingdom_Pack/Meshes/Building05_d07.FBX;Universal Render Pipeline/Lit;_BaseMap;;;
Assets/Art/World/Fantasy_Kingdom_Pack/Meshes/Building05_d08.FBX;Universal Render Pipeline/Lit;_BaseMap;;;
Assets/Art/World/Fantasy_Kingdom_Pack/Meshes/Building05_e01.FBX;Universal Render Pipeline/Lit;_BaseMap;;;
Assets/Art/World/Fantasy_Kingdom_Pack/Meshes/Building05_e02.FBX;Universal Render Pipeline/Lit;_BaseMap;;;
Assets/Art/World/Fantasy_Kingdom_Pack/Meshes/Building05_e03.FBX;Universal Render Pipeline/Lit;_BaseMap;;;
Assets/Art/World/Fantasy_Kingdom_Pack/Meshes/Building05_e04.FBX;Universal Render Pipeline/Lit;_BaseMap;;;
Assets/Art/World/Fantasy_Kingdom_Pack/Meshes/Building05_e05.FBX;Universal Render Pipeline/Lit;_BaseMap;;;
Assets/Art/World/Fantasy_Kingdom_Pack/Meshes/Building05_e06.FBX;Universal Render Pipeline/Lit;_BaseMap;;;
Assets/Art/World/Fantasy_Kingdom_Pack/Meshes/Building05_e07.FBX;Universal Render Pipeline/Lit;_BaseMap;;;
Assets/Art/World/Fantasy_Kingdom_Pack/Meshes/Building05_e08.FBX;Universal Render Pipeline/Lit;_BaseMap;;;
Assets/Art/World/Fantasy_Kingdom_Pack/Meshes/Building06.FBX;Universal Render Pipeline/Lit;_BaseMap;;;
Assets/Art/World/Fantasy_Kingdom_Pack/Meshes/Building06_a01.FBX;Universal Render Pipeline/Lit;_BaseMap;;;
Assets/Art/World/Fantasy_Kingdom_Pack/Meshes/Building06_a02.FBX;Universal Render Pipeline/Lit;_BaseMap;;;
Assets/Art/World/Fantasy_Kingdom_Pack/Meshes/Building06_a03.FBX;Universal Render Pipeline/Lit;_BaseMap;;;
Assets/Art/World/Fantasy_Kingdom_Pack/Meshes/Building06_a04.FBX;Universal Render Pipeline/Lit;_BaseMap;;;
Assets/Art/World/Fantasy_Kingdom_Pack/Meshes/Building06_a05.FBX;Universal Render Pipeline/Lit;_BaseMap;;;
Assets/Art/World/Fantasy_Kingdom_Pack/Meshes/Building06_a06.FBX;Universal Render Pipeline/Lit;_BaseMap;;;
Assets/Art/World/Fantasy_Kingdom_Pack/Meshes/Building06_a07.FBX;Universal Render Pipeline/Lit;_BaseMap;;;
Assets/Art/World/Fantasy_Kingdom_Pack/Meshes/Building06_a08.FBX;Universal Render Pipeline/Lit;_BaseMap;;;
Assets/Art/World/Fantasy_Kingdom_Pack/Meshes/Building06_b01.FBX;Universal Render Pipeline/Lit;_BaseMap;;;
Assets/Art/World/Fantasy_Kingdom_Pack/Meshes/Building06_b02.FBX;Universal Render Pipeline/Lit;_BaseMap;;;
Assets/Art/World/Fantasy_Kingdom_Pack/Meshes/Building06_b03.FBX;Universal Render Pipeline/Lit;_BaseMap;;;
Assets/Art/World/Fantasy_Kingdom_Pack/Meshes/Building06_b04.FBX;Universal Render Pipeline/Lit;_BaseMap;;;
Assets/Art/World/Fantasy_Kingdom_Pack/Meshes/Building06_b05.FBX;Universal Render Pipeline/Lit;_BaseMap;;;
Assets/Art/World/Fantasy_Kingdom_Pack/Meshes/Building06_b06.FBX;Universal Render Pipeline/Lit;_BaseMap;;;
Assets/Art/World/Fantasy_Kingdom_Pack/Meshes/Building06_b07.FBX;Universal Render Pipeline/Lit;_BaseMap;;;
Assets/Art/World/Fantasy_Kingdom_Pack/Meshes/Building06_b08.FBX;Universal Render Pipeline/Lit;_BaseMap;;;
Assets/Art/World/Fantasy_Kingdom_Pack/Meshes/Building06_c01.FBX;Universal Render Pipeline/Lit;_BaseMap;;;
Assets/Art/World/Fantasy_Kingdom_Pack/Meshes/Building06_c02.FBX;Universal Render Pipeline/Lit;_BaseMap;;;
Assets/Art/World/Fantasy_Kingdom_Pack/Meshes/Building06_c03.FBX;Universal Render Pipeline/Lit;_BaseMap;;;
Assets/Art/World/Fantasy_Kingdom_Pack/Meshes/Building06_c04.FBX;Universal Render Pipeline/Lit;_BaseMap;;;
Assets/Art/World/Fantasy_Kingdom_Pack/Meshes/Building06_c05.FBX;Universal Render Pipeline/Lit;_BaseMap;;;
Assets/Art/World/Fantasy_Kingdom_Pack/Meshes/Building06_c06.FBX;Universal Render Pipeline/Lit;_BaseMap;;;
Assets/Art/World/Fantasy_Kingdom_Pack/Meshes/Building06_c07.FBX;Universal Render Pipeline/Lit;_BaseMap;;;
Assets/Art/World/Fantasy_Kingdom_Pack/Meshes/Building06_c08.FBX;Universal Render Pipeline/Lit;_BaseMap;;;
Assets/Art/World/Fantasy_Kingdom_Pack/Meshes/Building06_d01.FBX;Universal Render Pipeline/Lit;_BaseMap;;;
Assets/Art/World/Fantasy_Kingdom_Pack/Meshes/Building06_d02.FBX;Universal Render Pipeline/Lit;_BaseMap;;;
Assets/Art/World/Fantasy_Kingdom_Pack/Meshes/Building06_d03.FBX;Universal Render Pipeline/Lit;_BaseMap;;;
Assets/Art/World/Fantasy_Kingdom_Pack/Meshes/Building06_d04.FBX;Universal Render Pipeline/Lit;_BaseMap;;;
Assets/Art/World/Fantasy_Kingdom_Pack/Meshes/Building06_d05.FBX;Universal Render Pipeline/Lit;_BaseMap;;;
Assets/Art/World/Fantasy_Kingdom_Pack/Meshes/Building06_d06.FBX;Universal Render Pipeline/Lit;_BaseMap;;;
Assets/Art/World/Fantasy_Kingdom_Pack/Meshes/Building06_d07.FBX;Universal Render Pipeline/Lit;_BaseMap;;;
Assets/Art/World/Fantasy_Kingdom_Pack/Meshes/Building06_d08.FBX;Universal Render Pipeline/Lit;_BaseMap;;;
Assets/Art/World/Fantasy_Kingdom_Pack/Meshes/Building06_e01.FBX;Universal Render Pipeline/Lit;_BaseMap;;;
Assets/Art/World/Fantasy_Kingdom_Pack/Meshes/Building06_e02.FBX;Universal Render Pipeline/Lit;_BaseMap;;;
Assets/Art/World/Fantasy_Kingdom_Pack/Meshes/Building06_e03.FBX;Universal Render Pipeline/Lit;_BaseMap;;;
Assets/Art/World/Fantasy_Kingdom_Pack/Meshes/Building06_e04.FBX;Universal Render Pipeline/Lit;_BaseMap;;;
Assets/Art/World/Fantasy_Kingdom_Pack/Meshes/Building06_e05.FBX;Universal Render Pipeline/Lit;_BaseMap;;;
Assets/Art/World/Fantasy_Kingdom_Pack/Meshes/Building06_e06.FBX;Universal Render Pipeline/Lit;_BaseMap;;;
Assets/Art/World/Fantasy_Kingdom_Pack/Meshes/Building06_e07.FBX;Universal Render Pipeline/Lit;_BaseMap;;;
Assets/Art/World/Fantasy_Kingdom_Pack/Meshes/Building06_e08.FBX;Universal Render Pipeline/Lit;_BaseMap;;;
Assets/Art/World/Fantasy_Kingdom_Pack/Meshes/Building07_a01.FBX;Universal Render Pipeline/Lit;_BaseMap;;;
Assets/Art/World/Fantasy_Kingdom_Pack/Meshes/Building07_a02.FBX;Universal Render Pipeline/Lit;_BaseMap;;;
Assets/Art/World/Fantasy_Kingdom_Pack/Meshes/Building07_a03.FBX;Universal Render Pipeline/Lit;_BaseMap;;;
Assets/Art/World/Fantasy_Kingdom_Pack/Meshes/Building07_a04.FBX;Universal Render Pipeline/Lit;_BaseMap;;;
Assets/Art/World/Fantasy_Kingdom_Pack/Meshes/Building07_b01.FBX;Universal Render Pipeline/Lit;_BaseMap;;;
Assets/Art/World/Fantasy_Kingdom_Pack/Meshes/Building07_b02.FBX;Universal Render Pipeline/Lit;_BaseMap;;;
Assets/Art/World/Fantasy_Kingdom_Pack/Meshes/Building07_b03.FBX;Universal Render Pipeline/Lit;_BaseMap;;;
Assets/Art/World/Fantasy_Kingdom_Pack/Meshes/Building07_b04.FBX;Universal Render Pipeline/Lit;_BaseMap;;;
Assets/Art/World/Fantasy_Kingdom_Pack/Meshes/Building07_c01.FBX;Universal Render Pipeline/Lit;_BaseMap;;;
Assets/Art/World/Fantasy_Kingdom_Pack/Meshes/Building07_c02.FBX;Universal Render Pipeline/Lit;_BaseMap;;;
Assets/Art/World/Fantasy_Kingdom_Pack/Meshes/Building07_c03.FBX;Universal Render Pipeline/Lit;_BaseMap;;;
Assets/Art/World/Fantasy_Kingdom_Pack/Meshes/Building07_c04.FBX;Universal Render Pipeline/Lit;_BaseMap;;;
Assets/Art/World/Fantasy_Kingdom_Pack/Meshes/Building07_d01.FBX;Universal Render Pipeline/Lit;_BaseMap;;;
Assets/Art/World/Fantasy_Kingdom_Pack/Meshes/Building07_d02.FBX;Universal Render Pipeline/Lit;_BaseMap;;;
Assets/Art/World/Fantasy_Kingdom_Pack/Meshes/Building07_d03.FBX;Universal Render Pipeline/Lit;_BaseMap;;;
Assets/Art/World/Fantasy_Kingdom_Pack/Meshes/Building07_d04.FBX;Universal Render Pipeline/Lit;_BaseMap;;;
Assets/Art/World/Fantasy_Kingdom_Pack/Meshes/Building07_e01.FBX;Universal Render Pipeline/Lit;_BaseMap;;;
Assets/Art/World/Fantasy_Kingdom_Pack/Meshes/Building07_e02.FBX;Universal Render Pipeline/Lit;_BaseMap;;;
Assets/Art/World/Fantasy_Kingdom_Pack/Meshes/Building07_e03.FBX;Universal Render Pipeline/Lit;_BaseMap;;;
Assets/Art/World/Fantasy_Kingdom_Pack/Meshes/Building07_e04.FBX;Universal Render Pipeline/Lit;_BaseMap;;;
Assets/Art/World/Fantasy_Kingdom_Pack/Meshes/Building08_a01.FBX;Universal Render Pipeline/Lit;_BaseMap;;;
Assets/Art/World/Fantasy_Kingdom_Pack/Meshes/Building08_a02.FBX;Universal Render Pipeline/Lit;_BaseMap;;;
Assets/Art/World/Fantasy_Kingdom_Pack/Meshes/Building08_a03.FBX;Universal Render Pipeline/Lit;_BaseMap;;;
Assets/Art/World/Fantasy_Kingdom_Pack/Meshes/Building08_a04.FBX;Universal Render Pipeline/Lit;_BaseMap;;;
Assets/Art/World/Fantasy_Kingdom_Pack/Meshes/Building08_b01.FBX;Universal Render Pipeline/Lit;_BaseMap;;;
Assets/Art/World/Fantasy_Kingdom_Pack/Meshes/Building08_b02.FBX;Universal Render Pipeline/Lit;_BaseMap;;;
Assets/Art/World/Fantasy_Kingdom_Pack/Meshes/Building08_b03.FBX;Universal Render Pipeline/Lit;_BaseMap;;;
Assets/Art/World/Fantasy_Kingdom_Pack/Meshes/Building08_b04.FBX;Universal Render Pipeline/Lit;_BaseMap;;;
Assets/Art/World/Fantasy_Kingdom_Pack/Meshes/Building08_c01.FBX;Universal Render Pipeline/Lit;_BaseMap;;;
Assets/Art/World/Fantasy_Kingdom_Pack/Meshes/Building08_c02.FBX;Universal Render Pipeline/Lit;_BaseMap;;;
Assets/Art/World/Fantasy_Kingdom_Pack/Meshes/Building08_c03.FBX;Universal Render Pipeline/Lit;_BaseMap;;;
Assets/Art/World/Fantasy_Kingdom_Pack/Meshes/Building08_c04.FBX;Universal Render Pipeline/Lit;_BaseMap;;;
Assets/Art/World/Fantasy_Kingdom_Pack/Meshes/Building08_d01.FBX;Universal Render Pipeline/Lit;_BaseMap;;;
Assets/Art/World/Fantasy_Kingdom_Pack/Meshes/Building08_d02.FBX;Universal Render Pipeline/Lit;_BaseMap;;;
Assets/Art/World/Fantasy_Kingdom_Pack/Meshes/Building08_d03.FBX;Universal Render Pipeline/Lit;_BaseMap;;;
Assets/Art/World/Fantasy_Kingdom_Pack/Meshes/Building08_d04.FBX;Universal Render Pipeline/Lit;_BaseMap;;;
Assets/Art/World/Fantasy_Kingdom_Pack/Meshes/Building08_e01.FBX;Universal Render Pipeline/Lit;_BaseMap;;;
Assets/Art/World/Fantasy_Kingdom_Pack/Meshes/Building08_e02.FBX;Universal Render Pipeline/Lit;_BaseMap;;;
Assets/Art/World/Fantasy_Kingdom_Pack/Meshes/Building08_e03.FBX;Universal Render Pipeline/Lit;_BaseMap;;;
Assets/Art/World/Fantasy_Kingdom_Pack/Meshes/Building08_e04.FBX;Universal Render Pipeline/Lit;_BaseMap;;;
Assets/Art/World/Fantasy_Kingdom_Pack/Meshes/Building09_a01.FBX;Universal Render Pipeline/Lit;_BaseMap;;;
Assets/Art/World/Fantasy_Kingdom_Pack/Meshes/Building09_a02.FBX;Universal Render Pipeline/Lit;_BaseMap;;;
Assets/Art/World/Fantasy_Kingdom_Pack/Meshes/Building09_a03.FBX;Universal Render Pipeline/Lit;_BaseMap;;;
Assets/Art/World/Fantasy_Kingdom_Pack/Meshes/Building09_a04.FBX;Universal Render Pipeline/Lit;_BaseMap;;;
Assets/Art/World/Fantasy_Kingdom_Pack/Meshes/Building09_b01.FBX;Universal Render Pipeline/Lit;_BaseMap;;;
Assets/Art/World/Fantasy_Kingdom_Pack/Meshes/Building09_b02.FBX;Universal Render Pipeline/Lit;_BaseMap;;;
Assets/Art/World/Fantasy_Kingdom_Pack/Meshes/Building09_b03.FBX;Universal Render Pipeline/Lit;_BaseMap;;;
Assets/Art/World/Fantasy_Kingdom_Pack/Meshes/Building09_b04.FBX;Universal Render Pipeline/Lit;_BaseMap;;;
Assets/Art/World/Fantasy_Kingdom_Pack/Meshes/Building09_c01.FBX;Universal Render Pipeline/Lit;_BaseMap;;;
Assets/Art/World/Fantasy_Kingdom_Pack/Meshes/Building09_c02.FBX;Universal Render Pipeline/Lit;_BaseMap;;;
Assets/Art/World/Fantasy_Kingdom_Pack/Meshes/Building09_c03.FBX;Universal Render Pipeline/Lit;_BaseMap;;;
Assets/Art/World/Fantasy_Kingdom_Pack/Meshes/Building09_c04.FBX;Universal Render Pipeline/Lit;_BaseMap;;;
Assets/Art/World/Fantasy_Kingdom_Pack/Meshes/Building09_d01.FBX;Universal Render Pipeline/Lit;_BaseMap;;;
Assets/Art/World/Fantasy_Kingdom_Pack/Meshes/Building09_d02.FBX;Universal Render Pipeline/Lit;_BaseMap;;;
Assets/Art/World/Fantasy_Kingdom_Pack/Meshes/Building09_d03.FBX;Universal Render Pipeline/Lit;_BaseMap;;;
Assets/Art/World/Fantasy_Kingdom_Pack/Meshes/Building09_d04.FBX;Universal Render Pipeline/Lit;_BaseMap;;;
Assets/Art/World/Fantasy_Kingdom_Pack/Meshes/Building09_e01.FBX;Universal Render Pipeline/Lit;_BaseMap;;;
Assets/Art/World/Fantasy_Kingdom_Pack/Meshes/Building09_e02.FBX;Universal Render Pipeline/Lit;_BaseMap;;;
Assets/Art/World/Fantasy_Kingdom_Pack/Meshes/Building09_e03.FBX;Universal Render Pipeline/Lit;_BaseMap;;;
Assets/Art/World/Fantasy_Kingdom_Pack/Meshes/Building09_e04.FBX;Universal Render Pipeline/Lit;_BaseMap;;;
Assets/Art/World/Fantasy_Kingdom_Pack/Meshes/Building10_a01.FBX;Universal Render Pipeline/Lit;_BaseMap;;;
Assets/Art/World/Fantasy_Kingdom_Pack/Meshes/Building10_a02.FBX;Universal Render Pipeline/Lit;_BaseMap;;;
Assets/Art/World/Fantasy_Kingdom_Pack/Meshes/Building10_a03.FBX;Universal Render Pipeline/Lit;_BaseMap;;;
Assets/Art/World/Fantasy_Kingdom_Pack/Meshes/Building10_a04.FBX;Universal Render Pipeline/Lit;_BaseMap;;;
Assets/Art/World/Fantasy_Kingdom_Pack/Meshes/Building10_b01.FBX;Universal Render Pipeline/Lit;_BaseMap;;;
Assets/Art/World/Fantasy_Kingdom_Pack/Meshes/Building10_b02.FBX;Universal Render Pipeline/Lit;_BaseMap;;;
Assets/Art/World/Fantasy_Kingdom_Pack/Meshes/Building10_b03.FBX;Universal Render Pipeline/Lit;_BaseMap;;;
Assets/Art/World/Fantasy_Kingdom_Pack/Meshes/Building10_b04.FBX;Universal Render Pipeline/Lit;_BaseMap;;;
Assets/Art/World/Fantasy_Kingdom_Pack/Meshes/Building10_c01.FBX;Universal Render Pipeline/Lit;_BaseMap;;;
Assets/Art/World/Fantasy_Kingdom_Pack/Meshes/Building10_c02.FBX;Universal Render Pipeline/Lit;_BaseMap;;;
Assets/Art/World/Fantasy_Kingdom_Pack/Meshes/Building10_c03.FBX;Universal Render Pipeline/Lit;_BaseMap;;;
Assets/Art/World/Fantasy_Kingdom_Pack/Meshes/Building10_c04.FBX;Universal Render Pipeline/Lit;_BaseMap;;;
Assets/Art/World/Fantasy_Kingdom_Pack/Meshes/Building10_d01.FBX;Universal Render Pipeline/Lit;_BaseMap;;;
Assets/Art/World/Fantasy_Kingdom_Pack/Meshes/Building10_d02.FBX;Universal Render Pipeline/Lit;_BaseMap;;;
Assets/Art/World/Fantasy_Kingdom_Pack/Meshes/Building10_d03.FBX;Universal Render Pipeline/Lit;_BaseMap;;;
Assets/Art/World/Fantasy_Kingdom_Pack/Meshes/Building10_d04.FBX;Universal Render Pipeline/Lit;_BaseMap;;;
Assets/Art/World/Fantasy_Kingdom_Pack/Meshes/Building10_e01.FBX;Universal Render Pipeline/Lit;_BaseMap;;;
Assets/Art/World/Fantasy_Kingdom_Pack/Meshes/Building10_e02.FBX;Universal Render Pipeline/Lit;_BaseMap;;;
Assets/Art/World/Fantasy_Kingdom_Pack/Meshes/Building10_e03.FBX;Universal Render Pipeline/Lit;_BaseMap;;;
Assets/Art/World/Fantasy_Kingdom_Pack/Meshes/Building10_e04.FBX;Universal Render Pipeline/Lit;_BaseMap;;;
Assets/Art/World/Fantasy_Kingdom_Pack/Meshes/Building11_a01.FBX;Universal Render Pipeline/Lit;_BaseMap;;;
Assets/Art/World/Fantasy_Kingdom_Pack/Meshes/Building11_a02.FBX;Universal Render Pipeline/Lit;_BaseMap;;;
Assets/Art/World/Fantasy_Kingdom_Pack/Meshes/Building11_a03.FBX;Universal Render Pipeline/Lit;_BaseMap;;;
Assets/Art/World/Fantasy_Kingdom_Pack/Meshes/Building11_a04.FBX;Universal Render Pipeline/Lit;_BaseMap;;;
Assets/Art/World/Fantasy_Kingdom_Pack/Meshes/Building11_b01.FBX;Universal Render Pipeline/Lit;_BaseMap;;;
Assets/Art/World/Fantasy_Kingdom_Pack/Meshes/Building11_b02.FBX;Universal Render Pipeline/Lit;_BaseMap;;;
Assets/Art/World/Fantasy_Kingdom_Pack/Meshes/Building11_b03.FBX;Universal Render Pipeline/Lit;_BaseMap;;;
Assets/Art/World/Fantasy_Kingdom_Pack/Meshes/Building11_b04.FBX;Universal Render Pipeline/Lit;_BaseMap;;;
Assets/Art/World/Fantasy_Kingdom_Pack/Meshes/Building11_c01.FBX;Universal Render Pipeline/Lit;_BaseMap;;;
Assets/Art/World/Fantasy_Kingdom_Pack/Meshes/Building11_c02.FBX;Universal Render Pipeline/Lit;_BaseMap;;;
Assets/Art/World/Fantasy_Kingdom_Pack/Meshes/Building11_c03.FBX;Universal Render Pipeline/Lit;_BaseMap;;;
Assets/Art/World/Fantasy_Kingdom_Pack/Meshes/Building11_c04.FBX;Universal Render Pipeline/Lit;_BaseMap;;;
Assets/Art/World/Fantasy_Kingdom_Pack/Meshes/Building11_d01.FBX;Universal Render Pipeline/Lit;_BaseMap;;;
Assets/Art/World/Fantasy_Kingdom_Pack/Meshes/Building11_d02.FBX;Universal Render Pipeline/Lit;_BaseMap;;;
Assets/Art/World/Fantasy_Kingdom_Pack/Meshes/Building11_d03.FBX;Universal Render Pipeline/Lit;_BaseMap;;;
Assets/Art/World/Fantasy_Kingdom_Pack/Meshes/Building11_d04.FBX;Universal Render Pipeline/Lit;_BaseMap;;;
Assets/Art/World/Fantasy_Kingdom_Pack/Meshes/Building11_e01.FBX;Universal Render Pipeline/Lit;_BaseMap;;;
Assets/Art/World/Fantasy_Kingdom_Pack/Meshes/Building11_e02.FBX;Universal Render Pipeline/Lit;_BaseMap;;;
Assets/Art/World/Fantasy_Kingdom_Pack/Meshes/Building11_e03.FBX;Universal Render Pipeline/Lit;_BaseMap;;;
Assets/Art/World/Fantasy_Kingdom_Pack/Meshes/Building11_e04.FBX;Universal Render Pipeline/Lit;_BaseMap;;;
Assets/Art/World/Fantasy_Kingdom_Pack/Meshes/Building12_a01.FBX;Universal Render Pipeline/Lit;_BaseMap;;;
Assets/Art/World/Fantasy_Kingdom_Pack/Meshes/Building12_a02.FBX;Universal Render Pipeline/Lit;_BaseMap;;;
Assets/Art/World/Fantasy_Kingdom_Pack/Meshes/Building12_a03.FBX;Universal Render Pipeline/Lit;_BaseMap;;;
Assets/Art/World/Fantasy_Kingdom_Pack/Meshes/Building12_a04.FBX;Universal Render Pipeline/Lit;_BaseMap;;;
Assets/Art/World/Fantasy_Kingdom_Pack/Meshes/Building12_b01.FBX;Universal Render Pipeline/Lit;_BaseMap;;;
Assets/Art/World/Fantasy_Kingdom_Pack/Meshes/Building12_b02.FBX;Universal Render Pipeline/Lit;_BaseMap;;;
Assets/Art/World/Fantasy_Kingdom_Pack/Meshes/Building12_b03.FBX;Universal Render Pipeline/Lit;_BaseMap;;;
Assets/Art/World/Fantasy_Kingdom_Pack/Meshes/Building12_b04.FBX;Universal Render Pipeline/Lit;_BaseMap;;;
Assets/Art/World/Fantasy_Kingdom_Pack/Meshes/Building12_c01.FBX;Universal Render Pipeline/Lit;_BaseMap;;;
Assets/Art/World/Fantasy_Kingdom_Pack/Meshes/Building12_c02.FBX;Universal Render Pipeline/Lit;_BaseMap;;;
Assets/Art/World/Fantasy_Kingdom_Pack/Meshes/Building12_c03.FBX;Universal Render Pipeline/Lit;_BaseMap;;;
Assets/Art/World/Fantasy_Kingdom_Pack/Meshes/Building12_c04.FBX;Universal Render Pipeline/Lit;_BaseMap;;;
Assets/Art/World/Fantasy_Kingdom_Pack/Meshes/Building12_d01.FBX;Universal Render Pipeline/Lit;_BaseMap;;;
Assets/Art/World/Fantasy_Kingdom_Pack/Meshes/Building12_d02.FBX;Universal Render Pipeline/Lit;_BaseMap;;;
Assets/Art/World/Fantasy_Kingdom_Pack/Meshes/Building12_d03.FBX;Universal Render Pipeline/Lit;_BaseMap;;;
Assets/Art/World/Fantasy_Kingdom_Pack/Meshes/Building12_d04.FBX;Universal Render Pipeline/Lit;_BaseMap;;;
Assets/Art/World/Fantasy_Kingdom_Pack/Meshes/Building12_e01.FBX;Universal Render Pipeline/Lit;_BaseMap;;;
Assets/Art/World/Fantasy_Kingdom_Pack/Meshes/Building12_e02.FBX;Universal Render Pipeline/Lit;_BaseMap;;;
Assets/Art/World/Fantasy_Kingdom_Pack/Meshes/Building12_e03.FBX;Universal Render Pipeline/Lit;_BaseMap;;;
Assets/Art/World/Fantasy_Kingdom_Pack/Meshes/Building12_e04.FBX;Universal Render Pipeline/Lit;_BaseMap;;;
Assets/Art/World/Fantasy_Kingdom_Pack/Meshes/Building13.FBX;Universal Render Pipeline/Lit;_BaseMap;;;
Assets/Art/World/Fantasy_Kingdom_Pack/Meshes/Building13_a01.FBX;Universal Render Pipeline/Lit;_BaseMap;;;
Assets/Art/World/Fantasy_Kingdom_Pack/Meshes/Building13_a02.FBX;Universal Render Pipeline/Lit;_BaseMap;;;
Assets/Art/World/Fantasy_Kingdom_Pack/Meshes/Building13_a03.FBX;Universal Render Pipeline/Lit;_BaseMap;;;
Assets/Art/World/Fantasy_Kingdom_Pack/Meshes/Building13_a04.FBX;Universal Render Pipeline/Lit;_BaseMap;;;
Assets/Art/World/Fantasy_Kingdom_Pack/Meshes/Building13_a05.FBX;Universal Render Pipeline/Lit;_BaseMap;;;
Assets/Art/World/Fantasy_Kingdom_Pack/Meshes/Building13_a06.FBX;Universal Render Pipeline/Lit;_BaseMap;;;
Assets/Art/World/Fantasy_Kingdom_Pack/Meshes/Building13_a07.FBX;Universal Render Pipeline/Lit;_BaseMap;;;
Assets/Art/World/Fantasy_Kingdom_Pack/Meshes/Building13_a08.FBX;Universal Render Pipeline/Lit;_BaseMap;;;
Assets/Art/World/Fantasy_Kingdom_Pack/Meshes/Building13_a09.FBX;Universal Render Pipeline/Lit;_BaseMap;;;
Assets/Art/World/Fantasy_Kingdom_Pack/Meshes/Building13_b01.FBX;Universal Render Pipeline/Lit;_BaseMap;;;
Assets/Art/World/Fantasy_Kingdom_Pack/Meshes/Building13_b02.FBX;Universal Render Pipeline/Lit;_BaseMap;;;
Assets/Art/World/Fantasy_Kingdom_Pack/Meshes/Building13_b03.FBX;Universal Render Pipeline/Lit;_BaseMap;;;
Assets/Art/World/Fantasy_Kingdom_Pack/Meshes/Building13_b04.FBX;Universal Render Pipeline/Lit;_BaseMap;;;
Assets/Art/World/Fantasy_Kingdom_Pack/Meshes/Building13_b05.FBX;Universal Render Pipeline/Lit;_BaseMap;;;
Assets/Art/World/Fantasy_Kingdom_Pack/Meshes/Building13_b06.FBX;Universal Render Pipeline/Lit;_BaseMap;;;
Assets/Art/World/Fantasy_Kingdom_Pack/Meshes/Building13_b07.FBX;Universal Render Pipeline/Lit;_BaseMap;;;
Assets/Art/World/Fantasy_Kingdom_Pack/Meshes/Building13_b08.FBX;Universal Render Pipeline/Lit;_BaseMap;;;
Assets/Art/World/Fantasy_Kingdom_Pack/Meshes/Building13_b09.FBX;Universal Render Pipeline/Lit;_BaseMap;;;
Assets/Art/World/Fantasy_Kingdom_Pack/Meshes/Building13_c01.FBX;Universal Render Pipeline/Lit;_BaseMap;;;
Assets/Art/World/Fantasy_Kingdom_Pack/Meshes/Building13_c02.FBX;Universal Render Pipeline/Lit;_BaseMap;;;
Assets/Art/World/Fantasy_Kingdom_Pack/Meshes/Building13_c03.FBX;Universal Render Pipeline/Lit;_BaseMap;;;
Assets/Art/World/Fantasy_Kingdom_Pack/Meshes/Building13_c04.FBX;Universal Render Pipeline/Lit;_BaseMap;;;
Assets/Art/World/Fantasy_Kingdom_Pack/Meshes/Building13_c05.FBX;Universal Render Pipeline/Lit;_BaseMap;;;
Assets/Art/World/Fantasy_Kingdom_Pack/Meshes/Building13_c06.FBX;Universal Render Pipeline/Lit;_BaseMap;;;
Assets/Art/World/Fantasy_Kingdom_Pack/Meshes/Building13_c07.FBX;Universal Render Pipeline/Lit;_BaseMap;;;
Assets/Art/World/Fantasy_Kingdom_Pack/Meshes/Building13_c08.FBX;Universal Render Pipeline/Lit;_BaseMap;;;
Assets/Art/World/Fantasy_Kingdom_Pack/Meshes/Building13_c09.FBX;Universal Render Pipeline/Lit;_BaseMap;;;
Assets/Art/World/Fantasy_Kingdom_Pack/Meshes/Building13_d01.FBX;Universal Render Pipeline/Lit;_BaseMap;;;
Assets/Art/World/Fantasy_Kingdom_Pack/Meshes/Building13_d02.FBX;Universal Render Pipeline/Lit;_BaseMap;;;
Assets/Art/World/Fantasy_Kingdom_Pack/Meshes/Building13_d03.FBX;Universal Render Pipeline/Lit;_BaseMap;;;
Assets/Art/World/Fantasy_Kingdom_Pack/Meshes/Building13_d04.FBX;Universal Render Pipeline/Lit;_BaseMap;;;
Assets/Art/World/Fantasy_Kingdom_Pack/Meshes/Building13_d05.FBX;Universal Render Pipeline/Lit;_BaseMap;;;
Assets/Art/World/Fantasy_Kingdom_Pack/Meshes/Building13_d06.FBX;Universal Render Pipeline/Lit;_BaseMap;;;
Assets/Art/World/Fantasy_Kingdom_Pack/Meshes/Building13_d07.FBX;Universal Render Pipeline/Lit;_BaseMap;;;
Assets/Art/World/Fantasy_Kingdom_Pack/Meshes/Building13_d08.FBX;Universal Render Pipeline/Lit;_BaseMap;;;
Assets/Art/World/Fantasy_Kingdom_Pack/Meshes/Building13_d09.FBX;Universal Render Pipeline/Lit;_BaseMap;;;
Assets/Art/World/Fantasy_Kingdom_Pack/Meshes/Building13_e01.FBX;Universal Render Pipeline/Lit;_BaseMap;;;
Assets/Art/World/Fantasy_Kingdom_Pack/Meshes/Building13_e02.FBX;Universal Render Pipeline/Lit;_BaseMap;;;
Assets/Art/World/Fantasy_Kingdom_Pack/Meshes/Building13_e03.FBX;Universal Render Pipeline/Lit;_BaseMap;;;
Assets/Art/World/Fantasy_Kingdom_Pack/Meshes/Building13_e04.FBX;Universal Render Pipeline/Lit;_BaseMap;;;
Assets/Art/World/Fantasy_Kingdom_Pack/Meshes/Building13_e05.FBX;Universal Render Pipeline/Lit;_BaseMap;;;
Assets/Art/World/Fantasy_Kingdom_Pack/Meshes/Building13_e06.FBX;Universal Render Pipeline/Lit;_BaseMap;;;
Assets/Art/World/Fantasy_Kingdom_Pack/Meshes/Building13_e07.FBX;Universal Render Pipeline/Lit;_BaseMap;;;
Assets/Art/World/Fantasy_Kingdom_Pack/Meshes/Building13_e08.FBX;Universal Render Pipeline/Lit;_BaseMap;;;
Assets/Art/World/Fantasy_Kingdom_Pack/Meshes/Building13_e09.FBX;Universal Render Pipeline/Lit;_BaseMap;;;
Assets/Art/World/Fantasy_Kingdom_Pack/Meshes/Building14.FBX;Universal Render Pipeline/Lit;_BaseMap;;;
Assets/Art/World/Fantasy_Kingdom_Pack/Meshes/Building14_a01.FBX;Universal Render Pipeline/Lit;_BaseMap;;;
Assets/Art/World/Fantasy_Kingdom_Pack/Meshes/Building14_a02.FBX;Universal Render Pipeline/Lit;_BaseMap;;;
Assets/Art/World/Fantasy_Kingdom_Pack/Meshes/Building14_a03.FBX;Universal Render Pipeline/Lit;_BaseMap;;;
Assets/Art/World/Fantasy_Kingdom_Pack/Meshes/Building14_a04.FBX;Universal Render Pipeline/Lit;_BaseMap;;;
Assets/Art/World/Fantasy_Kingdom_Pack/Meshes/Building14_a05.FBX;Universal Render Pipeline/Lit;_BaseMap;;;
Assets/Art/World/Fantasy_Kingdom_Pack/Meshes/Building14_a06.FBX;Universal Render Pipeline/Lit;_BaseMap;;;
Assets/Art/World/Fantasy_Kingdom_Pack/Meshes/Building14_a07.FBX;Universal Render Pipeline/Lit;_BaseMap;;;
Assets/Art/World/Fantasy_Kingdom_Pack/Meshes/Building14_a08.FBX;Universal Render Pipeline/Lit;_BaseMap;;;
Assets/Art/World/Fantasy_Kingdom_Pack/Meshes/Building14_a09.FBX;Universal Render Pipeline/Lit;_BaseMap;;;
Assets/Art/World/Fantasy_Kingdom_Pack/Meshes/Building14_b01.FBX;Universal Render Pipeline/Lit;_BaseMap;;;
Assets/Art/World/Fantasy_Kingdom_Pack/Meshes/Building14_b02.FBX;Universal Render Pipeline/Lit;_BaseMap;;;
Assets/Art/World/Fantasy_Kingdom_Pack/Meshes/Building14_b03.FBX;Universal Render Pipeline/Lit;_BaseMap;;;
Assets/Art/World/Fantasy_Kingdom_Pack/Meshes/Building14_b04.FBX;Universal Render Pipeline/Lit;_BaseMap;;;
Assets/Art/World/Fantasy_Kingdom_Pack/Meshes/Building14_b05.FBX;Universal Render Pipeline/Lit;_BaseMap;;;
Assets/Art/World/Fantasy_Kingdom_Pack/Meshes/Building14_b06.FBX;Universal Render Pipeline/Lit;_BaseMap;;;
Assets/Art/World/Fantasy_Kingdom_Pack/Meshes/Building14_b07.FBX;Universal Render Pipeline/Lit;_BaseMap;;;
Assets/Art/World/Fantasy_Kingdom_Pack/Meshes/Building14_b08.FBX;Universal Render Pipeline/Lit;_BaseMap;;;
Assets/Art/World/Fantasy_Kingdom_Pack/Meshes/Building14_b09.FBX;Universal Render Pipeline/Lit;_BaseMap;;;
Assets/Art/World/Fantasy_Kingdom_Pack/Meshes/Building14_c01.FBX;Universal Render Pipeline/Lit;_BaseMap;;;
Assets/Art/World/Fantasy_Kingdom_Pack/Meshes/Building14_c02.FBX;Universal Render Pipeline/Lit;_BaseMap;;;
Assets/Art/World/Fantasy_Kingdom_Pack/Meshes/Building14_c03.FBX;Universal Render Pipeline/Lit;_BaseMap;;;
Assets/Art/World/Fantasy_Kingdom_Pack/Meshes/Building14_c04.FBX;Universal Render Pipeline/Lit;_BaseMap;;;
Assets/Art/World/Fantasy_Kingdom_Pack/Meshes/Building14_c05.FBX;Universal Render Pipeline/Lit;_BaseMap;;;
Assets/Art/World/Fantasy_Kingdom_Pack/Meshes/Building14_c06.FBX;Universal Render Pipeline/Lit;_BaseMap;;;
Assets/Art/World/Fantasy_Kingdom_Pack/Meshes/Building14_c07.FBX;Universal Render Pipeline/Lit;_BaseMap;;;
Assets/Art/World/Fantasy_Kingdom_Pack/Meshes/Building14_c08.FBX;Universal Render Pipeline/Lit;_BaseMap;;;
Assets/Art/World/Fantasy_Kingdom_Pack/Meshes/Building14_c09.FBX;Universal Render Pipeline/Lit;_BaseMap;;;
Assets/Art/World/Fantasy_Kingdom_Pack/Meshes/Building14_d01.FBX;Universal Render Pipeline/Lit;_BaseMap;;;
Assets/Art/World/Fantasy_Kingdom_Pack/Meshes/Building14_d02.FBX;Universal Render Pipeline/Lit;_BaseMap;;;
Assets/Art/World/Fantasy_Kingdom_Pack/Meshes/Building14_d03.FBX;Universal Render Pipeline/Lit;_BaseMap;;;
Assets/Art/World/Fantasy_Kingdom_Pack/Meshes/Building14_d04.FBX;Universal Render Pipeline/Lit;_BaseMap;;;
Assets/Art/World/Fantasy_Kingdom_Pack/Meshes/Building14_d05.FBX;Universal Render Pipeline/Lit;_BaseMap;;;
Assets/Art/World/Fantasy_Kingdom_Pack/Meshes/Building14_d06.FBX;Universal Render Pipeline/Lit;_BaseMap;;;
Assets/Art/World/Fantasy_Kingdom_Pack/Meshes/Building14_d07.FBX;Universal Render Pipeline/Lit;_BaseMap;;;
Assets/Art/World/Fantasy_Kingdom_Pack/Meshes/Building14_d08.FBX;Universal Render Pipeline/Lit;_BaseMap;;;
Assets/Art/World/Fantasy_Kingdom_Pack/Meshes/Building14_d09.FBX;Universal Render Pipeline/Lit;_BaseMap;;;
Assets/Art/World/Fantasy_Kingdom_Pack/Meshes/Building14_e01.FBX;Universal Render Pipeline/Lit;_BaseMap;;;
Assets/Art/World/Fantasy_Kingdom_Pack/Meshes/Building14_e02.FBX;Universal Render Pipeline/Lit;_BaseMap;;;
Assets/Art/World/Fantasy_Kingdom_Pack/Meshes/Building14_e03.FBX;Universal Render Pipeline/Lit;_BaseMap;;;
Assets/Art/World/Fantasy_Kingdom_Pack/Meshes/Building14_e04.FBX;Universal Render Pipeline/Lit;_BaseMap;;;
Assets/Art/World/Fantasy_Kingdom_Pack/Meshes/Building14_e05.FBX;Universal Render Pipeline/Lit;_BaseMap;;;
Assets/Art/World/Fantasy_Kingdom_Pack/Meshes/Building14_e06.FBX;Universal Render Pipeline/Lit;_BaseMap;;;
Assets/Art/World/Fantasy_Kingdom_Pack/Meshes/Building14_e07.FBX;Universal Render Pipeline/Lit;_BaseMap;;;
Assets/Art/World/Fantasy_Kingdom_Pack/Meshes/Building14_e08.FBX;Universal Render Pipeline/Lit;_BaseMap;;;
Assets/Art/World/Fantasy_Kingdom_Pack/Meshes/Building14_e09.FBX;Universal Render Pipeline/Lit;_BaseMap;;;
Assets/Art/World/Fantasy_Kingdom_Pack/Meshes/Building15_a01.FBX;Universal Render Pipeline/Lit;_BaseMap;;;
Assets/Art/World/Fantasy_Kingdom_Pack/Meshes/Building15_a02.FBX;Universal Render Pipeline/Lit;_BaseMap;;;
Assets/Art/World/Fantasy_Kingdom_Pack/Meshes/Building15_a03.FBX;Universal Render Pipeline/Lit;_BaseMap;;;
Assets/Art/World/Fantasy_Kingdom_Pack/Meshes/Building15_a04.FBX;Universal Render Pipeline/Lit;_BaseMap;;;
Assets/Art/World/Fantasy_Kingdom_Pack/Meshes/Building15_a05.FBX;Universal Render Pipeline/Lit;_BaseMap;;;
Assets/Art/World/Fantasy_Kingdom_Pack/Meshes/Building15_a06.FBX;Universal Render Pipeline/Lit;_BaseMap;;;
Assets/Art/World/Fantasy_Kingdom_Pack/Meshes/Building15_a07.FBX;Universal Render Pipeline/Lit;_BaseMap;;;
Assets/Art/World/Fantasy_Kingdom_Pack/Meshes/Building15_a08.FBX;Universal Render Pipeline/Lit;_BaseMap;;;
Assets/Art/World/Fantasy_Kingdom_Pack/Meshes/Building15_a09.FBX;Universal Render Pipeline/Lit;_BaseMap;;;
Assets/Art/World/Fantasy_Kingdom_Pack/Meshes/Building15_b01.FBX;Universal Render Pipeline/Lit;_BaseMap;;;
Assets/Art/World/Fantasy_Kingdom_Pack/Meshes/Building15_b02.FBX;Universal Render Pipeline/Lit;_BaseMap;;;
Assets/Art/World/Fantasy_Kingdom_Pack/Meshes/Building15_b03.FBX;Universal Render Pipeline/Lit;_BaseMap;;;
Assets/Art/World/Fantasy_Kingdom_Pack/Meshes/Building15_b04.FBX;Universal Render Pipeline/Lit;_BaseMap;;;
Assets/Art/World/Fantasy_Kingdom_Pack/Meshes/Building15_b05.FBX;Universal Render Pipeline/Lit;_BaseMap;;;
Assets/Art/World/Fantasy_Kingdom_Pack/Meshes/Building15_b06.FBX;Universal Render Pipeline/Lit;_BaseMap;;;
Assets/Art/World/Fantasy_Kingdom_Pack/Meshes/Building15_b07.FBX;Universal Render Pipeline/Lit;_BaseMap;;;
Assets/Art/World/Fantasy_Kingdom_Pack/Meshes/Building15_b08.FBX;Universal Render Pipeline/Lit;_BaseMap;;;
Assets/Art/World/Fantasy_Kingdom_Pack/Meshes/Building15_b09.FBX;Universal Render Pipeline/Lit;_BaseMap;;;
Assets/Art/World/Fantasy_Kingdom_Pack/Meshes/Building15_c01.FBX;Universal Render Pipeline/Lit;_BaseMap;;;
Assets/Art/World/Fantasy_Kingdom_Pack/Meshes/Building15_c02.FBX;Universal Render Pipeline/Lit;_BaseMap;;;
Assets/Art/World/Fantasy_Kingdom_Pack/Meshes/Building15_c03.FBX;Universal Render Pipeline/Lit;_BaseMap;;;
Assets/Art/World/Fantasy_Kingdom_Pack/Meshes/Building15_c04.FBX;Universal Render Pipeline/Lit;_BaseMap;;;
Assets/Art/World/Fantasy_Kingdom_Pack/Meshes/Building15_c05.FBX;Universal Render Pipeline/Lit;_BaseMap;;;
Assets/Art/World/Fantasy_Kingdom_Pack/Meshes/Building15_c06.FBX;Universal Render Pipeline/Lit;_BaseMap;;;
Assets/Art/World/Fantasy_Kingdom_Pack/Meshes/Building15_c07.FBX;Universal Render Pipeline/Lit;_BaseMap;;;
Assets/Art/World/Fantasy_Kingdom_Pack/Meshes/Building15_c08.FBX;Universal Render Pipeline/Lit;_BaseMap;;;
Assets/Art/World/Fantasy_Kingdom_Pack/Meshes/Building15_c09.FBX;Universal Render Pipeline/Lit;_BaseMap;;;
Assets/Art/World/Fantasy_Kingdom_Pack/Meshes/Building15_d01.FBX;Universal Render Pipeline/Lit;_BaseMap;;;
Assets/Art/World/Fantasy_Kingdom_Pack/Meshes/Building15_d02.FBX;Universal Render Pipeline/Lit;_BaseMap;;;
Assets/Art/World/Fantasy_Kingdom_Pack/Meshes/Building15_d03.FBX;Universal Render Pipeline/Lit;_BaseMap;;;
Assets/Art/World/Fantasy_Kingdom_Pack/Meshes/Building15_d04.FBX;Universal Render Pipeline/Lit;_BaseMap;;;
Assets/Art/World/Fantasy_Kingdom_Pack/Meshes/Building15_d05.FBX;Universal Render Pipeline/Lit;_BaseMap;;;
Assets/Art/World/Fantasy_Kingdom_Pack/Meshes/Building15_d06.FBX;Universal Render Pipeline/Lit;_BaseMap;;;
Assets/Art/World/Fantasy_Kingdom_Pack/Meshes/Building15_d07.FBX;Universal Render Pipeline/Lit;_BaseMap;;;
Assets/Art/World/Fantasy_Kingdom_Pack/Meshes/Building15_d08.FBX;Universal Render Pipeline/Lit;_BaseMap;;;
Assets/Art/World/Fantasy_Kingdom_Pack/Meshes/Building15_d09.FBX;Universal Render Pipeline/Lit;_BaseMap;;;
Assets/Art/World/Fantasy_Kingdom_Pack/Meshes/Building15_e01.FBX;Universal Render Pipeline/Lit;_BaseMap;;;
Assets/Art/World/Fantasy_Kingdom_Pack/Meshes/Building15_e02.FBX;Universal Render Pipeline/Lit;_BaseMap;;;
Assets/Art/World/Fantasy_Kingdom_Pack/Meshes/Building15_e03.FBX;Universal Render Pipeline/Lit;_BaseMap;;;
Assets/Art/World/Fantasy_Kingdom_Pack/Meshes/Building15_e04.FBX;Universal Render Pipeline/Lit;_BaseMap;;;
Assets/Art/World/Fantasy_Kingdom_Pack/Meshes/Building15_e05.FBX;Universal Render Pipeline/Lit;_BaseMap;;;
Assets/Art/World/Fantasy_Kingdom_Pack/Meshes/Building15_e06.FBX;Universal Render Pipeline/Lit;_BaseMap;;;
Assets/Art/World/Fantasy_Kingdom_Pack/Meshes/Building15_e07.FBX;Universal Render Pipeline/Lit;_BaseMap;;;
Assets/Art/World/Fantasy_Kingdom_Pack/Meshes/Building15_e08.FBX;Universal Render Pipeline/Lit;_BaseMap;;;
Assets/Art/World/Fantasy_Kingdom_Pack/Meshes/Building15_e09.FBX;Universal Render Pipeline/Lit;_BaseMap;;;
Assets/Art/World/Fantasy_Kingdom_Pack/Meshes/Building16_a01.FBX;Universal Render Pipeline/Lit;_BaseMap;;;
Assets/Art/World/Fantasy_Kingdom_Pack/Meshes/Building16_a02.FBX;Universal Render Pipeline/Lit;_BaseMap;;;
Assets/Art/World/Fantasy_Kingdom_Pack/Meshes/Building16_a03.FBX;Universal Render Pipeline/Lit;_BaseMap;;;
Assets/Art/World/Fantasy_Kingdom_Pack/Meshes/Building16_a04.FBX;Universal Render Pipeline/Lit;_BaseMap;;;
Assets/Art/World/Fantasy_Kingdom_Pack/Meshes/Building16_a05.FBX;Universal Render Pipeline/Lit;_BaseMap;;;
Assets/Art/World/Fantasy_Kingdom_Pack/Meshes/Building16_a06.FBX;Universal Render Pipeline/Lit;_BaseMap;;;
Assets/Art/World/Fantasy_Kingdom_Pack/Meshes/Building16_a07.FBX;Universal Render Pipeline/Lit;_BaseMap;;;
Assets/Art/World/Fantasy_Kingdom_Pack/Meshes/Building16_a08.FBX;Universal Render Pipeline/Lit;_BaseMap;;;
Assets/Art/World/Fantasy_Kingdom_Pack/Meshes/Building16_b01.FBX;Universal Render Pipeline/Lit;_BaseMap;;;
Assets/Art/World/Fantasy_Kingdom_Pack/Meshes/Building16_b02.FBX;Universal Render Pipeline/Lit;_BaseMap;;;
Assets/Art/World/Fantasy_Kingdom_Pack/Meshes/Building16_b03.FBX;Universal Render Pipeline/Lit;_BaseMap;;;
Assets/Art/World/Fantasy_Kingdom_Pack/Meshes/Building16_b04.FBX;Universal Render Pipeline/Lit;_BaseMap;;;
Assets/Art/World/Fantasy_Kingdom_Pack/Meshes/Building16_b05.FBX;Universal Render Pipeline/Lit;_BaseMap;;;
Assets/Art/World/Fantasy_Kingdom_Pack/Meshes/Building16_b06.FBX;Universal Render Pipeline/Lit;_BaseMap;;;
Assets/Art/World/Fantasy_Kingdom_Pack/Meshes/Building16_b07.FBX;Universal Render Pipeline/Lit;_BaseMap;;;
Assets/Art/World/Fantasy_Kingdom_Pack/Meshes/Building16_b08.FBX;Universal Render Pipeline/Lit;_BaseMap;;;
Assets/Art/World/Fantasy_Kingdom_Pack/Meshes/Building16_c01.FBX;Universal Render Pipeline/Lit;_BaseMap;;;
Assets/Art/World/Fantasy_Kingdom_Pack/Meshes/Building16_c02.FBX;Universal Render Pipeline/Lit;_BaseMap;;;
Assets/Art/World/Fantasy_Kingdom_Pack/Meshes/Building16_c03.FBX;Universal Render Pipeline/Lit;_BaseMap;;;
Assets/Art/World/Fantasy_Kingdom_Pack/Meshes/Building16_c04.FBX;Universal Render Pipeline/Lit;_BaseMap;;;
Assets/Art/World/Fantasy_Kingdom_Pack/Meshes/Building16_c05.FBX;Universal Render Pipeline/Lit;_BaseMap;;;
Assets/Art/World/Fantasy_Kingdom_Pack/Meshes/Building16_c06.FBX;Universal Render Pipeline/Lit;_BaseMap;;;
Assets/Art/World/Fantasy_Kingdom_Pack/Meshes/Building16_c07.FBX;Universal Render Pipeline/Lit;_BaseMap;;;
Assets/Art/World/Fantasy_Kingdom_Pack/Meshes/Building16_c08.FBX;Universal Render Pipeline/Lit;_BaseMap;;;
Assets/Art/World/Fantasy_Kingdom_Pack/Meshes/Building16_d01.FBX;Universal Render Pipeline/Lit;_BaseMap;;;
Assets/Art/World/Fantasy_Kingdom_Pack/Meshes/Building16_d02.FBX;Universal Render Pipeline/Lit;_BaseMap;;;
Assets/Art/World/Fantasy_Kingdom_Pack/Meshes/Building16_d03.FBX;Universal Render Pipeline/Lit;_BaseMap;;;
Assets/Art/World/Fantasy_Kingdom_Pack/Meshes/Building16_d04.FBX;Universal Render Pipeline/Lit;_BaseMap;;;
Assets/Art/World/Fantasy_Kingdom_Pack/Meshes/Building16_d05.FBX;Universal Render Pipeline/Lit;_BaseMap;;;
Assets/Art/World/Fantasy_Kingdom_Pack/Meshes/Building16_d06.FBX;Universal Render Pipeline/Lit;_BaseMap;;;
Assets/Art/World/Fantasy_Kingdom_Pack/Meshes/Building16_d07.FBX;Universal Render Pipeline/Lit;_BaseMap;;;
Assets/Art/World/Fantasy_Kingdom_Pack/Meshes/Building16_d08.FBX;Universal Render Pipeline/Lit;_BaseMap;;;
Assets/Art/World/Fantasy_Kingdom_Pack/Meshes/Building16_e01.FBX;Universal Render Pipeline/Lit;_BaseMap;;;
Assets/Art/World/Fantasy_Kingdom_Pack/Meshes/Building16_e02.FBX;Universal Render Pipeline/Lit;_BaseMap;;;
Assets/Art/World/Fantasy_Kingdom_Pack/Meshes/Building16_e03.FBX;Universal Render Pipeline/Lit;_BaseMap;;;
Assets/Art/World/Fantasy_Kingdom_Pack/Meshes/Building16_e04.FBX;Universal Render Pipeline/Lit;_BaseMap;;;
Assets/Art/World/Fantasy_Kingdom_Pack/Meshes/Building16_e05.FBX;Universal Render Pipeline/Lit;_BaseMap;;;
Assets/Art/World/Fantasy_Kingdom_Pack/Meshes/Building16_e06.FBX;Universal Render Pipeline/Lit;_BaseMap;;;
Assets/Art/World/Fantasy_Kingdom_Pack/Meshes/Building16_e07.FBX;Universal Render Pipeline/Lit;_BaseMap;;;
Assets/Art/World/Fantasy_Kingdom_Pack/Meshes/Building16_e08.FBX;Universal Render Pipeline/Lit;_BaseMap;;;
Assets/Art/World/Fantasy_Kingdom_Pack/Meshes/Building16_f01.FBX;Universal Render Pipeline/Lit;_BaseMap;;;
Assets/Art/World/Fantasy_Kingdom_Pack/Meshes/Building16_f02.FBX;Universal Render Pipeline/Lit;_BaseMap;;;
Assets/Art/World/Fantasy_Kingdom_Pack/Meshes/Building16_f03.FBX;Universal Render Pipeline/Lit;_BaseMap;;;
Assets/Art/World/Fantasy_Kingdom_Pack/Meshes/Building16_f04.FBX;Universal Render Pipeline/Lit;_BaseMap;;;
Assets/Art/World/Fantasy_Kingdom_Pack/Meshes/Building16_f05.FBX;Universal Render Pipeline/Lit;_BaseMap;;;
Assets/Art/World/Fantasy_Kingdom_Pack/Meshes/Building16_f06.FBX;Universal Render Pipeline/Lit;_BaseMap;;;
Assets/Art/World/Fantasy_Kingdom_Pack/Meshes/Building16_f07.FBX;Universal Render Pipeline/Lit;_BaseMap;;;
Assets/Art/World/Fantasy_Kingdom_Pack/Meshes/Building16_f08.FBX;Universal Render Pipeline/Lit;_BaseMap;;;
Assets/Art/World/Fantasy_Kingdom_Pack/Meshes/Building16_g01.FBX;Universal Render Pipeline/Lit;_BaseMap;;;
Assets/Art/World/Fantasy_Kingdom_Pack/Meshes/Building16_g02.FBX;Universal Render Pipeline/Lit;_BaseMap;;;
Assets/Art/World/Fantasy_Kingdom_Pack/Meshes/Building16_g03.FBX;Universal Render Pipeline/Lit;_BaseMap;;;
Assets/Art/World/Fantasy_Kingdom_Pack/Meshes/Building16_g04.FBX;Universal Render Pipeline/Lit;_BaseMap;;;
Assets/Art/World/Fantasy_Kingdom_Pack/Meshes/Building16_g05.FBX;Universal Render Pipeline/Lit;_BaseMap;;;
Assets/Art/World/Fantasy_Kingdom_Pack/Meshes/Building16_g06.FBX;Universal Render Pipeline/Lit;_BaseMap;;;
Assets/Art/World/Fantasy_Kingdom_Pack/Meshes/Building16_g07.FBX;Universal Render Pipeline/Lit;_BaseMap;;;
Assets/Art/World/Fantasy_Kingdom_Pack/Meshes/Building16_g08.FBX;Universal Render Pipeline/Lit;_BaseMap;;;
Assets/Art/World/Fantasy_Kingdom_Pack/Meshes/Building16_h01.FBX;Universal Render Pipeline/Lit;_BaseMap;;;
Assets/Art/World/Fantasy_Kingdom_Pack/Meshes/Building16_h02.FBX;Universal Render Pipeline/Lit;_BaseMap;;;
Assets/Art/World/Fantasy_Kingdom_Pack/Meshes/Building16_h03.FBX;Universal Render Pipeline/Lit;_BaseMap;;;
Assets/Art/World/Fantasy_Kingdom_Pack/Meshes/Building16_h04.FBX;Universal Render Pipeline/Lit;_BaseMap;;;
Assets/Art/World/Fantasy_Kingdom_Pack/Meshes/Building16_h05.FBX;Universal Render Pipeline/Lit;_BaseMap;;;
Assets/Art/World/Fantasy_Kingdom_Pack/Meshes/Building16_h06.FBX;Universal Render Pipeline/Lit;_BaseMap;;;
Assets/Art/World/Fantasy_Kingdom_Pack/Meshes/Building16_h07.FBX;Universal Render Pipeline/Lit;_BaseMap;;;
Assets/Art/World/Fantasy_Kingdom_Pack/Meshes/Building16_h08.FBX;Universal Render Pipeline/Lit;_BaseMap;;;
Assets/Art/World/Fantasy_Kingdom_Pack/Meshes/Building16_i01.FBX;Universal Render Pipeline/Lit;_BaseMap;;;
Assets/Art/World/Fantasy_Kingdom_Pack/Meshes/Building16_i02.FBX;Universal Render Pipeline/Lit;_BaseMap;;;
Assets/Art/World/Fantasy_Kingdom_Pack/Meshes/Building16_i03.FBX;Universal Render Pipeline/Lit;_BaseMap;;;
Assets/Art/World/Fantasy_Kingdom_Pack/Meshes/Building16_i04.FBX;Universal Render Pipeline/Lit;_BaseMap;;;
Assets/Art/World/Fantasy_Kingdom_Pack/Meshes/Building16_i05.FBX;Universal Render Pipeline/Lit;_BaseMap;;;
Assets/Art/World/Fantasy_Kingdom_Pack/Meshes/Building16_i06.FBX;Universal Render Pipeline/Lit;_BaseMap;;;
Assets/Art/World/Fantasy_Kingdom_Pack/Meshes/Building16_i07.FBX;Universal Render Pipeline/Lit;_BaseMap;;;
Assets/Art/World/Fantasy_Kingdom_Pack/Meshes/Building16_i08.FBX;Universal Render Pipeline/Lit;_BaseMap;;;
Assets/Art/World/Fantasy_Kingdom_Pack/Meshes/Building16_j01.FBX;Universal Render Pipeline/Lit;_BaseMap;;;
Assets/Art/World/Fantasy_Kingdom_Pack/Meshes/Building16_j02.FBX;Universal Render Pipeline/Lit;_BaseMap;;;
Assets/Art/World/Fantasy_Kingdom_Pack/Meshes/Building16_j03.FBX;Universal Render Pipeline/Lit;_BaseMap;;;
Assets/Art/World/Fantasy_Kingdom_Pack/Meshes/Building16_j04.FBX;Universal Render Pipeline/Lit;_BaseMap;;;
Assets/Art/World/Fantasy_Kingdom_Pack/Meshes/Building16_j05.FBX;Universal Render Pipeline/Lit;_BaseMap;;;
Assets/Art/World/Fantasy_Kingdom_Pack/Meshes/Building16_j06.FBX;Universal Render Pipeline/Lit;_BaseMap;;;
Assets/Art/World/Fantasy_Kingdom_Pack/Meshes/Building16_j07.FBX;Universal Render Pipeline/Lit;_BaseMap;;;
Assets/Art/World/Fantasy_Kingdom_Pack/Meshes/Building16_j08.FBX;Universal Render Pipeline/Lit;_BaseMap;;;
Assets/Art/World/Fantasy_Kingdom_Pack/Meshes/Building16_k01.FBX;Universal Render Pipeline/Lit;_BaseMap;;;
Assets/Art/World/Fantasy_Kingdom_Pack/Meshes/Building16_k02.FBX;Universal Render Pipeline/Lit;_BaseMap;;;
Assets/Art/World/Fantasy_Kingdom_Pack/Meshes/Building16_k03.FBX;Universal Render Pipeline/Lit;_BaseMap;;;
Assets/Art/World/Fantasy_Kingdom_Pack/Meshes/Building16_k04.FBX;Universal Render Pipeline/Lit;_BaseMap;;;
Assets/Art/World/Fantasy_Kingdom_Pack/Meshes/Building16_k05.FBX;Universal Render Pipeline/Lit;_BaseMap;;;
Assets/Art/World/Fantasy_Kingdom_Pack/Meshes/Building16_k06.FBX;Universal Render Pipeline/Lit;_BaseMap;;;
Assets/Art/World/Fantasy_Kingdom_Pack/Meshes/Building16_k07.FBX;Universal Render Pipeline/Lit;_BaseMap;;;
Assets/Art/World/Fantasy_Kingdom_Pack/Meshes/Building16_k08.FBX;Universal Render Pipeline/Lit;_BaseMap;;;
Assets/Art/World/Fantasy_Kingdom_Pack/Meshes/Building16_l01.FBX;Universal Render Pipeline/Lit;_BaseMap;;;
Assets/Art/World/Fantasy_Kingdom_Pack/Meshes/Building16_l02.FBX;Universal Render Pipeline/Lit;_BaseMap;;;
Assets/Art/World/Fantasy_Kingdom_Pack/Meshes/Building16_l03.FBX;Universal Render Pipeline/Lit;_BaseMap;;;
Assets/Art/World/Fantasy_Kingdom_Pack/Meshes/Building16_l04.FBX;Universal Render Pipeline/Lit;_BaseMap;;;
Assets/Art/World/Fantasy_Kingdom_Pack/Meshes/Building16_l05.FBX;Universal Render Pipeline/Lit;_BaseMap;;;
Assets/Art/World/Fantasy_Kingdom_Pack/Meshes/Building16_l06.FBX;Universal Render Pipeline/Lit;_BaseMap;;;
Assets/Art/World/Fantasy_Kingdom_Pack/Meshes/Building16_l07.FBX;Universal Render Pipeline/Lit;_BaseMap;;;
Assets/Art/World/Fantasy_Kingdom_Pack/Meshes/Building16_l08.FBX;Universal Render Pipeline/Lit;_BaseMap;;;
Assets/Art/World/Fantasy_Kingdom_Pack/Meshes/Building16_m01.FBX;Universal Render Pipeline/Lit;_BaseMap;;;
Assets/Art/World/Fantasy_Kingdom_Pack/Meshes/Building16_m02.FBX;Universal Render Pipeline/Lit;_BaseMap;;;
Assets/Art/World/Fantasy_Kingdom_Pack/Meshes/Building16_m03.FBX;Universal Render Pipeline/Lit;_BaseMap;;;
Assets/Art/World/Fantasy_Kingdom_Pack/Meshes/Building16_m04.FBX;Universal Render Pipeline/Lit;_BaseMap;;;
Assets/Art/World/Fantasy_Kingdom_Pack/Meshes/Building16_m05.FBX;Universal Render Pipeline/Lit;_BaseMap;;;
Assets/Art/World/Fantasy_Kingdom_Pack/Meshes/Building16_m06.FBX;Universal Render Pipeline/Lit;_BaseMap;;;
Assets/Art/World/Fantasy_Kingdom_Pack/Meshes/Building16_m07.FBX;Universal Render Pipeline/Lit;_BaseMap;;;
Assets/Art/World/Fantasy_Kingdom_Pack/Meshes/Building16_m08.FBX;Universal Render Pipeline/Lit;_BaseMap;;;
Assets/Art/World/Fantasy_Kingdom_Pack/Meshes/Building16_n01.FBX;Universal Render Pipeline/Lit;_BaseMap;;;
Assets/Art/World/Fantasy_Kingdom_Pack/Meshes/Building16_n02.FBX;Universal Render Pipeline/Lit;_BaseMap;;;
Assets/Art/World/Fantasy_Kingdom_Pack/Meshes/Building16_n03.FBX;Universal Render Pipeline/Lit;_BaseMap;;;
Assets/Art/World/Fantasy_Kingdom_Pack/Meshes/Building16_n04.FBX;Universal Render Pipeline/Lit;_BaseMap;;;
Assets/Art/World/Fantasy_Kingdom_Pack/Meshes/Building16_n05.FBX;Universal Render Pipeline/Lit;_BaseMap;;;
Assets/Art/World/Fantasy_Kingdom_Pack/Meshes/Building16_n06.FBX;Universal Render Pipeline/Lit;_BaseMap;;;
Assets/Art/World/Fantasy_Kingdom_Pack/Meshes/Building16_n07.FBX;Universal Render Pipeline/Lit;_BaseMap;;;
Assets/Art/World/Fantasy_Kingdom_Pack/Meshes/Building16_n08.FBX;Universal Render Pipeline/Lit;_BaseMap;;;
Assets/Art/World/Fantasy_Kingdom_Pack/Meshes/Building16_o01.FBX;Universal Render Pipeline/Lit;_BaseMap;;;
Assets/Art/World/Fantasy_Kingdom_Pack/Meshes/Building16_o02.FBX;Universal Render Pipeline/Lit;_BaseMap;;;
Assets/Art/World/Fantasy_Kingdom_Pack/Meshes/Building16_o03.FBX;Universal Render Pipeline/Lit;_BaseMap;;;
Assets/Art/World/Fantasy_Kingdom_Pack/Meshes/Building16_o04.FBX;Universal Render Pipeline/Lit;_BaseMap;;;
Assets/Art/World/Fantasy_Kingdom_Pack/Meshes/Building16_o05.FBX;Universal Render Pipeline/Lit;_BaseMap;;;
Assets/Art/World/Fantasy_Kingdom_Pack/Meshes/Building16_o06.FBX;Universal Render Pipeline/Lit;_BaseMap;;;
Assets/Art/World/Fantasy_Kingdom_Pack/Meshes/Building16_o07.FBX;Universal Render Pipeline/Lit;_BaseMap;;;
Assets/Art/World/Fantasy_Kingdom_Pack/Meshes/Building16_o08.FBX;Universal Render Pipeline/Lit;_BaseMap;;;
Assets/Art/World/Fantasy_Kingdom_Pack/Meshes/Building16_p01.FBX;Universal Render Pipeline/Lit;_BaseMap;;;
Assets/Art/World/Fantasy_Kingdom_Pack/Meshes/Building16_p02.FBX;Universal Render Pipeline/Lit;_BaseMap;;;
Assets/Art/World/Fantasy_Kingdom_Pack/Meshes/Building16_p03.FBX;Universal Render Pipeline/Lit;_BaseMap;;;
Assets/Art/World/Fantasy_Kingdom_Pack/Meshes/Building16_p04.FBX;Universal Render Pipeline/Lit;_BaseMap;;;
Assets/Art/World/Fantasy_Kingdom_Pack/Meshes/Building16_p05.FBX;Universal Render Pipeline/Lit;_BaseMap;;;
Assets/Art/World/Fantasy_Kingdom_Pack/Meshes/Building16_p06.FBX;Universal Render Pipeline/Lit;_BaseMap;;;
Assets/Art/World/Fantasy_Kingdom_Pack/Meshes/Building16_p07.FBX;Universal Render Pipeline/Lit;_BaseMap;;;
Assets/Art/World/Fantasy_Kingdom_Pack/Meshes/Building16_p08.FBX;Universal Render Pipeline/Lit;_BaseMap;;;
Assets/Art/World/Fantasy_Kingdom_Pack/Meshes/Building16_q01.FBX;Universal Render Pipeline/Lit;_BaseMap;;;
Assets/Art/World/Fantasy_Kingdom_Pack/Meshes/Building16_q02.FBX;Universal Render Pipeline/Lit;_BaseMap;;;
Assets/Art/World/Fantasy_Kingdom_Pack/Meshes/Building16_q03.FBX;Universal Render Pipeline/Lit;_BaseMap;;;
Assets/Art/World/Fantasy_Kingdom_Pack/Meshes/Building16_q04.FBX;Universal Render Pipeline/Lit;_BaseMap;;;
Assets/Art/World/Fantasy_Kingdom_Pack/Meshes/Building16_q05.FBX;Universal Render Pipeline/Lit;_BaseMap;;;
Assets/Art/World/Fantasy_Kingdom_Pack/Meshes/Building16_q06.FBX;Universal Render Pipeline/Lit;_BaseMap;;;
Assets/Art/World/Fantasy_Kingdom_Pack/Meshes/Building16_q07.FBX;Universal Render Pipeline/Lit;_BaseMap;;;
Assets/Art/World/Fantasy_Kingdom_Pack/Meshes/Building16_q08.FBX;Universal Render Pipeline/Lit;_BaseMap;;;
Assets/Art/World/Fantasy_Kingdom_Pack/Meshes/Building16_r01.FBX;Universal Render Pipeline/Lit;_BaseMap;;;
Assets/Art/World/Fantasy_Kingdom_Pack/Meshes/Building16_r02.FBX;Universal Render Pipeline/Lit;_BaseMap;;;
Assets/Art/World/Fantasy_Kingdom_Pack/Meshes/Building16_r03.FBX;Universal Render Pipeline/Lit;_BaseMap;;;
Assets/Art/World/Fantasy_Kingdom_Pack/Meshes/Building16_r04.FBX;Universal Render Pipeline/Lit;_BaseMap;;;
Assets/Art/World/Fantasy_Kingdom_Pack/Meshes/Building16_r05.FBX;Universal Render Pipeline/Lit;_BaseMap;;;
Assets/Art/World/Fantasy_Kingdom_Pack/Meshes/Building16_r06.FBX;Universal Render Pipeline/Lit;_BaseMap;;;
Assets/Art/World/Fantasy_Kingdom_Pack/Meshes/Building16_r07.FBX;Universal Render Pipeline/Lit;_BaseMap;;;
Assets/Art/World/Fantasy_Kingdom_Pack/Meshes/Building16_r08.FBX;Universal Render Pipeline/Lit;_BaseMap;;;
Assets/Art/World/Fantasy_Kingdom_Pack/Meshes/Building16_s01.FBX;Universal Render Pipeline/Lit;_BaseMap;;;
Assets/Art/World/Fantasy_Kingdom_Pack/Meshes/Building16_s02.FBX;Universal Render Pipeline/Lit;_BaseMap;;;
Assets/Art/World/Fantasy_Kingdom_Pack/Meshes/Building16_s03.FBX;Universal Render Pipeline/Lit;_BaseMap;;;
Assets/Art/World/Fantasy_Kingdom_Pack/Meshes/Building16_s04.FBX;Universal Render Pipeline/Lit;_BaseMap;;;
Assets/Art/World/Fantasy_Kingdom_Pack/Meshes/Building16_s05.FBX;Universal Render Pipeline/Lit;_BaseMap;;;
Assets/Art/World/Fantasy_Kingdom_Pack/Meshes/Building16_s06.FBX;Universal Render Pipeline/Lit;_BaseMap;;;
Assets/Art/World/Fantasy_Kingdom_Pack/Meshes/Building16_s07.FBX;Universal Render Pipeline/Lit;_BaseMap;;;
Assets/Art/World/Fantasy_Kingdom_Pack/Meshes/Building16_s08.FBX;Universal Render Pipeline/Lit;_BaseMap;;;
Assets/Art/World/Fantasy_Kingdom_Pack/Meshes/Building16_t01.FBX;Universal Render Pipeline/Lit;_BaseMap;;;
Assets/Art/World/Fantasy_Kingdom_Pack/Meshes/Building16_t02.FBX;Universal Render Pipeline/Lit;_BaseMap;;;
Assets/Art/World/Fantasy_Kingdom_Pack/Meshes/Building16_t03.FBX;Universal Render Pipeline/Lit;_BaseMap;;;
Assets/Art/World/Fantasy_Kingdom_Pack/Meshes/Building16_t04.FBX;Universal Render Pipeline/Lit;_BaseMap;;;
Assets/Art/World/Fantasy_Kingdom_Pack/Meshes/Building16_t05.FBX;Universal Render Pipeline/Lit;_BaseMap;;;
Assets/Art/World/Fantasy_Kingdom_Pack/Meshes/Building16_t06.FBX;Universal Render Pipeline/Lit;_BaseMap;;;
Assets/Art/World/Fantasy_Kingdom_Pack/Meshes/Building16_t07.FBX;Universal Render Pipeline/Lit;_BaseMap;;;
Assets/Art/World/Fantasy_Kingdom_Pack/Meshes/Building16_t08.FBX;Universal Render Pipeline/Lit;_BaseMap;;;
Assets/Art/World/Fantasy_Kingdom_Pack/Meshes/Building17_a01.FBX;Universal Render Pipeline/Lit;_BaseMap;;;
Assets/Art/World/Fantasy_Kingdom_Pack/Meshes/Building17_a02.FBX;Universal Render Pipeline/Lit;_BaseMap;;;
Assets/Art/World/Fantasy_Kingdom_Pack/Meshes/Building17_a03.FBX;Universal Render Pipeline/Lit;_BaseMap;;;
Assets/Art/World/Fantasy_Kingdom_Pack/Meshes/Building17_a04.FBX;Universal Render Pipeline/Lit;_BaseMap;;;
Assets/Art/World/Fantasy_Kingdom_Pack/Meshes/Building17_a05.FBX;Universal Render Pipeline/Lit;_BaseMap;;;
Assets/Art/World/Fantasy_Kingdom_Pack/Meshes/Building17_a06.FBX;Universal Render Pipeline/Lit;_BaseMap;;;
Assets/Art/World/Fantasy_Kingdom_Pack/Meshes/Building17_a07.FBX;Universal Render Pipeline/Lit;_BaseMap;;;
Assets/Art/World/Fantasy_Kingdom_Pack/Meshes/Building17_a08.FBX;Universal Render Pipeline/Lit;_BaseMap;;;
Assets/Art/World/Fantasy_Kingdom_Pack/Meshes/Building17_b01.FBX;Universal Render Pipeline/Lit;_BaseMap;;;
Assets/Art/World/Fantasy_Kingdom_Pack/Meshes/Building17_b02.FBX;Universal Render Pipeline/Lit;_BaseMap;;;
Assets/Art/World/Fantasy_Kingdom_Pack/Meshes/Building17_b03.FBX;Universal Render Pipeline/Lit;_BaseMap;;;
Assets/Art/World/Fantasy_Kingdom_Pack/Meshes/Building17_b04.FBX;Universal Render Pipeline/Lit;_BaseMap;;;
Assets/Art/World/Fantasy_Kingdom_Pack/Meshes/Building17_b05.FBX;Universal Render Pipeline/Lit;_BaseMap;;;
Assets/Art/World/Fantasy_Kingdom_Pack/Meshes/Building17_b06.FBX;Universal Render Pipeline/Lit;_BaseMap;;;
Assets/Art/World/Fantasy_Kingdom_Pack/Meshes/Building17_b07.FBX;Universal Render Pipeline/Lit;_BaseMap;;;
Assets/Art/World/Fantasy_Kingdom_Pack/Meshes/Building17_b08.FBX;Universal Render Pipeline/Lit;_BaseMap;;;
Assets/Art/World/Fantasy_Kingdom_Pack/Meshes/Building17_c01.FBX;Universal Render Pipeline/Lit;_BaseMap;;;
Assets/Art/World/Fantasy_Kingdom_Pack/Meshes/Building17_c02.FBX;Universal Render Pipeline/Lit;_BaseMap;;;
Assets/Art/World/Fantasy_Kingdom_Pack/Meshes/Building17_c03.FBX;Universal Render Pipeline/Lit;_BaseMap;;;
Assets/Art/World/Fantasy_Kingdom_Pack/Meshes/Building17_c04.FBX;Universal Render Pipeline/Lit;_BaseMap;;;
Assets/Art/World/Fantasy_Kingdom_Pack/Meshes/Building17_c05.FBX;Universal Render Pipeline/Lit;_BaseMap;;;
Assets/Art/World/Fantasy_Kingdom_Pack/Meshes/Building17_c06.FBX;Universal Render Pipeline/Lit;_BaseMap;;;
Assets/Art/World/Fantasy_Kingdom_Pack/Meshes/Building17_c07.FBX;Universal Render Pipeline/Lit;_BaseMap;;;
Assets/Art/World/Fantasy_Kingdom_Pack/Meshes/Building17_c08.FBX;Universal Render Pipeline/Lit;_BaseMap;;;
Assets/Art/World/Fantasy_Kingdom_Pack/Meshes/Building17_d01.FBX;Universal Render Pipeline/Lit;_BaseMap;;;
Assets/Art/World/Fantasy_Kingdom_Pack/Meshes/Building17_d02.FBX;Universal Render Pipeline/Lit;_BaseMap;;;
Assets/Art/World/Fantasy_Kingdom_Pack/Meshes/Building17_d03.FBX;Universal Render Pipeline/Lit;_BaseMap;;;
Assets/Art/World/Fantasy_Kingdom_Pack/Meshes/Building17_d04.FBX;Universal Render Pipeline/Lit;_BaseMap;;;
Assets/Art/World/Fantasy_Kingdom_Pack/Meshes/Building17_d05.FBX;Universal Render Pipeline/Lit;_BaseMap;;;
Assets/Art/World/Fantasy_Kingdom_Pack/Meshes/Building17_d06.FBX;Universal Render Pipeline/Lit;_BaseMap;;;
Assets/Art/World/Fantasy_Kingdom_Pack/Meshes/Building17_d07.FBX;Universal Render Pipeline/Lit;_BaseMap;;;
Assets/Art/World/Fantasy_Kingdom_Pack/Meshes/Building17_d08.FBX;Universal Render Pipeline/Lit;_BaseMap;;;
Assets/Art/World/Fantasy_Kingdom_Pack/Meshes/Building17_e01.FBX;Universal Render Pipeline/Lit;_BaseMap;;;
Assets/Art/World/Fantasy_Kingdom_Pack/Meshes/Building17_e02.FBX;Universal Render Pipeline/Lit;_BaseMap;;;
Assets/Art/World/Fantasy_Kingdom_Pack/Meshes/Building17_e03.FBX;Universal Render Pipeline/Lit;_BaseMap;;;
Assets/Art/World/Fantasy_Kingdom_Pack/Meshes/Building17_e04.FBX;Universal Render Pipeline/Lit;_BaseMap;;;
Assets/Art/World/Fantasy_Kingdom_Pack/Meshes/Building17_e05.FBX;Universal Render Pipeline/Lit;_BaseMap;;;
Assets/Art/World/Fantasy_Kingdom_Pack/Meshes/Building17_e06.FBX;Universal Render Pipeline/Lit;_BaseMap;;;
Assets/Art/World/Fantasy_Kingdom_Pack/Meshes/Building17_e07.FBX;Universal Render Pipeline/Lit;_BaseMap;;;
Assets/Art/World/Fantasy_Kingdom_Pack/Meshes/Building17_e08.FBX;Universal Render Pipeline/Lit;_BaseMap;;;
Assets/Art/World/Fantasy_Kingdom_Pack/Meshes/Building17_f01.FBX;Universal Render Pipeline/Lit;_BaseMap;;;
Assets/Art/World/Fantasy_Kingdom_Pack/Meshes/Building17_f02.FBX;Universal Render Pipeline/Lit;_BaseMap;;;
Assets/Art/World/Fantasy_Kingdom_Pack/Meshes/Building17_f03.FBX;Universal Render Pipeline/Lit;_BaseMap;;;
Assets/Art/World/Fantasy_Kingdom_Pack/Meshes/Building17_f04.FBX;Universal Render Pipeline/Lit;_BaseMap;;;
Assets/Art/World/Fantasy_Kingdom_Pack/Meshes/Building17_f05.FBX;Universal Render Pipeline/Lit;_BaseMap;;;
Assets/Art/World/Fantasy_Kingdom_Pack/Meshes/Building17_f06.FBX;Universal Render Pipeline/Lit;_BaseMap;;;
Assets/Art/World/Fantasy_Kingdom_Pack/Meshes/Building17_f07.FBX;Universal Render Pipeline/Lit;_BaseMap;;;
Assets/Art/World/Fantasy_Kingdom_Pack/Meshes/Building17_f08.FBX;Universal Render Pipeline/Lit;_BaseMap;;;
Assets/Art/World/Fantasy_Kingdom_Pack/Meshes/Building17_g01.FBX;Universal Render Pipeline/Lit;_BaseMap;;;
Assets/Art/World/Fantasy_Kingdom_Pack/Meshes/Building17_g02.FBX;Universal Render Pipeline/Lit;_BaseMap;;;
Assets/Art/World/Fantasy_Kingdom_Pack/Meshes/Building17_g03.FBX;Universal Render Pipeline/Lit;_BaseMap;;;
Assets/Art/World/Fantasy_Kingdom_Pack/Meshes/Building17_g04.FBX;Universal Render Pipeline/Lit;_BaseMap;;;
Assets/Art/World/Fantasy_Kingdom_Pack/Meshes/Building17_g05.FBX;Universal Render Pipeline/Lit;_BaseMap;;;
Assets/Art/World/Fantasy_Kingdom_Pack/Meshes/Building17_g06.FBX;Universal Render Pipeline/Lit;_BaseMap;;;
Assets/Art/World/Fantasy_Kingdom_Pack/Meshes/Building17_g07.FBX;Universal Render Pipeline/Lit;_BaseMap;;;
Assets/Art/World/Fantasy_Kingdom_Pack/Meshes/Building17_g08.FBX;Universal Render Pipeline/Lit;_BaseMap;;;
Assets/Art/World/Fantasy_Kingdom_Pack/Meshes/Building17_h01.FBX;Universal Render Pipeline/Lit;_BaseMap;;;
Assets/Art/World/Fantasy_Kingdom_Pack/Meshes/Building17_h02.FBX;Universal Render Pipeline/Lit;_BaseMap;;;
Assets/Art/World/Fantasy_Kingdom_Pack/Meshes/Building17_h03.FBX;Universal Render Pipeline/Lit;_BaseMap;;;
Assets/Art/World/Fantasy_Kingdom_Pack/Meshes/Building17_h04.FBX;Universal Render Pipeline/Lit;_BaseMap;;;
Assets/Art/World/Fantasy_Kingdom_Pack/Meshes/Building17_h05.FBX;Universal Render Pipeline/Lit;_BaseMap;;;
Assets/Art/World/Fantasy_Kingdom_Pack/Meshes/Building17_h06.FBX;Universal Render Pipeline/Lit;_BaseMap;;;
Assets/Art/World/Fantasy_Kingdom_Pack/Meshes/Building17_h07.FBX;Universal Render Pipeline/Lit;_BaseMap;;;
Assets/Art/World/Fantasy_Kingdom_Pack/Meshes/Building17_h08.FBX;Universal Render Pipeline/Lit;_BaseMap;;;
Assets/Art/World/Fantasy_Kingdom_Pack/Meshes/Building17_i01.FBX;Universal Render Pipeline/Lit;_BaseMap;;;
Assets/Art/World/Fantasy_Kingdom_Pack/Meshes/Building17_i02.FBX;Universal Render Pipeline/Lit;_BaseMap;;;
Assets/Art/World/Fantasy_Kingdom_Pack/Meshes/Building17_i03.FBX;Universal Render Pipeline/Lit;_BaseMap;;;
Assets/Art/World/Fantasy_Kingdom_Pack/Meshes/Building17_i04.FBX;Universal Render Pipeline/Lit;_BaseMap;;;
Assets/Art/World/Fantasy_Kingdom_Pack/Meshes/Building17_i05.FBX;Universal Render Pipeline/Lit;_BaseMap;;;
Assets/Art/World/Fantasy_Kingdom_Pack/Meshes/Building17_i06.FBX;Universal Render Pipeline/Lit;_BaseMap;;;
Assets/Art/World/Fantasy_Kingdom_Pack/Meshes/Building17_i07.FBX;Universal Render Pipeline/Lit;_BaseMap;;;
Assets/Art/World/Fantasy_Kingdom_Pack/Meshes/Building17_i08.FBX;Universal Render Pipeline/Lit;_BaseMap;;;
Assets/Art/World/Fantasy_Kingdom_Pack/Meshes/Building17_j01.FBX;Universal Render Pipeline/Lit;_BaseMap;;;
Assets/Art/World/Fantasy_Kingdom_Pack/Meshes/Building17_j02.FBX;Universal Render Pipeline/Lit;_BaseMap;;;
Assets/Art/World/Fantasy_Kingdom_Pack/Meshes/Building17_j03.FBX;Universal Render Pipeline/Lit;_BaseMap;;;
Assets/Art/World/Fantasy_Kingdom_Pack/Meshes/Building17_j04.FBX;Universal Render Pipeline/Lit;_BaseMap;;;
Assets/Art/World/Fantasy_Kingdom_Pack/Meshes/Building17_j05.FBX;Universal Render Pipeline/Lit;_BaseMap;;;
Assets/Art/World/Fantasy_Kingdom_Pack/Meshes/Building17_j06.FBX;Universal Render Pipeline/Lit;_BaseMap;;;
Assets/Art/World/Fantasy_Kingdom_Pack/Meshes/Building17_j07.FBX;Universal Render Pipeline/Lit;_BaseMap;;;
Assets/Art/World/Fantasy_Kingdom_Pack/Meshes/Building17_j08.FBX;Universal Render Pipeline/Lit;_BaseMap;;;
Assets/Art/World/Fantasy_Kingdom_Pack/Meshes/Building17_k01.FBX;Universal Render Pipeline/Lit;_BaseMap;;;
Assets/Art/World/Fantasy_Kingdom_Pack/Meshes/Building17_k02.FBX;Universal Render Pipeline/Lit;_BaseMap;;;
Assets/Art/World/Fantasy_Kingdom_Pack/Meshes/Building17_k03.FBX;Universal Render Pipeline/Lit;_BaseMap;;;
Assets/Art/World/Fantasy_Kingdom_Pack/Meshes/Building17_k04.FBX;Universal Render Pipeline/Lit;_BaseMap;;;
Assets/Art/World/Fantasy_Kingdom_Pack/Meshes/Building17_k05.FBX;Universal Render Pipeline/Lit;_BaseMap;;;
Assets/Art/World/Fantasy_Kingdom_Pack/Meshes/Building17_k06.FBX;Universal Render Pipeline/Lit;_BaseMap;;;
Assets/Art/World/Fantasy_Kingdom_Pack/Meshes/Building17_k07.FBX;Universal Render Pipeline/Lit;_BaseMap;;;
Assets/Art/World/Fantasy_Kingdom_Pack/Meshes/Building17_k08.FBX;Universal Render Pipeline/Lit;_BaseMap;;;
Assets/Art/World/Fantasy_Kingdom_Pack/Meshes/Building17_l01.FBX;Universal Render Pipeline/Lit;_BaseMap;;;
Assets/Art/World/Fantasy_Kingdom_Pack/Meshes/Building17_l02.FBX;Universal Render Pipeline/Lit;_BaseMap;;;
Assets/Art/World/Fantasy_Kingdom_Pack/Meshes/Building17_l03.FBX;Universal Render Pipeline/Lit;_BaseMap;;;
Assets/Art/World/Fantasy_Kingdom_Pack/Meshes/Building17_l04.FBX;Universal Render Pipeline/Lit;_BaseMap;;;
Assets/Art/World/Fantasy_Kingdom_Pack/Meshes/Building17_l05.FBX;Universal Render Pipeline/Lit;_BaseMap;;;
Assets/Art/World/Fantasy_Kingdom_Pack/Meshes/Building17_l06.FBX;Universal Render Pipeline/Lit;_BaseMap;;;
Assets/Art/World/Fantasy_Kingdom_Pack/Meshes/Building17_l07.FBX;Universal Render Pipeline/Lit;_BaseMap;;;
Assets/Art/World/Fantasy_Kingdom_Pack/Meshes/Building17_l08.FBX;Universal Render Pipeline/Lit;_BaseMap;;;
Assets/Art/World/Fantasy_Kingdom_Pack/Meshes/Building17_m01.FBX;Universal Render Pipeline/Lit;_BaseMap;;;
Assets/Art/World/Fantasy_Kingdom_Pack/Meshes/Building17_m02.FBX;Universal Render Pipeline/Lit;_BaseMap;;;
Assets/Art/World/Fantasy_Kingdom_Pack/Meshes/Building17_m03.FBX;Universal Render Pipeline/Lit;_BaseMap;;;
Assets/Art/World/Fantasy_Kingdom_Pack/Meshes/Building17_m04.FBX;Universal Render Pipeline/Lit;_BaseMap;;;
Assets/Art/World/Fantasy_Kingdom_Pack/Meshes/Building17_m05.FBX;Universal Render Pipeline/Lit;_BaseMap;;;
Assets/Art/World/Fantasy_Kingdom_Pack/Meshes/Building17_m06.FBX;Universal Render Pipeline/Lit;_BaseMap;;;
Assets/Art/World/Fantasy_Kingdom_Pack/Meshes/Building17_m07.FBX;Universal Render Pipeline/Lit;_BaseMap;;;
Assets/Art/World/Fantasy_Kingdom_Pack/Meshes/Building17_m08.FBX;Universal Render Pipeline/Lit;_BaseMap;;;
Assets/Art/World/Fantasy_Kingdom_Pack/Meshes/Building17_n01.FBX;Universal Render Pipeline/Lit;_BaseMap;;;
Assets/Art/World/Fantasy_Kingdom_Pack/Meshes/Building17_n02.FBX;Universal Render Pipeline/Lit;_BaseMap;;;
Assets/Art/World/Fantasy_Kingdom_Pack/Meshes/Building17_n03.FBX;Universal Render Pipeline/Lit;_BaseMap;;;
Assets/Art/World/Fantasy_Kingdom_Pack/Meshes/Building17_n04.FBX;Universal Render Pipeline/Lit;_BaseMap;;;
Assets/Art/World/Fantasy_Kingdom_Pack/Meshes/Building17_n05.FBX;Universal Render Pipeline/Lit;_BaseMap;;;
Assets/Art/World/Fantasy_Kingdom_Pack/Meshes/Building17_n06.FBX;Universal Render Pipeline/Lit;_BaseMap;;;
Assets/Art/World/Fantasy_Kingdom_Pack/Meshes/Building17_n07.FBX;Universal Render Pipeline/Lit;_BaseMap;;;
Assets/Art/World/Fantasy_Kingdom_Pack/Meshes/Building17_n08.FBX;Universal Render Pipeline/Lit;_BaseMap;;;
Assets/Art/World/Fantasy_Kingdom_Pack/Meshes/Building17_o01.FBX;Universal Render Pipeline/Lit;_BaseMap;;;
Assets/Art/World/Fantasy_Kingdom_Pack/Meshes/Building17_o02.FBX;Universal Render Pipeline/Lit;_BaseMap;;;
Assets/Art/World/Fantasy_Kingdom_Pack/Meshes/Building17_o03.FBX;Universal Render Pipeline/Lit;_BaseMap;;;
Assets/Art/World/Fantasy_Kingdom_Pack/Meshes/Building17_o04.FBX;Universal Render Pipeline/Lit;_BaseMap;;;
Assets/Art/World/Fantasy_Kingdom_Pack/Meshes/Building17_o05.FBX;Universal Render Pipeline/Lit;_BaseMap;;;
Assets/Art/World/Fantasy_Kingdom_Pack/Meshes/Building17_o06.FBX;Universal Render Pipeline/Lit;_BaseMap;;;
Assets/Art/World/Fantasy_Kingdom_Pack/Meshes/Building17_o07.FBX;Universal Render Pipeline/Lit;_BaseMap;;;
Assets/Art/World/Fantasy_Kingdom_Pack/Meshes/Building17_o08.FBX;Universal Render Pipeline/Lit;_BaseMap;;;
Assets/Art/World/Fantasy_Kingdom_Pack/Meshes/Building18_a01.FBX;Universal Render Pipeline/Lit;_BaseMap;;;
Assets/Art/World/Fantasy_Kingdom_Pack/Meshes/Building18_a02.FBX;Universal Render Pipeline/Lit;_BaseMap;;;
Assets/Art/World/Fantasy_Kingdom_Pack/Meshes/Building18_a03.FBX;Universal Render Pipeline/Lit;_BaseMap;;;
Assets/Art/World/Fantasy_Kingdom_Pack/Meshes/Building18_a04.FBX;Universal Render Pipeline/Lit;_BaseMap;;;
Assets/Art/World/Fantasy_Kingdom_Pack/Meshes/Building18_a05.FBX;Universal Render Pipeline/Lit;_BaseMap;;;
Assets/Art/World/Fantasy_Kingdom_Pack/Meshes/Building18_b01.FBX;Universal Render Pipeline/Lit;_BaseMap;;;
Assets/Art/World/Fantasy_Kingdom_Pack/Meshes/Building18_b02.FBX;Universal Render Pipeline/Lit;_BaseMap;;;
Assets/Art/World/Fantasy_Kingdom_Pack/Meshes/Building18_b03.FBX;Universal Render Pipeline/Lit;_BaseMap;;;
Assets/Art/World/Fantasy_Kingdom_Pack/Meshes/Building18_b04.FBX;Universal Render Pipeline/Lit;_BaseMap;;;
Assets/Art/World/Fantasy_Kingdom_Pack/Meshes/Building18_b05.FBX;Universal Render Pipeline/Lit;_BaseMap;;;
Assets/Art/World/Fantasy_Kingdom_Pack/Meshes/Building18_c01.FBX;Universal Render Pipeline/Lit;_BaseMap;;;
Assets/Art/World/Fantasy_Kingdom_Pack/Meshes/Building18_c02.FBX;Universal Render Pipeline/Lit;_BaseMap;;;
Assets/Art/World/Fantasy_Kingdom_Pack/Meshes/Building18_c03.FBX;Universal Render Pipeline/Lit;_BaseMap;;;
Assets/Art/World/Fantasy_Kingdom_Pack/Meshes/Building18_c04.FBX;Universal Render Pipeline/Lit;_BaseMap;;;
Assets/Art/World/Fantasy_Kingdom_Pack/Meshes/Building18_c05.FBX;Universal Render Pipeline/Lit;_BaseMap;;;
Assets/Art/World/Fantasy_Kingdom_Pack/Meshes/Building18_d01.FBX;Universal Render Pipeline/Lit;_BaseMap;;;
Assets/Art/World/Fantasy_Kingdom_Pack/Meshes/Building18_d02.FBX;Universal Render Pipeline/Lit;_BaseMap;;;
Assets/Art/World/Fantasy_Kingdom_Pack/Meshes/Building18_d03.FBX;Universal Render Pipeline/Lit;_BaseMap;;;
Assets/Art/World/Fantasy_Kingdom_Pack/Meshes/Building18_d04.FBX;Universal Render Pipeline/Lit;_BaseMap;;;
Assets/Art/World/Fantasy_Kingdom_Pack/Meshes/Building18_d05.FBX;Universal Render Pipeline/Lit;_BaseMap;;;
Assets/Art/World/Fantasy_Kingdom_Pack/Meshes/Building18_e01.FBX;Universal Render Pipeline/Lit;_BaseMap;;;
Assets/Art/World/Fantasy_Kingdom_Pack/Meshes/Building18_e02.FBX;Universal Render Pipeline/Lit;_BaseMap;;;
Assets/Art/World/Fantasy_Kingdom_Pack/Meshes/Building18_e03.FBX;Universal Render Pipeline/Lit;_BaseMap;;;
Assets/Art/World/Fantasy_Kingdom_Pack/Meshes/Building18_e04.FBX;Universal Render Pipeline/Lit;_BaseMap;;;
Assets/Art/World/Fantasy_Kingdom_Pack/Meshes/Building18_e05.FBX;Universal Render Pipeline/Lit;_BaseMap;;;
Assets/Art/World/Fantasy_Kingdom_Pack/Meshes/Building18_f01.FBX;Universal Render Pipeline/Lit;_BaseMap;;;
Assets/Art/World/Fantasy_Kingdom_Pack/Meshes/Building18_f02.FBX;Universal Render Pipeline/Lit;_BaseMap;;;
Assets/Art/World/Fantasy_Kingdom_Pack/Meshes/Building18_f03.FBX;Universal Render Pipeline/Lit;_BaseMap;;;
Assets/Art/World/Fantasy_Kingdom_Pack/Meshes/Building18_f04.FBX;Universal Render Pipeline/Lit;_BaseMap;;;
Assets/Art/World/Fantasy_Kingdom_Pack/Meshes/Building18_f05.FBX;Universal Render Pipeline/Lit;_BaseMap;;;
Assets/Art/World/Fantasy_Kingdom_Pack/Meshes/Building18_g01.FBX;Universal Render Pipeline/Lit;_BaseMap;;;
Assets/Art/World/Fantasy_Kingdom_Pack/Meshes/Building18_g02.FBX;Universal Render Pipeline/Lit;_BaseMap;;;
Assets/Art/World/Fantasy_Kingdom_Pack/Meshes/Building18_g03.FBX;Universal Render Pipeline/Lit;_BaseMap;;;
Assets/Art/World/Fantasy_Kingdom_Pack/Meshes/Building18_g04.FBX;Universal Render Pipeline/Lit;_BaseMap;;;
Assets/Art/World/Fantasy_Kingdom_Pack/Meshes/Building18_g05.FBX;Universal Render Pipeline/Lit;_BaseMap;;;
Assets/Art/World/Fantasy_Kingdom_Pack/Meshes/Building18_h01.FBX;Universal Render Pipeline/Lit;_BaseMap;;;
Assets/Art/World/Fantasy_Kingdom_Pack/Meshes/Building18_h02.FBX;Universal Render Pipeline/Lit;_BaseMap;;;
Assets/Art/World/Fantasy_Kingdom_Pack/Meshes/Building18_h03.FBX;Universal Render Pipeline/Lit;_BaseMap;;;
Assets/Art/World/Fantasy_Kingdom_Pack/Meshes/Building18_h04.FBX;Universal Render Pipeline/Lit;_BaseMap;;;
Assets/Art/World/Fantasy_Kingdom_Pack/Meshes/Building18_h05.FBX;Universal Render Pipeline/Lit;_BaseMap;;;
Assets/Art/World/Fantasy_Kingdom_Pack/Meshes/Building18_i01.FBX;Universal Render Pipeline/Lit;_BaseMap;;;
Assets/Art/World/Fantasy_Kingdom_Pack/Meshes/Building18_i02.FBX;Universal Render Pipeline/Lit;_BaseMap;;;
Assets/Art/World/Fantasy_Kingdom_Pack/Meshes/Building18_i03.FBX;Universal Render Pipeline/Lit;_BaseMap;;;
Assets/Art/World/Fantasy_Kingdom_Pack/Meshes/Building18_i04.FBX;Universal Render Pipeline/Lit;_BaseMap;;;
Assets/Art/World/Fantasy_Kingdom_Pack/Meshes/Building18_i05.FBX;Universal Render Pipeline/Lit;_BaseMap;;;
Assets/Art/World/Fantasy_Kingdom_Pack/Meshes/Building18_j01.FBX;Universal Render Pipeline/Lit;_BaseMap;;;
Assets/Art/World/Fantasy_Kingdom_Pack/Meshes/Building18_j02.FBX;Universal Render Pipeline/Lit;_BaseMap;;;
Assets/Art/World/Fantasy_Kingdom_Pack/Meshes/Building18_j03.FBX;Universal Render Pipeline/Lit;_BaseMap;;;
Assets/Art/World/Fantasy_Kingdom_Pack/Meshes/Building18_j04.FBX;Universal Render Pipeline/Lit;_BaseMap;;;
Assets/Art/World/Fantasy_Kingdom_Pack/Meshes/Building18_j05.FBX;Universal Render Pipeline/Lit;_BaseMap;;;
Assets/Art/World/Fantasy_Kingdom_Pack/Meshes/Building19_a01.FBX;Universal Render Pipeline/Lit;_BaseMap;;;
Assets/Art/World/Fantasy_Kingdom_Pack/Meshes/Building19_a02.FBX;Universal Render Pipeline/Lit;_BaseMap;;;
Assets/Art/World/Fantasy_Kingdom_Pack/Meshes/Building19_a03.FBX;Universal Render Pipeline/Lit;_BaseMap;;;
Assets/Art/World/Fantasy_Kingdom_Pack/Meshes/Building19_b01.FBX;Universal Render Pipeline/Lit;_BaseMap;;;
Assets/Art/World/Fantasy_Kingdom_Pack/Meshes/Building19_b02.FBX;Universal Render Pipeline/Lit;_BaseMap;;;
Assets/Art/World/Fantasy_Kingdom_Pack/Meshes/Building19_b03.FBX;Universal Render Pipeline/Lit;_BaseMap;;;
Assets/Art/World/Fantasy_Kingdom_Pack/Meshes/Building19_c01.FBX;Universal Render Pipeline/Lit;_BaseMap;;;
Assets/Art/World/Fantasy_Kingdom_Pack/Meshes/Building19_c02.FBX;Universal Render Pipeline/Lit;_BaseMap;;;
Assets/Art/World/Fantasy_Kingdom_Pack/Meshes/Building19_c03.FBX;Universal Render Pipeline/Lit;_BaseMap;;;
Assets/Art/World/Fantasy_Kingdom_Pack/Meshes/Building19_d01.FBX;Universal Render Pipeline/Lit;_BaseMap;;;
Assets/Art/World/Fantasy_Kingdom_Pack/Meshes/Building19_d02.FBX;Universal Render Pipeline/Lit;_BaseMap;;;
Assets/Art/World/Fantasy_Kingdom_Pack/Meshes/Building19_d03.FBX;Universal Render Pipeline/Lit;_BaseMap;;;
Assets/Art/World/Fantasy_Kingdom_Pack/Meshes/Building19_e01.FBX;Universal Render Pipeline/Lit;_BaseMap;;;
Assets/Art/World/Fantasy_Kingdom_Pack/Meshes/Building19_e02.FBX;Universal Render Pipeline/Lit;_BaseMap;;;
Assets/Art/World/Fantasy_Kingdom_Pack/Meshes/Building19_e03.FBX;Universal Render Pipeline/Lit;_BaseMap;;;
Assets/Art/World/Fantasy_Kingdom_Pack/Meshes/Building20_a01.FBX;Universal Render Pipeline/Lit;_BaseMap;;;
Assets/Art/World/Fantasy_Kingdom_Pack/Meshes/Building20_a02.FBX;Universal Render Pipeline/Lit;_BaseMap;;;
Assets/Art/World/Fantasy_Kingdom_Pack/Meshes/Building20_a03.FBX;Universal Render Pipeline/Lit;_BaseMap;;;
Assets/Art/World/Fantasy_Kingdom_Pack/Meshes/Building20_b01.FBX;Universal Render Pipeline/Lit;_BaseMap;;;
Assets/Art/World/Fantasy_Kingdom_Pack/Meshes/Building20_b02.FBX;Universal Render Pipeline/Lit;_BaseMap;;;
Assets/Art/World/Fantasy_Kingdom_Pack/Meshes/Building20_b03.FBX;Universal Render Pipeline/Lit;_BaseMap;;;
Assets/Art/World/Fantasy_Kingdom_Pack/Meshes/Building20_c01.FBX;Universal Render Pipeline/Lit;_BaseMap;;;
Assets/Art/World/Fantasy_Kingdom_Pack/Meshes/Building20_c02.FBX;Universal Render Pipeline/Lit;_BaseMap;;;
Assets/Art/World/Fantasy_Kingdom_Pack/Meshes/Building20_c03.FBX;Universal Render Pipeline/Lit;_BaseMap;;;
Assets/Art/World/Fantasy_Kingdom_Pack/Meshes/Building20_d01.FBX;Universal Render Pipeline/Lit;_BaseMap;;;
Assets/Art/World/Fantasy_Kingdom_Pack/Meshes/Building20_d02.FBX;Universal Render Pipeline/Lit;_BaseMap;;;
Assets/Art/World/Fantasy_Kingdom_Pack/Meshes/Building20_d03.FBX;Universal Render Pipeline/Lit;_BaseMap;;;
Assets/Art/World/Fantasy_Kingdom_Pack/Meshes/Building20_e01.FBX;Universal Render Pipeline/Lit;_BaseMap;;;
Assets/Art/World/Fantasy_Kingdom_Pack/Meshes/Building20_e02.FBX;Universal Render Pipeline/Lit;_BaseMap;;;
Assets/Art/World/Fantasy_Kingdom_Pack/Meshes/Building20_e03.FBX;Universal Render Pipeline/Lit;_BaseMap;;;
Assets/Art/World/Fantasy_Kingdom_Pack/Meshes/Building20_f01.FBX;Universal Render Pipeline/Lit;_BaseMap;;;
Assets/Art/World/Fantasy_Kingdom_Pack/Meshes/Building21_a01.FBX;Universal Render Pipeline/Lit;_BaseMap;;;
Assets/Art/World/Fantasy_Kingdom_Pack/Meshes/Building21_a02.FBX;Universal Render Pipeline/Lit;_BaseMap;;;
Assets/Art/World/Fantasy_Kingdom_Pack/Meshes/Building21_a03.FBX;Universal Render Pipeline/Lit;_BaseMap;;;
Assets/Art/World/Fantasy_Kingdom_Pack/Meshes/Building21_b01.FBX;Universal Render Pipeline/Lit;_BaseMap;;;
Assets/Art/World/Fantasy_Kingdom_Pack/Meshes/Building21_b02.FBX;Universal Render Pipeline/Lit;_BaseMap;;;
Assets/Art/World/Fantasy_Kingdom_Pack/Meshes/Building21_b03.FBX;Universal Render Pipeline/Lit;_BaseMap;;;
Assets/Art/World/Fantasy_Kingdom_Pack/Meshes/Building21_c01.FBX;Universal Render Pipeline/Lit;_BaseMap;;;
Assets/Art/World/Fantasy_Kingdom_Pack/Meshes/Building21_c02.FBX;Universal Render Pipeline/Lit;_BaseMap;;;
Assets/Art/World/Fantasy_Kingdom_Pack/Meshes/Building21_c03.FBX;Universal Render Pipeline/Lit;_BaseMap;;;
Assets/Art/World/Fantasy_Kingdom_Pack/Meshes/Building21_d01.FBX;Universal Render Pipeline/Lit;_BaseMap;;;
Assets/Art/World/Fantasy_Kingdom_Pack/Meshes/Building21_d02.FBX;Universal Render Pipeline/Lit;_BaseMap;;;
Assets/Art/World/Fantasy_Kingdom_Pack/Meshes/Building21_d03.FBX;Universal Render Pipeline/Lit;_BaseMap;;;
Assets/Art/World/Fantasy_Kingdom_Pack/Meshes/Building21_e01.FBX;Universal Render Pipeline/Lit;_BaseMap;;;
Assets/Art/World/Fantasy_Kingdom_Pack/Meshes/Building21_e02.FBX;Universal Render Pipeline/Lit;_BaseMap;;;
Assets/Art/World/Fantasy_Kingdom_Pack/Meshes/Building21_e03.FBX;Universal Render Pipeline/Lit;_BaseMap;;;
Assets/Art/World/Fantasy_Kingdom_Pack/Meshes/Building22_a01.FBX;Universal Render Pipeline/Lit;_BaseMap;;;
Assets/Art/World/Fantasy_Kingdom_Pack/Meshes/Building22_b01.FBX;Universal Render Pipeline/Lit;_BaseMap;;;
Assets/Art/World/Fantasy_Kingdom_Pack/Meshes/Building22_b02.FBX;Universal Render Pipeline/Lit;_BaseMap;;;
Assets/Art/World/Fantasy_Kingdom_Pack/Meshes/Building22_b03.FBX;Universal Render Pipeline/Lit;_BaseMap;;;
Assets/Art/World/Fantasy_Kingdom_Pack/Meshes/Building22_c01.FBX;Universal Render Pipeline/Lit;_BaseMap;;;
Assets/Art/World/Fantasy_Kingdom_Pack/Meshes/Building22_c02.FBX;Universal Render Pipeline/Lit;_BaseMap;;;
Assets/Art/World/Fantasy_Kingdom_Pack/Meshes/Building22_c03.FBX;Universal Render Pipeline/Lit;_BaseMap;;;
Assets/Art/World/Fantasy_Kingdom_Pack/Meshes/Building22_d01.FBX;Universal Render Pipeline/Lit;_BaseMap;;;
Assets/Art/World/Fantasy_Kingdom_Pack/Meshes/Building22_d02.FBX;Universal Render Pipeline/Lit;_BaseMap;;;
Assets/Art/World/Fantasy_Kingdom_Pack/Meshes/Building22_d03.FBX;Universal Render Pipeline/Lit;_BaseMap;;;
Assets/Art/World/Fantasy_Kingdom_Pack/Meshes/Building22_d04.FBX;Universal Render Pipeline/Lit;_BaseMap;;;
Assets/Art/World/Fantasy_Kingdom_Pack/Meshes/Building22_e01.FBX;Universal Render Pipeline/Lit;_BaseMap;;;
Assets/Art/World/Fantasy_Kingdom_Pack/Meshes/Building22_e02.FBX;Universal Render Pipeline/Lit;_BaseMap;;;
Assets/Art/World/Fantasy_Kingdom_Pack/Meshes/Building22_f01.FBX;Universal Render Pipeline/Lit;_BaseMap;;;
Assets/Art/World/Fantasy_Kingdom_Pack/Meshes/Building22_g01.FBX;Universal Render Pipeline/Lit;_BaseMap;;;
Assets/Art/World/Fantasy_Kingdom_Pack/Meshes/Building22_g02.FBX;Universal Render Pipeline/Lit;_BaseMap;;;
Assets/Art/World/Fantasy_Kingdom_Pack/Meshes/Building22_g03.FBX;Universal Render Pipeline/Lit;_BaseMap;;;
Assets/Art/World/Fantasy_Kingdom_Pack/Meshes/Building22_g04.FBX;Universal Render Pipeline/Lit;_BaseMap;;;
Assets/Art/World/Fantasy_Kingdom_Pack/Meshes/Building22_g05.FBX;Universal Render Pipeline/Lit;_BaseMap;;;
Assets/Art/World/Fantasy_Kingdom_Pack/Meshes/Building22_g06.FBX;Universal Render Pipeline/Lit;_BaseMap;;;
Assets/Art/World/Fantasy_Kingdom_Pack/Meshes/Building22_g07.FBX;Universal Render Pipeline/Lit;_BaseMap;;;
Assets/Art/World/Fantasy_Kingdom_Pack/Meshes/Building22_g08.FBX;Universal Render Pipeline/Lit;_BaseMap;;;
Assets/Art/World/Fantasy_Kingdom_Pack/Meshes/Building22_g09.FBX;Universal Render Pipeline/Lit;_BaseMap;;;
Assets/Art/World/Fantasy_Kingdom_Pack/Meshes/Building22_h01.FBX;Universal Render Pipeline/Lit;_BaseMap;;;
Assets/Art/World/Fantasy_Kingdom_Pack/Meshes/Building22_h02.FBX;Universal Render Pipeline/Lit;_BaseMap;;;
Assets/Art/World/Fantasy_Kingdom_Pack/Meshes/Building22_h03.FBX;Universal Render Pipeline/Lit;_BaseMap;;;
Assets/Art/World/Fantasy_Kingdom_Pack/Meshes/Building22_h04.FBX;Universal Render Pipeline/Lit;_BaseMap;;;
Assets/Art/World/Fantasy_Kingdom_Pack/Meshes/Building22_h05.FBX;Universal Render Pipeline/Lit;_BaseMap;;;
Assets/Art/World/Fantasy_Kingdom_Pack/Meshes/Building22_h06.FBX;Universal Render Pipeline/Lit;_BaseMap;;;
Assets/Art/World/Fantasy_Kingdom_Pack/Meshes/Building22_h07.FBX;Universal Render Pipeline/Lit;_BaseMap;;;
Assets/Art/World/Fantasy_Kingdom_Pack/Meshes/Building22_h08.FBX;Universal Render Pipeline/Lit;_BaseMap;;;
Assets/Art/World/Fantasy_Kingdom_Pack/Meshes/Building22_h09.FBX;Universal Render Pipeline/Lit;_BaseMap;;;
Assets/Art/World/Fantasy_Kingdom_Pack/Meshes/Building22_i01.FBX;Universal Render Pipeline/Lit;_BaseMap;;;
Assets/Art/World/Fantasy_Kingdom_Pack/Meshes/Building22_i02.FBX;Universal Render Pipeline/Lit;_BaseMap;;;
Assets/Art/World/Fantasy_Kingdom_Pack/Meshes/Building22_i03.FBX;Universal Render Pipeline/Lit;_BaseMap;;;
Assets/Art/World/Fantasy_Kingdom_Pack/Meshes/Building22_i04.FBX;Universal Render Pipeline/Lit;_BaseMap;;;
Assets/Art/World/Fantasy_Kingdom_Pack/Meshes/Building22_i05.FBX;Universal Render Pipeline/Lit;_BaseMap;;;
Assets/Art/World/Fantasy_Kingdom_Pack/Meshes/Building22_i06.FBX;Universal Render Pipeline/Lit;_BaseMap;;;
Assets/Art/World/Fantasy_Kingdom_Pack/Meshes/Building22_i07.FBX;Universal Render Pipeline/Lit;_BaseMap;;;
Assets/Art/World/Fantasy_Kingdom_Pack/Meshes/Building22_i08.FBX;Universal Render Pipeline/Lit;_BaseMap;;;
Assets/Art/World/Fantasy_Kingdom_Pack/Meshes/Building22_i09.FBX;Universal Render Pipeline/Lit;_BaseMap;;;
Assets/Art/World/Fantasy_Kingdom_Pack/Meshes/Building22_j01.FBX;Universal Render Pipeline/Lit;_BaseMap;;;
Assets/Art/World/Fantasy_Kingdom_Pack/Meshes/Building22_j02.FBX;Universal Render Pipeline/Lit;_BaseMap;;;
Assets/Art/World/Fantasy_Kingdom_Pack/Meshes/Building22_j03.FBX;Universal Render Pipeline/Lit;_BaseMap;;;
Assets/Art/World/Fantasy_Kingdom_Pack/Meshes/Building22_j04.FBX;Universal Render Pipeline/Lit;_BaseMap;;;
Assets/Art/World/Fantasy_Kingdom_Pack/Meshes/Building22_j05.FBX;Universal Render Pipeline/Lit;_BaseMap;;;
Assets/Art/World/Fantasy_Kingdom_Pack/Meshes/Building22_j06.FBX;Universal Render Pipeline/Lit;_BaseMap;;;
Assets/Art/World/Fantasy_Kingdom_Pack/Meshes/Building22_j07.FBX;Universal Render Pipeline/Lit;_BaseMap;;;
Assets/Art/World/Fantasy_Kingdom_Pack/Meshes/Building22_j08.FBX;Universal Render Pipeline/Lit;_BaseMap;;;
Assets/Art/World/Fantasy_Kingdom_Pack/Meshes/Building22_j09.FBX;Universal Render Pipeline/Lit;_BaseMap;;;
Assets/Art/World/Fantasy_Kingdom_Pack/Meshes/Building22_k01.FBX;Universal Render Pipeline/Lit;_BaseMap;;;
Assets/Art/World/Fantasy_Kingdom_Pack/Meshes/Building22_k02.FBX;Universal Render Pipeline/Lit;_BaseMap;;;
Assets/Art/World/Fantasy_Kingdom_Pack/Meshes/Building22_k03.FBX;Universal Render Pipeline/Lit;_BaseMap;;;
Assets/Art/World/Fantasy_Kingdom_Pack/Meshes/Building22_k04.FBX;Universal Render Pipeline/Lit;_BaseMap;;;
Assets/Art/World/Fantasy_Kingdom_Pack/Meshes/Building22_k05.FBX;Universal Render Pipeline/Lit;_BaseMap;;;
Assets/Art/World/Fantasy_Kingdom_Pack/Meshes/Building22_k06.FBX;Universal Render Pipeline/Lit;_BaseMap;;;
Assets/Art/World/Fantasy_Kingdom_Pack/Meshes/Building22_k07.FBX;Universal Render Pipeline/Lit;_BaseMap;;;
Assets/Art/World/Fantasy_Kingdom_Pack/Meshes/Building22_k08.FBX;Universal Render Pipeline/Lit;_BaseMap;;;
Assets/Art/World/Fantasy_Kingdom_Pack/Meshes/Building22_k09.FBX;Universal Render Pipeline/Lit;_BaseMap;;;
Assets/Art/World/Fantasy_Kingdom_Pack/Meshes/Building23_a01.FBX;Universal Render Pipeline/Lit;_BaseMap;;;
Assets/Art/World/Fantasy_Kingdom_Pack/Meshes/Building23_a02.FBX;Universal Render Pipeline/Lit;_BaseMap;;;
Assets/Art/World/Fantasy_Kingdom_Pack/Meshes/Building23_b01.FBX;Universal Render Pipeline/Lit;_BaseMap;;;
Assets/Art/World/Fantasy_Kingdom_Pack/Meshes/Building23_b02.FBX;Universal Render Pipeline/Lit;_BaseMap;;;
Assets/Art/World/Fantasy_Kingdom_Pack/Meshes/Building23_b03.FBX;Universal Render Pipeline/Lit;_BaseMap;;;
Assets/Art/World/Fantasy_Kingdom_Pack/Meshes/Building23_b04.FBX;Universal Render Pipeline/Lit;_BaseMap;;;
Assets/Art/World/Fantasy_Kingdom_Pack/Meshes/Building23_b05.FBX;Universal Render Pipeline/Lit;_BaseMap;;;
Assets/Art/World/Fantasy_Kingdom_Pack/Meshes/Building23_b06.FBX;Universal Render Pipeline/Lit;_BaseMap;;;
Assets/Art/World/Fantasy_Kingdom_Pack/Meshes/Building23_c01.FBX;Universal Render Pipeline/Lit;_BaseMap;;;
Assets/Art/World/Fantasy_Kingdom_Pack/Meshes/Building23_c02.FBX;Universal Render Pipeline/Lit;_BaseMap;;;
Assets/Art/World/Fantasy_Kingdom_Pack/Meshes/Building23_c03.FBX;Universal Render Pipeline/Lit;_BaseMap;;;
Assets/Art/World/Fantasy_Kingdom_Pack/Meshes/Building23_c04.FBX;Universal Render Pipeline/Lit;_BaseMap;;;
Assets/Art/World/Fantasy_Kingdom_Pack/Meshes/Building23_d01.FBX;Universal Render Pipeline/Lit;_BaseMap;;;
Assets/Art/World/Fantasy_Kingdom_Pack/Meshes/Building23_e01.FBX;Universal Render Pipeline/Lit;_BaseMap;;;
Assets/Art/World/Fantasy_Kingdom_Pack/Meshes/Building23_e02.FBX;Universal Render Pipeline/Lit;_BaseMap;;;
Assets/Art/World/Fantasy_Kingdom_Pack/Meshes/Building23_f01.FBX;Universal Render Pipeline/Lit;_BaseMap;;;
Assets/Art/World/Fantasy_Kingdom_Pack/Meshes/Building23_f02.FBX;Universal Render Pipeline/Lit;_BaseMap;;;
Assets/Art/World/Fantasy_Kingdom_Pack/Meshes/Building23_g01.FBX;Universal Render Pipeline/Lit;_BaseMap;;;
Assets/Art/World/Fantasy_Kingdom_Pack/Meshes/Building23_g02.FBX;Universal Render Pipeline/Lit;_BaseMap;;;
Assets/Art/World/Fantasy_Kingdom_Pack/Meshes/Building23_h01.FBX;Universal Render Pipeline/Lit;_BaseMap;;;
Assets/Art/World/Fantasy_Kingdom_Pack/Meshes/Building23_h02.FBX;Universal Render Pipeline/Lit;_BaseMap;;;
Assets/Art/World/Fantasy_Kingdom_Pack/Meshes/Building23_i01.FBX;Universal Render Pipeline/Lit;_BaseMap;;;
Assets/Art/World/Fantasy_Kingdom_Pack/Meshes/Building23_i02.FBX;Universal Render Pipeline/Lit;_BaseMap;;;
Assets/Art/World/Fantasy_Kingdom_Pack/Meshes/Building24_a01.FBX;Universal Render Pipeline/Lit;_BaseMap;;;
Assets/Art/World/Fantasy_Kingdom_Pack/Meshes/Building24_a02.FBX;Universal Render Pipeline/Lit;_BaseMap;;;
Assets/Art/World/Fantasy_Kingdom_Pack/Meshes/Building24_a03.FBX;Universal Render Pipeline/Lit;_BaseMap;;;
Assets/Art/World/Fantasy_Kingdom_Pack/Meshes/Building24_a04.FBX;Universal Render Pipeline/Lit;_BaseMap;;;
Assets/Art/World/Fantasy_Kingdom_Pack/Meshes/Building24_a05.FBX;Universal Render Pipeline/Lit;_BaseMap;;;
Assets/Art/World/Fantasy_Kingdom_Pack/Meshes/Building24_a06.FBX;Universal Render Pipeline/Lit;_BaseMap;;;
Assets/Art/World/Fantasy_Kingdom_Pack/Meshes/Building24_a07.FBX;Universal Render Pipeline/Lit;_BaseMap;;;
Assets/Art/World/Fantasy_Kingdom_Pack/Meshes/Building24_a08.FBX;Universal Render Pipeline/Lit;_BaseMap;;;
Assets/Art/World/Fantasy_Kingdom_Pack/Meshes/Building24_a09.FBX;Universal Render Pipeline/Lit;_BaseMap;;;
Assets/Art/World/Fantasy_Kingdom_Pack/Meshes/Building24_a10.FBX;Universal Render Pipeline/Lit;_BaseMap;;;
Assets/Art/World/Fantasy_Kingdom_Pack/Meshes/Building24_a11.FBX;Universal Render Pipeline/Lit;_BaseMap;;;
Assets/Art/World/Fantasy_Kingdom_Pack/Meshes/Building24_a12.FBX;Universal Render Pipeline/Lit;_BaseMap;;;
Assets/Art/World/Fantasy_Kingdom_Pack/Meshes/Building24_a13.FBX;Universal Render Pipeline/Lit;_BaseMap;;;
Assets/Art/World/Fantasy_Kingdom_Pack/Meshes/Building24_a14.FBX;Universal Render Pipeline/Lit;_BaseMap;;;
Assets/Art/World/Fantasy_Kingdom_Pack/Meshes/Building24_a15.FBX;Universal Render Pipeline/Lit;_BaseMap;;;
Assets/Art/World/Fantasy_Kingdom_Pack/Meshes/Building24_a16.FBX;Universal Render Pipeline/Lit;_BaseMap;;;
Assets/Art/World/Fantasy_Kingdom_Pack/Meshes/Building24_a17.FBX;Universal Render Pipeline/Lit;_BaseMap;;;
Assets/Art/World/Fantasy_Kingdom_Pack/Meshes/Building24_a18.FBX;Universal Render Pipeline/Lit;_BaseMap;;;
Assets/Art/World/Fantasy_Kingdom_Pack/Meshes/Building24_a19.FBX;Universal Render Pipeline/Lit;_BaseMap;;;
Assets/Art/World/Fantasy_Kingdom_Pack/Meshes/Building24_a20.FBX;Universal Render Pipeline/Lit;_BaseMap;;;
Assets/Art/World/Fantasy_Kingdom_Pack/Meshes/Building24_a21.FBX;Universal Render Pipeline/Lit;_BaseMap;;;
Assets/Art/World/Fantasy_Kingdom_Pack/Meshes/Building24_a22.FBX;Universal Render Pipeline/Lit;_BaseMap;;;
Assets/Art/World/Fantasy_Kingdom_Pack/Meshes/Building24_a23.FBX;Universal Render Pipeline/Lit;_BaseMap;;;
Assets/Art/World/Fantasy_Kingdom_Pack/Meshes/Building24_a24.FBX;Universal Render Pipeline/Lit;_BaseMap;;;
Assets/Art/World/Fantasy_Kingdom_Pack/Meshes/Building24_a25.FBX;Universal Render Pipeline/Lit;_BaseMap;;;
Assets/Art/World/Fantasy_Kingdom_Pack/Meshes/Building24_b01.FBX;Universal Render Pipeline/Lit;_BaseMap;;;
Assets/Art/World/Fantasy_Kingdom_Pack/Meshes/Building24_b02.FBX;Universal Render Pipeline/Lit;_BaseMap;;;
Assets/Art/World/Fantasy_Kingdom_Pack/Meshes/Building24_b03.FBX;Universal Render Pipeline/Lit;_BaseMap;;;
Assets/Art/World/Fantasy_Kingdom_Pack/Meshes/Building24_b04.FBX;Universal Render Pipeline/Lit;_BaseMap;;;
Assets/Art/World/Fantasy_Kingdom_Pack/Meshes/Building24_b05.FBX;Universal Render Pipeline/Lit;_BaseMap;;;
Assets/Art/World/Fantasy_Kingdom_Pack/Meshes/Building24_b06.FBX;Universal Render Pipeline/Lit;_BaseMap;;;
Assets/Art/World/Fantasy_Kingdom_Pack/Meshes/Building24_b07.FBX;Universal Render Pipeline/Lit;_BaseMap;;;
Assets/Art/World/Fantasy_Kingdom_Pack/Meshes/Building24_b08.FBX;Universal Render Pipeline/Lit;_BaseMap;;;
Assets/Art/World/Fantasy_Kingdom_Pack/Meshes/Building24_b09.FBX;Universal Render Pipeline/Lit;_BaseMap;;;
Assets/Art/World/Fantasy_Kingdom_Pack/Meshes/Building24_b10.FBX;Universal Render Pipeline/Lit;_BaseMap;;;
Assets/Art/World/Fantasy_Kingdom_Pack/Meshes/Building24_b11.FBX;Universal Render Pipeline/Lit;_BaseMap;;;
Assets/Art/World/Fantasy_Kingdom_Pack/Meshes/Building24_b12.FBX;Universal Render Pipeline/Lit;_BaseMap;;;
Assets/Art/World/Fantasy_Kingdom_Pack/Meshes/Building24_b13.FBX;Universal Render Pipeline/Lit;_BaseMap;;;
Assets/Art/World/Fantasy_Kingdom_Pack/Meshes/Building24_b14.FBX;Universal Render Pipeline/Lit;_BaseMap;;;
Assets/Art/World/Fantasy_Kingdom_Pack/Meshes/Building24_b15.FBX;Universal Render Pipeline/Lit;_BaseMap;;;
Assets/Art/World/Fantasy_Kingdom_Pack/Meshes/Building24_b16.FBX;Universal Render Pipeline/Lit;_BaseMap;;;
Assets/Art/World/Fantasy_Kingdom_Pack/Meshes/Building24_b17.FBX;Universal Render Pipeline/Lit;_BaseMap;;;
Assets/Art/World/Fantasy_Kingdom_Pack/Meshes/Building24_b18.FBX;Universal Render Pipeline/Lit;_BaseMap;;;
Assets/Art/World/Fantasy_Kingdom_Pack/Meshes/Building24_b19.FBX;Universal Render Pipeline/Lit;_BaseMap;;;
Assets/Art/World/Fantasy_Kingdom_Pack/Meshes/Building24_b20.FBX;Universal Render Pipeline/Lit;_BaseMap;;;
Assets/Art/World/Fantasy_Kingdom_Pack/Meshes/Building24_b21.FBX;Universal Render Pipeline/Lit;_BaseMap;;;
Assets/Art/World/Fantasy_Kingdom_Pack/Meshes/Building24_b22.FBX;Universal Render Pipeline/Lit;_BaseMap;;;
Assets/Art/World/Fantasy_Kingdom_Pack/Meshes/Building24_b23.FBX;Universal Render Pipeline/Lit;_BaseMap;;;
Assets/Art/World/Fantasy_Kingdom_Pack/Meshes/Building24_b24.FBX;Universal Render Pipeline/Lit;_BaseMap;;;
Assets/Art/World/Fantasy_Kingdom_Pack/Meshes/Building24_b25.FBX;Universal Render Pipeline/Lit;_BaseMap;;;
Assets/Art/World/Fantasy_Kingdom_Pack/Meshes/Building24_b26.FBX;Universal Render Pipeline/Lit;_BaseMap;;;
Assets/Art/World/Fantasy_Kingdom_Pack/Meshes/Building24_b27.FBX;Universal Render Pipeline/Lit;_BaseMap;;;
Assets/Art/World/Fantasy_Kingdom_Pack/Meshes/Building24_b28.FBX;Universal Render Pipeline/Lit;_BaseMap;;;
Assets/Art/World/Fantasy_Kingdom_Pack/Meshes/Building24_b29.FBX;Universal Render Pipeline/Lit;_BaseMap;;;
Assets/Art/World/Fantasy_Kingdom_Pack/Meshes/Building24_b30.FBX;Universal Render Pipeline/Lit;_BaseMap;;;
Assets/Art/World/Fantasy_Kingdom_Pack/Meshes/Building24_c01.FBX;Universal Render Pipeline/Lit;_BaseMap;;;
Assets/Art/World/Fantasy_Kingdom_Pack/Meshes/Building24_c02.FBX;Universal Render Pipeline/Lit;_BaseMap;;;
Assets/Art/World/Fantasy_Kingdom_Pack/Meshes/Building24_c03.FBX;Universal Render Pipeline/Lit;_BaseMap;;;
Assets/Art/World/Fantasy_Kingdom_Pack/Meshes/Building24_c04.FBX;Universal Render Pipeline/Lit;_BaseMap;;;
Assets/Art/World/Fantasy_Kingdom_Pack/Meshes/Building24_c05.FBX;Universal Render Pipeline/Lit;_BaseMap;;;
Assets/Art/World/Fantasy_Kingdom_Pack/Meshes/Building24_c06.FBX;Universal Render Pipeline/Lit;_BaseMap;;;
Assets/Art/World/Fantasy_Kingdom_Pack/Meshes/Building24_c07.FBX;Universal Render Pipeline/Lit;_BaseMap;;;
Assets/Art/World/Fantasy_Kingdom_Pack/Meshes/Building24_c08.FBX;Universal Render Pipeline/Lit;_BaseMap;;;
Assets/Art/World/Fantasy_Kingdom_Pack/Meshes/Building24_c09.FBX;Universal Render Pipeline/Lit;_BaseMap;;;
Assets/Art/World/Fantasy_Kingdom_Pack/Meshes/Building24_c10.FBX;Universal Render Pipeline/Lit;_BaseMap;;;
Assets/Art/World/Fantasy_Kingdom_Pack/Meshes/Building24_c11.FBX;Universal Render Pipeline/Lit;_BaseMap;;;
Assets/Art/World/Fantasy_Kingdom_Pack/Meshes/Building24_c12.FBX;Universal Render Pipeline/Lit;_BaseMap;;;
Assets/Art/World/Fantasy_Kingdom_Pack/Meshes/Building24_c13.FBX;Universal Render Pipeline/Lit;_BaseMap;;;
Assets/Art/World/Fantasy_Kingdom_Pack/Meshes/Building24_c14.FBX;Universal Render Pipeline/Lit;_BaseMap;;;
Assets/Art/World/Fantasy_Kingdom_Pack/Meshes/Building24_c15.FBX;Universal Render Pipeline/Lit;_BaseMap;;;
Assets/Art/World/Fantasy_Kingdom_Pack/Meshes/Building24_c16.FBX;Universal Render Pipeline/Lit;_BaseMap;;;
Assets/Art/World/Fantasy_Kingdom_Pack/Meshes/Building24_c17.FBX;Universal Render Pipeline/Lit;_BaseMap;;;
Assets/Art/World/Fantasy_Kingdom_Pack/Meshes/Building24_c18.FBX;Universal Render Pipeline/Lit;_BaseMap;;;
Assets/Art/World/Fantasy_Kingdom_Pack/Meshes/Building24_c19.FBX;Universal Render Pipeline/Lit;_BaseMap;;;
Assets/Art/World/Fantasy_Kingdom_Pack/Meshes/Building24_c20.FBX;Universal Render Pipeline/Lit;_BaseMap;;;
Assets/Art/World/Fantasy_Kingdom_Pack/Meshes/Building24_d01.FBX;Universal Render Pipeline/Lit;_BaseMap;;;
Assets/Art/World/Fantasy_Kingdom_Pack/Meshes/Building24_d02.FBX;Universal Render Pipeline/Lit;_BaseMap;;;
Assets/Art/World/Fantasy_Kingdom_Pack/Meshes/Building24_d03.FBX;Universal Render Pipeline/Lit;_BaseMap;;;
Assets/Art/World/Fantasy_Kingdom_Pack/Meshes/Building24_d04.FBX;Universal Render Pipeline/Lit;_BaseMap;;;
Assets/Art/World/Fantasy_Kingdom_Pack/Meshes/Building24_d05.FBX;Universal Render Pipeline/Lit;_BaseMap;;;
Assets/Art/World/Fantasy_Kingdom_Pack/Meshes/Building24_d06.FBX;Universal Render Pipeline/Lit;_BaseMap;;;
Assets/Art/World/Fantasy_Kingdom_Pack/Meshes/Building24_d07.FBX;Universal Render Pipeline/Lit;_BaseMap;;;
Assets/Art/World/Fantasy_Kingdom_Pack/Meshes/Building24_d08.FBX;Universal Render Pipeline/Lit;_BaseMap;;;
Assets/Art/World/Fantasy_Kingdom_Pack/Meshes/Building24_d09.FBX;Universal Render Pipeline/Lit;_BaseMap;;;
Assets/Art/World/Fantasy_Kingdom_Pack/Meshes/Building24_d10.FBX;Universal Render Pipeline/Lit;_BaseMap;;;
Assets/Art/World/Fantasy_Kingdom_Pack/Meshes/Building24_d11.FBX;Universal Render Pipeline/Lit;_BaseMap;;;
Assets/Art/World/Fantasy_Kingdom_Pack/Meshes/Building24_d12.FBX;Universal Render Pipeline/Lit;_BaseMap;;;
Assets/Art/World/Fantasy_Kingdom_Pack/Meshes/Building24_d13.FBX;Universal Render Pipeline/Lit;_BaseMap;;;
Assets/Art/World/Fantasy_Kingdom_Pack/Meshes/Building24_d14.FBX;Universal Render Pipeline/Lit;_BaseMap;;;
Assets/Art/World/Fantasy_Kingdom_Pack/Meshes/Building24_d15.FBX;Universal Render Pipeline/Lit;_BaseMap;;;
Assets/Art/World/Fantasy_Kingdom_Pack/Meshes/Building24_e01.FBX;Universal Render Pipeline/Lit;_BaseMap;;;
Assets/Art/World/Fantasy_Kingdom_Pack/Meshes/Building24_e02.FBX;Universal Render Pipeline/Lit;_BaseMap;;;
Assets/Art/World/Fantasy_Kingdom_Pack/Meshes/Building24_e03.FBX;Universal Render Pipeline/Lit;_BaseMap;;;
Assets/Art/World/Fantasy_Kingdom_Pack/Meshes/Building24_e04.FBX;Universal Render Pipeline/Lit;_BaseMap;;;
Assets/Art/World/Fantasy_Kingdom_Pack/Meshes/Building24_e05.FBX;Universal Render Pipeline/Lit;_BaseMap;;;
Assets/Art/World/Fantasy_Kingdom_Pack/Meshes/Building24_e06.FBX;Universal Render Pipeline/Lit;_BaseMap;;;
Assets/Art/World/Fantasy_Kingdom_Pack/Meshes/Building24_e07.FBX;Universal Render Pipeline/Lit;_BaseMap;;;
Assets/Art/World/Fantasy_Kingdom_Pack/Meshes/Building24_e08.FBX;Universal Render Pipeline/Lit;_BaseMap;;;
Assets/Art/World/Fantasy_Kingdom_Pack/Meshes/Building24_e09.FBX;Universal Render Pipeline/Lit;_BaseMap;;;
Assets/Art/World/Fantasy_Kingdom_Pack/Meshes/Building24_e10.FBX;Universal Render Pipeline/Lit;_BaseMap;;;
Assets/Art/World/Fantasy_Kingdom_Pack/Meshes/Building24_e11.FBX;Universal Render Pipeline/Lit;_BaseMap;;;
Assets/Art/World/Fantasy_Kingdom_Pack/Meshes/Building24_e12.FBX;Universal Render Pipeline/Lit;_BaseMap;;;
Assets/Art/World/Fantasy_Kingdom_Pack/Meshes/Building24_e13.FBX;Universal Render Pipeline/Lit;_BaseMap;;;
Assets/Art/World/Fantasy_Kingdom_Pack/Meshes/Building24_e14.FBX;Universal Render Pipeline/Lit;_BaseMap;;;
Assets/Art/World/Fantasy_Kingdom_Pack/Meshes/Building24_e15.FBX;Universal Render Pipeline/Lit;_BaseMap;;;
Assets/Art/World/Fantasy_Kingdom_Pack/Meshes/Building24_e16.FBX;Universal Render Pipeline/Lit;_BaseMap;;;
Assets/Art/World/Fantasy_Kingdom_Pack/Meshes/Building24_e17.FBX;Universal Render Pipeline/Lit;_BaseMap;;;
Assets/Art/World/Fantasy_Kingdom_Pack/Meshes/Building24_e18.FBX;Universal Render Pipeline/Lit;_BaseMap;;;
Assets/Art/World/Fantasy_Kingdom_Pack/Meshes/Building24_e20.FBX;Universal Render Pipeline/Lit;_BaseMap;;;
Assets/Art/World/Fantasy_Kingdom_Pack/Meshes/Building24_e21.FBX;Universal Render Pipeline/Lit;_BaseMap;;;
Assets/Art/World/Fantasy_Kingdom_Pack/Meshes/Building24_e22.FBX;Universal Render Pipeline/Lit;_BaseMap;;;
Assets/Art/World/Fantasy_Kingdom_Pack/Meshes/Building24_e23.FBX;Universal Render Pipeline/Lit;_BaseMap;;;
Assets/Art/World/Fantasy_Kingdom_Pack/Meshes/Building24_e24.FBX;Universal Render Pipeline/Lit;_BaseMap;;;
Assets/Art/World/Fantasy_Kingdom_Pack/Meshes/Building24_e25.FBX;Universal Render Pipeline/Lit;_BaseMap;;;
Assets/Art/World/Fantasy_Kingdom_Pack/Meshes/Building24_e26.FBX;Universal Render Pipeline/Lit;_BaseMap;;;
Assets/Art/World/Fantasy_Kingdom_Pack/Meshes/Building24_e27.FBX;Universal Render Pipeline/Lit;_BaseMap;;;
Assets/Art/World/Fantasy_Kingdom_Pack/Meshes/Building24_e28.FBX;Universal Render Pipeline/Lit;_BaseMap;;;
Assets/Art/World/Fantasy_Kingdom_Pack/Meshes/Building24_e29.FBX;Universal Render Pipeline/Lit;_BaseMap;;;
Assets/Art/World/Fantasy_Kingdom_Pack/Meshes/Building24_e30.FBX;Universal Render Pipeline/Lit;_BaseMap;;;
Assets/Art/World/Fantasy_Kingdom_Pack/Meshes/Building24_e31.FBX;Universal Render Pipeline/Lit;_BaseMap;;;
Assets/Art/World/Fantasy_Kingdom_Pack/Meshes/Building24_e32.FBX;Universal Render Pipeline/Lit;_BaseMap;;;
Assets/Art/World/Fantasy_Kingdom_Pack/Meshes/Building24_e33.FBX;Universal Render Pipeline/Lit;_BaseMap;;;
Assets/Art/World/Fantasy_Kingdom_Pack/Meshes/Building24_e34.FBX;Universal Render Pipeline/Lit;_BaseMap;;;
Assets/Art/World/Fantasy_Kingdom_Pack/Meshes/Building24_e35.FBX;Universal Render Pipeline/Lit;_BaseMap;;;
Assets/Art/World/Fantasy_Kingdom_Pack/Meshes/Building24_f01.FBX;Universal Render Pipeline/Lit;_BaseMap;;;
Assets/Art/World/Fantasy_Kingdom_Pack/Meshes/Building24_f02.FBX;Universal Render Pipeline/Lit;_BaseMap;;;
Assets/Art/World/Fantasy_Kingdom_Pack/Meshes/Building24_f03.FBX;Universal Render Pipeline/Lit;_BaseMap;;;
Assets/Art/World/Fantasy_Kingdom_Pack/Meshes/Building24_f04.FBX;Universal Render Pipeline/Lit;_BaseMap;;;
Assets/Art/World/Fantasy_Kingdom_Pack/Meshes/Building24_f05.FBX;Universal Render Pipeline/Lit;_BaseMap;;;
Assets/Art/World/Fantasy_Kingdom_Pack/Meshes/Building24_f06.FBX;Universal Render Pipeline/Lit;_BaseMap;;;
Assets/Art/World/Fantasy_Kingdom_Pack/Meshes/Building24_f07.FBX;Universal Render Pipeline/Lit;_BaseMap;;;
Assets/Art/World/Fantasy_Kingdom_Pack/Meshes/Building24_f08.FBX;Universal Render Pipeline/Lit;_BaseMap;;;
Assets/Art/World/Fantasy_Kingdom_Pack/Meshes/Building24_f09.FBX;Universal Render Pipeline/Lit;_BaseMap;;;
Assets/Art/World/Fantasy_Kingdom_Pack/Meshes/Building24_f10.FBX;Universal Render Pipeline/Lit;_BaseMap;;;
Assets/Art/World/Fantasy_Kingdom_Pack/Meshes/Building24_g01.FBX;Universal Render Pipeline/Lit;_BaseMap;;;
Assets/Art/World/Fantasy_Kingdom_Pack/Meshes/Building24_g02.FBX;Universal Render Pipeline/Lit;_BaseMap;;;
Assets/Art/World/Fantasy_Kingdom_Pack/Meshes/Building24_g03.FBX;Universal Render Pipeline/Lit;_BaseMap;;;
Assets/Art/World/Fantasy_Kingdom_Pack/Meshes/Building24_g04.FBX;Universal Render Pipeline/Lit;_BaseMap;;;
Assets/Art/World/Fantasy_Kingdom_Pack/Meshes/Building24_g05.FBX;Universal Render Pipeline/Lit;_BaseMap;;;
Assets/Art/World/Fantasy_Kingdom_Pack/Meshes/Building24_g06.FBX;Universal Render Pipeline/Lit;_BaseMap;;;
Assets/Art/World/Fantasy_Kingdom_Pack/Meshes/Building24_g07.FBX;Universal Render Pipeline/Lit;_BaseMap;;;
Assets/Art/World/Fantasy_Kingdom_Pack/Meshes/Building24_g08.FBX;Universal Render Pipeline/Lit;_BaseMap;;;
Assets/Art/World/Fantasy_Kingdom_Pack/Meshes/Building24_g09.FBX;Universal Render Pipeline/Lit;_BaseMap;;;
Assets/Art/World/Fantasy_Kingdom_Pack/Meshes/Building24_g10.FBX;Universal Render Pipeline/Lit;_BaseMap;;;
Assets/Art/World/Fantasy_Kingdom_Pack/Meshes/Building24_g11.FBX;Universal Render Pipeline/Lit;_BaseMap;;;
Assets/Art/World/Fantasy_Kingdom_Pack/Meshes/Building24_g12.FBX;Universal Render Pipeline/Lit;_BaseMap;;;
Assets/Art/World/Fantasy_Kingdom_Pack/Meshes/Building24_g13.FBX;Universal Render Pipeline/Lit;_BaseMap;;;
Assets/Art/World/Fantasy_Kingdom_Pack/Meshes/Building24_g14.FBX;Universal Render Pipeline/Lit;_BaseMap;;;
Assets/Art/World/Fantasy_Kingdom_Pack/Meshes/Building24_g15.FBX;Universal Render Pipeline/Lit;_BaseMap;;;
Assets/Art/World/Fantasy_Kingdom_Pack/Meshes/Building24_g16.FBX;Universal Render Pipeline/Lit;_BaseMap;;;
Assets/Art/World/Fantasy_Kingdom_Pack/Meshes/Building24_g17.FBX;Universal Render Pipeline/Lit;_BaseMap;;;
Assets/Art/World/Fantasy_Kingdom_Pack/Meshes/Building24_g18.FBX;Universal Render Pipeline/Lit;_BaseMap;;;
Assets/Art/World/Fantasy_Kingdom_Pack/Meshes/Building24_g19.FBX;Universal Render Pipeline/Lit;_BaseMap;;;
Assets/Art/World/Fantasy_Kingdom_Pack/Meshes/Building24_g20.FBX;Universal Render Pipeline/Lit;_BaseMap;;;
Assets/Art/World/Fantasy_Kingdom_Pack/Meshes/Building25_a01.FBX;Universal Render Pipeline/Lit;_BaseMap;;;
Assets/Art/World/Fantasy_Kingdom_Pack/Meshes/Building25_a02.FBX;Universal Render Pipeline/Lit;_BaseMap;;;
Assets/Art/World/Fantasy_Kingdom_Pack/Meshes/Building25_a03.FBX;Universal Render Pipeline/Lit;_BaseMap;;;
Assets/Art/World/Fantasy_Kingdom_Pack/Meshes/Building25_a04.FBX;Universal Render Pipeline/Lit;_BaseMap;;;
Assets/Art/World/Fantasy_Kingdom_Pack/Meshes/Building25_a05.FBX;Universal Render Pipeline/Lit;_BaseMap;;;
Assets/Art/World/Fantasy_Kingdom_Pack/Meshes/Building25_a06.FBX;Universal Render Pipeline/Lit;_BaseMap;;;
Assets/Art/World/Fantasy_Kingdom_Pack/Meshes/Building25_a07.FBX;Universal Render Pipeline/Lit;_BaseMap;;;
Assets/Art/World/Fantasy_Kingdom_Pack/Meshes/Building25_a08.FBX;Universal Render Pipeline/Lit;_BaseMap;;;
Assets/Art/World/Fantasy_Kingdom_Pack/Meshes/Building25_b01.FBX;Universal Render Pipeline/Lit;_BaseMap;;;
Assets/Art/World/Fantasy_Kingdom_Pack/Meshes/Building25_b02.FBX;Universal Render Pipeline/Lit;_BaseMap;;;
Assets/Art/World/Fantasy_Kingdom_Pack/Meshes/Building25_b03.FBX;Universal Render Pipeline/Lit;_BaseMap;;;
Assets/Art/World/Fantasy_Kingdom_Pack/Meshes/Building25_b04.FBX;Universal Render Pipeline/Lit;_BaseMap;;;
Assets/Art/World/Fantasy_Kingdom_Pack/Meshes/Building25_b05.FBX;Universal Render Pipeline/Lit;_BaseMap;;;
Assets/Art/World/Fantasy_Kingdom_Pack/Meshes/Building25_b06.FBX;Universal Render Pipeline/Lit;_BaseMap;;;
Assets/Art/World/Fantasy_Kingdom_Pack/Meshes/Building25_b07.FBX;Universal Render Pipeline/Lit;_BaseMap;;;
Assets/Art/World/Fantasy_Kingdom_Pack/Meshes/Building25_b08.FBX;Universal Render Pipeline/Lit;_BaseMap;;;
Assets/Art/World/Fantasy_Kingdom_Pack/Meshes/Building25_c01.FBX;Universal Render Pipeline/Lit;_BaseMap;;;
Assets/Art/World/Fantasy_Kingdom_Pack/Meshes/Building25_c02.FBX;Universal Render Pipeline/Lit;_BaseMap;;;
Assets/Art/World/Fantasy_Kingdom_Pack/Meshes/Building25_c03.FBX;Universal Render Pipeline/Lit;_BaseMap;;;
Assets/Art/World/Fantasy_Kingdom_Pack/Meshes/Building25_c04.FBX;Universal Render Pipeline/Lit;_BaseMap;;;
Assets/Art/World/Fantasy_Kingdom_Pack/Meshes/Building25_c05.FBX;Universal Render Pipeline/Lit;_BaseMap;;;
Assets/Art/World/Fantasy_Kingdom_Pack/Meshes/Building25_c06.FBX;Universal Render Pipeline/Lit;_BaseMap;;;
Assets/Art/World/Fantasy_Kingdom_Pack/Meshes/Building25_c07.FBX;Universal Render Pipeline/Lit;_BaseMap;;;
Assets/Art/World/Fantasy_Kingdom_Pack/Meshes/Building25_c08.FBX;Universal Render Pipeline/Lit;_BaseMap;;;
Assets/Art/World/Fantasy_Kingdom_Pack/Meshes/Building25_d01.FBX;Universal Render Pipeline/Lit;_BaseMap;;;
Assets/Art/World/Fantasy_Kingdom_Pack/Meshes/Building25_d02.FBX;Universal Render Pipeline/Lit;_BaseMap;;;
Assets/Art/World/Fantasy_Kingdom_Pack/Meshes/Building25_d03.FBX;Universal Render Pipeline/Lit;_BaseMap;;;
Assets/Art/World/Fantasy_Kingdom_Pack/Meshes/Building25_d04.FBX;Universal Render Pipeline/Lit;_BaseMap;;;
Assets/Art/World/Fantasy_Kingdom_Pack/Meshes/Building25_d05.FBX;Universal Render Pipeline/Lit;_BaseMap;;;
Assets/Art/World/Fantasy_Kingdom_Pack/Meshes/Building25_d06.FBX;Universal Render Pipeline/Lit;_BaseMap;;;
Assets/Art/World/Fantasy_Kingdom_Pack/Meshes/Building25_d07.FBX;Universal Render Pipeline/Lit;_BaseMap;;;
Assets/Art/World/Fantasy_Kingdom_Pack/Meshes/Building25_d08.FBX;Universal Render Pipeline/Lit;_BaseMap;;;
Assets/Art/World/Fantasy_Kingdom_Pack/Meshes/Building25_e01.FBX;Universal Render Pipeline/Lit;_BaseMap;;;
Assets/Art/World/Fantasy_Kingdom_Pack/Meshes/Building25_e02.FBX;Universal Render Pipeline/Lit;_BaseMap;;;
Assets/Art/World/Fantasy_Kingdom_Pack/Meshes/Building25_e03.FBX;Universal Render Pipeline/Lit;_BaseMap;;;
Assets/Art/World/Fantasy_Kingdom_Pack/Meshes/Building25_e04.FBX;Universal Render Pipeline/Lit;_BaseMap;;;
Assets/Art/World/Fantasy_Kingdom_Pack/Meshes/Building25_e05.FBX;Universal Render Pipeline/Lit;_BaseMap;;;
Assets/Art/World/Fantasy_Kingdom_Pack/Meshes/Building25_e06.FBX;Universal Render Pipeline/Lit;_BaseMap;;;
Assets/Art/World/Fantasy_Kingdom_Pack/Meshes/Building25_e07.FBX;Universal Render Pipeline/Lit;_BaseMap;;;
Assets/Art/World/Fantasy_Kingdom_Pack/Meshes/Building25_e08.FBX;Universal Render Pipeline/Lit;_BaseMap;;;
Assets/Art/World/Fantasy_Kingdom_Pack/Meshes/Building26_a01.FBX;Universal Render Pipeline/Lit;_BaseMap;;;
Assets/Art/World/Fantasy_Kingdom_Pack/Meshes/Building26_a02.FBX;Universal Render Pipeline/Lit;_BaseMap;;;
Assets/Art/World/Fantasy_Kingdom_Pack/Meshes/Building26_a03.FBX;Universal Render Pipeline/Lit;_BaseMap;;;
Assets/Art/World/Fantasy_Kingdom_Pack/Meshes/Building26_a04.FBX;Universal Render Pipeline/Lit;_BaseMap;;;
Assets/Art/World/Fantasy_Kingdom_Pack/Meshes/Building26_a05.FBX;Universal Render Pipeline/Lit;_BaseMap;;;
Assets/Art/World/Fantasy_Kingdom_Pack/Meshes/Building26_a06.FBX;Universal Render Pipeline/Lit;_BaseMap;;;
Assets/Art/World/Fantasy_Kingdom_Pack/Meshes/Building26_a07.FBX;Universal Render Pipeline/Lit;_BaseMap;;;
Assets/Art/World/Fantasy_Kingdom_Pack/Meshes/Building26_a08.FBX;Universal Render Pipeline/Lit;_BaseMap;;;
Assets/Art/World/Fantasy_Kingdom_Pack/Meshes/Building26_a09.FBX;Universal Render Pipeline/Lit;_BaseMap;;;
Assets/Art/World/Fantasy_Kingdom_Pack/Meshes/Building26_a10.FBX;Universal Render Pipeline/Lit;_BaseMap;;;
Assets/Art/World/Fantasy_Kingdom_Pack/Meshes/Building26_b01.FBX;Universal Render Pipeline/Lit;_BaseMap;;;
Assets/Art/World/Fantasy_Kingdom_Pack/Meshes/Building26_b02.FBX;Universal Render Pipeline/Lit;_BaseMap;;;
Assets/Art/World/Fantasy_Kingdom_Pack/Meshes/Building26_b03.FBX;Universal Render Pipeline/Lit;_BaseMap;;;
Assets/Art/World/Fantasy_Kingdom_Pack/Meshes/Building26_b04.FBX;Universal Render Pipeline/Lit;_BaseMap;;;
Assets/Art/World/Fantasy_Kingdom_Pack/Meshes/Building26_b05.FBX;Universal Render Pipeline/Lit;_BaseMap;;;
Assets/Art/World/Fantasy_Kingdom_Pack/Meshes/Building26_b06.FBX;Universal Render Pipeline/Lit;_BaseMap;;;
Assets/Art/World/Fantasy_Kingdom_Pack/Meshes/Building26_b07.FBX;Universal Render Pipeline/Lit;_BaseMap;;;
Assets/Art/World/Fantasy_Kingdom_Pack/Meshes/Building26_b08.FBX;Universal Render Pipeline/Lit;_BaseMap;;;
Assets/Art/World/Fantasy_Kingdom_Pack/Meshes/Building26_b09.FBX;Universal Render Pipeline/Lit;_BaseMap;;;
Assets/Art/World/Fantasy_Kingdom_Pack/Meshes/Building26_b10.FBX;Universal Render Pipeline/Lit;_BaseMap;;;
Assets/Art/World/Fantasy_Kingdom_Pack/Meshes/Building26_c01.FBX;Universal Render Pipeline/Lit;_BaseMap;;;
Assets/Art/World/Fantasy_Kingdom_Pack/Meshes/Building26_c02.FBX;Universal Render Pipeline/Lit;_BaseMap;;;
Assets/Art/World/Fantasy_Kingdom_Pack/Meshes/Building26_c03.FBX;Universal Render Pipeline/Lit;_BaseMap;;;
Assets/Art/World/Fantasy_Kingdom_Pack/Meshes/Building26_c04.FBX;Universal Render Pipeline/Lit;_BaseMap;;;
Assets/Art/World/Fantasy_Kingdom_Pack/Meshes/Building26_c05.FBX;Universal Render Pipeline/Lit;_BaseMap;;;
Assets/Art/World/Fantasy_Kingdom_Pack/Meshes/Building26_c06.FBX;Universal Render Pipeline/Lit;_BaseMap;;;
Assets/Art/World/Fantasy_Kingdom_Pack/Meshes/Building26_c07.FBX;Universal Render Pipeline/Lit;_BaseMap;;;
Assets/Art/World/Fantasy_Kingdom_Pack/Meshes/Building26_c08.FBX;Universal Render Pipeline/Lit;_BaseMap;;;
Assets/Art/World/Fantasy_Kingdom_Pack/Meshes/Building26_c09.FBX;Universal Render Pipeline/Lit;_BaseMap;;;
Assets/Art/World/Fantasy_Kingdom_Pack/Meshes/Building26_c10.FBX;Universal Render Pipeline/Lit;_BaseMap;;;
Assets/Art/World/Fantasy_Kingdom_Pack/Meshes/Bunker01_a01.FBX;Universal Render Pipeline/Lit;_BaseMap;;;
Assets/Art/World/Fantasy_Kingdom_Pack/Meshes/Cabinet01_a01.FBX;Universal Render Pipeline/Lit;_BaseMap;;;
Assets/Art/World/Fantasy_Kingdom_Pack/Meshes/Cabinet01_a02.FBX;Universal Render Pipeline/Lit;_BaseMap;;;
Assets/Art/World/Fantasy_Kingdom_Pack/Meshes/Cabinet02_a01.FBX;Universal Render Pipeline/Lit;_BaseMap;;;
Assets/Art/World/Fantasy_Kingdom_Pack/Meshes/Cabinet02_a02.FBX;Universal Render Pipeline/Lit;_BaseMap;;;
Assets/Art/World/Fantasy_Kingdom_Pack/Meshes/Cabinet03_a01.FBX;Universal Render Pipeline/Lit;_BaseMap;;;
Assets/Art/World/Fantasy_Kingdom_Pack/Meshes/Cabinet03_a02.FBX;Universal Render Pipeline/Lit;_BaseMap;;;
Assets/Art/World/Fantasy_Kingdom_Pack/Meshes/Cabinet04_a01.FBX;Universal Render Pipeline/Lit;_BaseMap;;;
Assets/Art/World/Fantasy_Kingdom_Pack/Meshes/Cabinet04_a02.FBX;Universal Render Pipeline/Lit;_BaseMap;;;
Assets/Art/World/Fantasy_Kingdom_Pack/Meshes/Cabinet05_a01.FBX;Universal Render Pipeline/Lit;_BaseMap;;;
Assets/Art/World/Fantasy_Kingdom_Pack/Meshes/Cabinet05_a02.FBX;Universal Render Pipeline/Lit;_BaseMap;;;
Assets/Art/World/Fantasy_Kingdom_Pack/Meshes/Cabinet06_a01.FBX;Universal Render Pipeline/Lit;_BaseMap;;;
Assets/Art/World/Fantasy_Kingdom_Pack/Meshes/Cabinet06_a02.FBX;Universal Render Pipeline/Lit;_BaseMap;;;
Assets/Art/World/Fantasy_Kingdom_Pack/Meshes/Cabinet07_a01.FBX;Universal Render Pipeline/Lit;_BaseMap;;;
Assets/Art/World/Fantasy_Kingdom_Pack/Meshes/Cabinet07_a02.FBX;Universal Render Pipeline/Lit;_BaseMap;;;
Assets/Art/World/Fantasy_Kingdom_Pack/Meshes/Cabinet08_a01.FBX;Universal Render Pipeline/Lit;_BaseMap;;;
Assets/Art/World/Fantasy_Kingdom_Pack/Meshes/Cabinet08_a02.FBX;Universal Render Pipeline/Lit;_BaseMap;;;
Assets/Art/World/Fantasy_Kingdom_Pack/Meshes/Cabinet09_a01.FBX;Universal Render Pipeline/Lit;_BaseMap;;;
Assets/Art/World/Fantasy_Kingdom_Pack/Meshes/Cabinet09_a02.FBX;Universal Render Pipeline/Lit;_BaseMap;;;
Assets/Art/World/Fantasy_Kingdom_Pack/Meshes/Cabinet10_a01.FBX;Universal Render Pipeline/Lit;_BaseMap;;;
Assets/Art/World/Fantasy_Kingdom_Pack/Meshes/Cabinet10_a02.FBX;Universal Render Pipeline/Lit;_BaseMap;;;
Assets/Art/World/Fantasy_Kingdom_Pack/Meshes/Cabinet11_a01.FBX;Universal Render Pipeline/Lit;_BaseMap;;;
Assets/Art/World/Fantasy_Kingdom_Pack/Meshes/Cabinet11_a02.FBX;Universal Render Pipeline/Lit;_BaseMap;;;
Assets/Art/World/Fantasy_Kingdom_Pack/Meshes/Cabinet12_a01.FBX;Universal Render Pipeline/Lit;_BaseMap;;;
Assets/Art/World/Fantasy_Kingdom_Pack/Meshes/Cabinet12_a02.FBX;Universal Render Pipeline/Lit;_BaseMap;;;
Assets/Art/World/Fantasy_Kingdom_Pack/Meshes/Cabinet13_a01.FBX;Universal Render Pipeline/Lit;_BaseMap;;;
Assets/Art/World/Fantasy_Kingdom_Pack/Meshes/Cabinet13_a02.FBX;Universal Render Pipeline/Lit;_BaseMap;;;
Assets/Art/World/Fantasy_Kingdom_Pack/Meshes/Cabinet14_a01.FBX;Universal Render Pipeline/Lit;_BaseMap;;;
Assets/Art/World/Fantasy_Kingdom_Pack/Meshes/Cabinet14_a02.FBX;Universal Render Pipeline/Lit;_BaseMap;;;
Assets/Art/World/Fantasy_Kingdom_Pack/Meshes/Cabinet15_a01.FBX;Universal Render Pipeline/Lit;_BaseMap;;;
Assets/Art/World/Fantasy_Kingdom_Pack/Meshes/Cabinet15_a02.FBX;Universal Render Pipeline/Lit;_BaseMap;;;
Assets/Art/World/Fantasy_Kingdom_Pack/Meshes/Cabinet16_a01.FBX;Universal Render Pipeline/Lit;_BaseMap;;;
Assets/Art/World/Fantasy_Kingdom_Pack/Meshes/Cabinet16_a02.FBX;Universal Render Pipeline/Lit;_BaseMap;;;
Assets/Art/World/Fantasy_Kingdom_Pack/Meshes/Cabinet17_a01.FBX;Universal Render Pipeline/Lit;_BaseMap;;;
Assets/Art/World/Fantasy_Kingdom_Pack/Meshes/Cabinet17_a02.FBX;Universal Render Pipeline/Lit;_BaseMap;;;
Assets/Art/World/Fantasy_Kingdom_Pack/Meshes/Cabinet18_a01.FBX;Universal Render Pipeline/Lit;_BaseMap;;;
Assets/Art/World/Fantasy_Kingdom_Pack/Meshes/Cabinet18_a02.FBX;Universal Render Pipeline/Lit;_BaseMap;;;
Assets/Art/World/Fantasy_Kingdom_Pack/Meshes/Cabinet19_a01.FBX;Universal Render Pipeline/Lit;_BaseMap;;;
Assets/Art/World/Fantasy_Kingdom_Pack/Meshes/Cabinet19_a02.FBX;Universal Render Pipeline/Lit;_BaseMap;;;
Assets/Art/World/Fantasy_Kingdom_Pack/Meshes/Cabinet20_a01.FBX;Universal Render Pipeline/Lit;_BaseMap;;;
Assets/Art/World/Fantasy_Kingdom_Pack/Meshes/Cabinet20_a02.FBX;Universal Render Pipeline/Lit;_BaseMap;;;
Assets/Art/World/Fantasy_Kingdom_Pack/Meshes/Cabinet21_a01.FBX;Universal Render Pipeline/Lit;_BaseMap;;;
Assets/Art/World/Fantasy_Kingdom_Pack/Meshes/Cabinet21_a02.FBX;Universal Render Pipeline/Lit;_BaseMap;;;
Assets/Art/World/Fantasy_Kingdom_Pack/Meshes/Cabinet22_a01.FBX;Universal Render Pipeline/Lit;_BaseMap;;;
Assets/Art/World/Fantasy_Kingdom_Pack/Meshes/Cabinet22_a02.FBX;Universal Render Pipeline/Lit;_BaseMap;;;
Assets/Art/World/Fantasy_Kingdom_Pack/Meshes/Cabinet22_b01.FBX;Universal Render Pipeline/Lit;_BaseMap;;;
Assets/Art/World/Fantasy_Kingdom_Pack/Meshes/Cabinet22_b02.FBX;Universal Render Pipeline/Lit;_BaseMap;;;
Assets/Art/World/Fantasy_Kingdom_Pack/Meshes/Cabinet22_c01.FBX;Universal Render Pipeline/Lit;_BaseMap;;;
Assets/Art/World/Fantasy_Kingdom_Pack/Meshes/Cabinet22_c02.FBX;Universal Render Pipeline/Lit;_BaseMap;;;
Assets/Art/World/Fantasy_Kingdom_Pack/Meshes/Cabinet22_d01.FBX;Universal Render Pipeline/Lit;_BaseMap;;;
Assets/Art/World/Fantasy_Kingdom_Pack/Meshes/Cabinet22_d02.FBX;Universal Render Pipeline/Lit;_BaseMap;;;
Assets/Art/World/Fantasy_Kingdom_Pack/Meshes/Cabinet22_e01.FBX;Universal Render Pipeline/Lit;_BaseMap;;;
Assets/Art/World/Fantasy_Kingdom_Pack/Meshes/Cabinet22_e02.FBX;Universal Render Pipeline/Lit;_BaseMap;;;
Assets/Art/World/Fantasy_Kingdom_Pack/Meshes/Cabinet22_f01.FBX;Universal Render Pipeline/Lit;_BaseMap;;;
Assets/Art/World/Fantasy_Kingdom_Pack/Meshes/Cabinet22_f02.FBX;Universal Render Pipeline/Lit;_BaseMap;;;
Assets/Art/World/Fantasy_Kingdom_Pack/Meshes/Cabinet22_g01.FBX;Universal Render Pipeline/Lit;_BaseMap;;;
Assets/Art/World/Fantasy_Kingdom_Pack/Meshes/Cabinet22_g02.FBX;Universal Render Pipeline/Lit;_BaseMap;;;
Assets/Art/World/Fantasy_Kingdom_Pack/Meshes/Cabinet22_h01.FBX;Universal Render Pipeline/Lit;_BaseMap;;;
Assets/Art/World/Fantasy_Kingdom_Pack/Meshes/Cabinet22_h02.FBX;Universal Render Pipeline/Lit;_BaseMap;;;
Assets/Art/World/Fantasy_Kingdom_Pack/Meshes/Cabinet22_i01.FBX;Universal Render Pipeline/Lit;_BaseMap;;;
Assets/Art/World/Fantasy_Kingdom_Pack/Meshes/Cabinet22_i02.FBX;Universal Render Pipeline/Lit;_BaseMap;;;
Assets/Art/World/Fantasy_Kingdom_Pack/Meshes/Cabinet22_j01.FBX;Universal Render Pipeline/Lit;_BaseMap;;;
Assets/Art/World/Fantasy_Kingdom_Pack/Meshes/Cabinet22_j02.FBX;Universal Render Pipeline/Lit;_BaseMap;;;
Assets/Art/World/Fantasy_Kingdom_Pack/Meshes/Cabinet22_k01.FBX;Universal Render Pipeline/Lit;_BaseMap;;;
Assets/Art/World/Fantasy_Kingdom_Pack/Meshes/Cabinet22_k02.FBX;Universal Render Pipeline/Lit;_BaseMap;;;
Assets/Art/World/Fantasy_Kingdom_Pack/Meshes/Cabinet22_l01.FBX;Universal Render Pipeline/Lit;_BaseMap;;;
Assets/Art/World/Fantasy_Kingdom_Pack/Meshes/Cabinet22_l02.FBX;Universal Render Pipeline/Lit;_BaseMap;;;
Assets/Art/World/Fantasy_Kingdom_Pack/Meshes/Cabinet23_a01.FBX;Universal Render Pipeline/Lit;_BaseMap;;;
Assets/Art/World/Fantasy_Kingdom_Pack/Meshes/Cabinet23_a02.FBX;Universal Render Pipeline/Lit;_BaseMap;;;
Assets/Art/World/Fantasy_Kingdom_Pack/Meshes/Cabinet24_a01.FBX;Universal Render Pipeline/Lit;_BaseMap;;;
Assets/Art/World/Fantasy_Kingdom_Pack/Meshes/Cabinet24_a02.FBX;Universal Render Pipeline/Lit;_BaseMap;;;
Assets/Art/World/Fantasy_Kingdom_Pack/Meshes/Cabinet25_a01.FBX;Universal Render Pipeline/Lit;_BaseMap;;;
Assets/Art/World/Fantasy_Kingdom_Pack/Meshes/Cabinet25_a02.FBX;Universal Render Pipeline/Lit;_BaseMap;;;
Assets/Art/World/Fantasy_Kingdom_Pack/Meshes/Cabinet26_a01.FBX;Universal Render Pipeline/Lit;_BaseMap;;;
Assets/Art/World/Fantasy_Kingdom_Pack/Meshes/Cabinet26_a02.FBX;Universal Render Pipeline/Lit;_BaseMap;;;
Assets/Art/World/Fantasy_Kingdom_Pack/Meshes/Cabinet26_a03.FBX;Universal Render Pipeline/Lit;_BaseMap;;;
Assets/Art/World/Fantasy_Kingdom_Pack/Meshes/Cabinet27_a01.FBX;Universal Render Pipeline/Lit;_BaseMap;;;
Assets/Art/World/Fantasy_Kingdom_Pack/Meshes/Cabinet27_a02.FBX;Universal Render Pipeline/Lit;_BaseMap;;;
Assets/Art/World/Fantasy_Kingdom_Pack/Meshes/Cabinet27_a03.FBX;Universal Render Pipeline/Lit;_BaseMap;;;
Assets/Art/World/Fantasy_Kingdom_Pack/Meshes/Cabinet28_a01.FBX;Universal Render Pipeline/Lit;_BaseMap;;;
Assets/Art/World/Fantasy_Kingdom_Pack/Meshes/Cabinet28_a02.FBX;Universal Render Pipeline/Lit;_BaseMap;;;
Assets/Art/World/Fantasy_Kingdom_Pack/Meshes/Cabinet28_a03.FBX;Universal Render Pipeline/Lit;_BaseMap;;;
Assets/Art/World/Fantasy_Kingdom_Pack/Meshes/Cabinet29_a01.FBX;Universal Render Pipeline/Lit;_BaseMap;;;
Assets/Art/World/Fantasy_Kingdom_Pack/Meshes/Cabinet29_a02.FBX;Universal Render Pipeline/Lit;_BaseMap;;;
Assets/Art/World/Fantasy_Kingdom_Pack/Meshes/Cabinet29_a03.FBX;Universal Render Pipeline/Lit;_BaseMap;;;
Assets/Art/World/Fantasy_Kingdom_Pack/Meshes/Cabinet30_a01.FBX;Universal Render Pipeline/Lit;_BaseMap;;;
Assets/Art/World/Fantasy_Kingdom_Pack/Meshes/Cabinet30_a02.FBX;Universal Render Pipeline/Lit;_BaseMap;;;
Assets/Art/World/Fantasy_Kingdom_Pack/Meshes/Cabinet30_a03.FBX;Universal Render Pipeline/Lit;_BaseMap;;;
Assets/Art/World/Fantasy_Kingdom_Pack/Meshes/Cabinet31_a01.FBX;Universal Render Pipeline/Lit;_BaseMap;;;
Assets/Art/World/Fantasy_Kingdom_Pack/Meshes/Cabinet31_a02.FBX;Universal Render Pipeline/Lit;_BaseMap;;;
Assets/Art/World/Fantasy_Kingdom_Pack/Meshes/Cabinet32_a01.FBX;Universal Render Pipeline/Lit;_BaseMap;;;
Assets/Art/World/Fantasy_Kingdom_Pack/Meshes/Cabinet32_a02.FBX;Universal Render Pipeline/Lit;_BaseMap;;;
Assets/Art/World/Fantasy_Kingdom_Pack/Meshes/Cabinet33_a01.FBX;Universal Render Pipeline/Lit;_BaseMap;;;
Assets/Art/World/Fantasy_Kingdom_Pack/Meshes/Cabinet33_a02.FBX;Universal Render Pipeline/Lit;_BaseMap;;;
Assets/Art/World/Fantasy_Kingdom_Pack/Meshes/Cabinet33_a03.FBX;Universal Render Pipeline/Lit;_BaseMap;;;
Assets/Art/World/Fantasy_Kingdom_Pack/Meshes/Cabinet33_a04.FBX;Universal Render Pipeline/Lit;_BaseMap;;;
Assets/Art/World/Fantasy_Kingdom_Pack/Meshes/Cabinet33_a05.FBX;Universal Render Pipeline/Lit;_BaseMap;;;
Assets/Art/World/Fantasy_Kingdom_Pack/Meshes/Cabinet33_a06.FBX;Universal Render Pipeline/Lit;_BaseMap;;;
Assets/Art/World/Fantasy_Kingdom_Pack/Meshes/Cabinet34_a01.FBX;Universal Render Pipeline/Lit;_BaseMap;;;
Assets/Art/World/Fantasy_Kingdom_Pack/Meshes/Cabinet34_a02.FBX;Universal Render Pipeline/Lit;_BaseMap;;;
Assets/Art/World/Fantasy_Kingdom_Pack/Meshes/Cabinet34_a03.FBX;Universal Render Pipeline/Lit;_BaseMap;;;
Assets/Art/World/Fantasy_Kingdom_Pack/Meshes/Cabinet35_a01.FBX;Universal Render Pipeline/Lit;_BaseMap;;;
Assets/Art/World/Fantasy_Kingdom_Pack/Meshes/Cabinet35_a02.FBX;Universal Render Pipeline/Lit;_BaseMap;;;
Assets/Art/World/Fantasy_Kingdom_Pack/Meshes/Cabinet35_a03.FBX;Universal Render Pipeline/Lit;_BaseMap;;;
Assets/Art/World/Fantasy_Kingdom_Pack/Meshes/Cabinet36_a01.FBX;Universal Render Pipeline/Lit;_BaseMap;;;
Assets/Art/World/Fantasy_Kingdom_Pack/Meshes/Cabinet36_a02.FBX;Universal Render Pipeline/Lit;_BaseMap;;;
Assets/Art/World/Fantasy_Kingdom_Pack/Meshes/Cabinet36_a03.FBX;Universal Render Pipeline/Lit;_BaseMap;;;
Assets/Art/World/Fantasy_Kingdom_Pack/Meshes/Cabinet37_a01.FBX;Universal Render Pipeline/Lit;_BaseMap;;;
Assets/Art/World/Fantasy_Kingdom_Pack/Meshes/Cabinet37_a02.FBX;Universal Render Pipeline/Lit;_BaseMap;;;
Assets/Art/World/Fantasy_Kingdom_Pack/Meshes/Cabinet37_a03.FBX;Universal Render Pipeline/Lit;_BaseMap;;;
Assets/Art/World/Fantasy_Kingdom_Pack/Meshes/Cabinet37_a04.FBX;Universal Render Pipeline/Lit;_BaseMap;;;
Assets/Art/World/Fantasy_Kingdom_Pack/Meshes/Cage01_a01.FBX;Universal Render Pipeline/Lit;_BaseMap;;;
Assets/Art/World/Fantasy_Kingdom_Pack/Meshes/Cage01_b01.FBX;Universal Render Pipeline/Lit;_BaseMap;;;
Assets/Art/World/Fantasy_Kingdom_Pack/Meshes/Cage02_a01.FBX;Universal Render Pipeline/Lit;_BaseMap;;;
Assets/Art/World/Fantasy_Kingdom_Pack/Meshes/Cage02_b01.FBX;Universal Render Pipeline/Lit;_BaseMap;;;
Assets/Art/World/Fantasy_Kingdom_Pack/Meshes/Camp01_a01.FBX;Universal Render Pipeline/Lit;_BaseMap;;;
Assets/Art/World/Fantasy_Kingdom_Pack/Meshes/Camp02_a01.FBX;Universal Render Pipeline/Lit;_BaseMap;;;
Assets/Art/World/Fantasy_Kingdom_Pack/Meshes/Camp03_a01.FBX;Universal Render Pipeline/Lit;_BaseMap;;;
Assets/Art/World/Fantasy_Kingdom_Pack/Meshes/Camp04_a01.FBX;Universal Render Pipeline/Lit;_BaseMap;;;
Assets/Art/World/Fantasy_Kingdom_Pack/Meshes/Camp05_a01.FBX;Universal Render Pipeline/Lit;_BaseMap;;;
Assets/Art/World/Fantasy_Kingdom_Pack/Meshes/Camp06_a01.FBX;Universal Render Pipeline/Lit;_BaseMap;;;
Assets/Art/World/Fantasy_Kingdom_Pack/Meshes/Camp07_a01.FBX;Universal Render Pipeline/Lit;_BaseMap;;;
Assets/Art/World/Fantasy_Kingdom_Pack/Meshes/Camp08_a01.FBX;Universal Render Pipeline/Lit;_BaseMap;;;
Assets/Art/World/Fantasy_Kingdom_Pack/Meshes/Camp09_a01.FBX;Universal Render Pipeline/Lit;_BaseMap;;;
Assets/Art/World/Fantasy_Kingdom_Pack/Meshes/Camp10_a01.FBX;Universal Render Pipeline/Lit;_BaseMap;;;
Assets/Art/World/Fantasy_Kingdom_Pack/Meshes/Camp10_b01.FBX;Universal Render Pipeline/Lit;_BaseMap;;;
Assets/Art/World/Fantasy_Kingdom_Pack/Meshes/Camp10_c01.FBX;Universal Render Pipeline/Lit;_BaseMap;;;
Assets/Art/World/Fantasy_Kingdom_Pack/Meshes/Camp11_a01.FBX;Universal Render Pipeline/Lit;_BaseMap;;;
Assets/Art/World/Fantasy_Kingdom_Pack/Meshes/Camp12_a01.FBX;Universal Render Pipeline/Lit;_BaseMap;;;
Assets/Art/World/Fantasy_Kingdom_Pack/Meshes/Campfire01_a01.FBX;Universal Render Pipeline/Lit;_BaseMap;;;
Assets/Art/World/Fantasy_Kingdom_Pack/Meshes/Campfire02_a01.FBX;Universal Render Pipeline/Lit;_BaseMap;;;
Assets/Art/World/Fantasy_Kingdom_Pack/Meshes/Cannon01_a01.FBX;Universal Render Pipeline/Lit;_BaseMap;;;
Assets/Art/World/Fantasy_Kingdom_Pack/Meshes/Cannon01_b01.FBX;Universal Render Pipeline/Lit;_BaseMap;;;
Assets/Art/World/Fantasy_Kingdom_Pack/Meshes/Cannon01_c01.FBX;Universal Render Pipeline/Lit;_BaseMap;;;
Assets/Art/World/Fantasy_Kingdom_Pack/Meshes/Cannon01_d01.FBX;Universal Render Pipeline/Lit;_BaseMap;;;
Assets/Art/World/Fantasy_Kingdom_Pack/Meshes/Cannonball01_a01.FBX;Universal Render Pipeline/Lit;_BaseMap;;;
Assets/Art/World/Fantasy_Kingdom_Pack/Meshes/Cannonball01_a02.FBX;Universal Render Pipeline/Lit;_BaseMap;;;
Assets/Art/World/Fantasy_Kingdom_Pack/Meshes/Cannonball01_a03.FBX;Universal Render Pipeline/Lit;_BaseMap;;;
Assets/Art/World/Fantasy_Kingdom_Pack/Meshes/Cannonball01_a04.FBX;Universal Render Pipeline/Lit;_BaseMap;;;
Assets/Art/World/Fantasy_Kingdom_Pack/Meshes/Cannonball01_b01.FBX;Universal Render Pipeline/Lit;_BaseMap;;;
Assets/Art/World/Fantasy_Kingdom_Pack/Meshes/Cannonball01_b02.FBX;Universal Render Pipeline/Lit;_BaseMap;;;
Assets/Art/World/Fantasy_Kingdom_Pack/Meshes/Cannonball01_b03.FBX;Universal Render Pipeline/Lit;_BaseMap;;;
Assets/Art/World/Fantasy_Kingdom_Pack/Meshes/Carpet01_a01.FBX;Universal Render Pipeline/Lit;_BaseMap;;;
Assets/Art/World/Fantasy_Kingdom_Pack/Meshes/Carpet01_a02.FBX;Universal Render Pipeline/Lit;_BaseMap;;;
Assets/Art/World/Fantasy_Kingdom_Pack/Meshes/Carpet01_a03.FBX;Universal Render Pipeline/Lit;_BaseMap;;;
Assets/Art/World/Fantasy_Kingdom_Pack/Meshes/Carpet01_a04.FBX;Universal Render Pipeline/Lit;_BaseMap;;;
Assets/Art/World/Fantasy_Kingdom_Pack/Meshes/Carpet02_a01.FBX;Universal Render Pipeline/Lit;_BaseMap;;;
Assets/Art/World/Fantasy_Kingdom_Pack/Meshes/Carpet02_a02.FBX;Universal Render Pipeline/Lit;_BaseMap;;;
Assets/Art/World/Fantasy_Kingdom_Pack/Meshes/Carpet02_a03.FBX;Universal Render Pipeline/Lit;_BaseMap;;;
Assets/Art/World/Fantasy_Kingdom_Pack/Meshes/Carpet02_a04.FBX;Universal Render Pipeline/Lit;_BaseMap;;;
Assets/Art/World/Fantasy_Kingdom_Pack/Meshes/Carpet03_a01.FBX;Universal Render Pipeline/Lit;_BaseMap;;;
Assets/Art/World/Fantasy_Kingdom_Pack/Meshes/Carpet03_a02.FBX;Universal Render Pipeline/Lit;_BaseMap;;;
Assets/Art/World/Fantasy_Kingdom_Pack/Meshes/Carpet03_a03.FBX;Universal Render Pipeline/Lit;_BaseMap;;;
Assets/Art/World/Fantasy_Kingdom_Pack/Meshes/Carpet03_a04.FBX;Universal Render Pipeline/Lit;_BaseMap;;;
Assets/Art/World/Fantasy_Kingdom_Pack/Meshes/Carpet04_a01.FBX;Universal Render Pipeline/Lit;_BaseMap;;;
Assets/Art/World/Fantasy_Kingdom_Pack/Meshes/Carpet04_a02.FBX;Universal Render Pipeline/Lit;_BaseMap;;;
Assets/Art/World/Fantasy_Kingdom_Pack/Meshes/Carpet04_a03.FBX;Universal Render Pipeline/Lit;_BaseMap;;;
Assets/Art/World/Fantasy_Kingdom_Pack/Meshes/Carpet04_a04.FBX;Universal Render Pipeline/Lit;_BaseMap;;;
Assets/Art/World/Fantasy_Kingdom_Pack/Meshes/Carpet04_a05.FBX;Universal Render Pipeline/Lit;_BaseMap;;;
Assets/Art/World/Fantasy_Kingdom_Pack/Meshes/Carpet05_a01.FBX;Universal Render Pipeline/Lit;_BaseMap;;;
Assets/Art/World/Fantasy_Kingdom_Pack/Meshes/Carpet05_a02.FBX;Universal Render Pipeline/Lit;_BaseMap;;;
Assets/Art/World/Fantasy_Kingdom_Pack/Meshes/Carpet05_a03.FBX;Universal Render Pipeline/Lit;_BaseMap;;;
Assets/Art/World/Fantasy_Kingdom_Pack/Meshes/Carpet05_a04.FBX;Universal Render Pipeline/Lit;_BaseMap;;;
Assets/Art/World/Fantasy_Kingdom_Pack/Meshes/Carpet05_a05.FBX;Universal Render Pipeline/Lit;_BaseMap;;;
Assets/Art/World/Fantasy_Kingdom_Pack/Meshes/Carpet06_a01.FBX;Universal Render Pipeline/Lit;_BaseMap;;;
Assets/Art/World/Fantasy_Kingdom_Pack/Meshes/Carpet06_a02.FBX;Universal Render Pipeline/Lit;_BaseMap;;;
Assets/Art/World/Fantasy_Kingdom_Pack/Meshes/Carpet06_a03.FBX;Universal Render Pipeline/Lit;_BaseMap;;;
Assets/Art/World/Fantasy_Kingdom_Pack/Meshes/Carpet06_a04.FBX;Universal Render Pipeline/Lit;_BaseMap;;;
Assets/Art/World/Fantasy_Kingdom_Pack/Meshes/Carpet06_a05.FBX;Universal Render Pipeline/Lit;_BaseMap;;;
Assets/Art/World/Fantasy_Kingdom_Pack/Meshes/Cart01.FBX;Universal Render Pipeline/Lit;_BaseMap;;;
Assets/Art/World/Fantasy_Kingdom_Pack/Meshes/Cart02.FBX;Universal Render Pipeline/Lit;_BaseMap;;;
Assets/Art/World/Fantasy_Kingdom_Pack/Meshes/Cart03.FBX;Universal Render Pipeline/Lit;_BaseMap;;;
Assets/Art/World/Fantasy_Kingdom_Pack/Meshes/Cart04.FBX;Universal Render Pipeline/Lit;_BaseMap;;;
Assets/Art/World/Fantasy_Kingdom_Pack/Meshes/Cart05.FBX;Universal Render Pipeline/Lit;_BaseMap;;;
Assets/Art/World/Fantasy_Kingdom_Pack/Meshes/Cart06.FBX;Universal Render Pipeline/Lit;_BaseMap;;;
Assets/Art/World/Fantasy_Kingdom_Pack/Meshes/Cart07.FBX;Universal Render Pipeline/Lit;_BaseMap;;;
Assets/Art/World/Fantasy_Kingdom_Pack/Meshes/Cart08.FBX;Universal Render Pipeline/Lit;_BaseMap;;;
Assets/Art/World/Fantasy_Kingdom_Pack/Meshes/Cart09.FBX;Universal Render Pipeline/Lit;_BaseMap;;;
Assets/Art/World/Fantasy_Kingdom_Pack/Meshes/Cart10.FBX;Universal Render Pipeline/Lit;_BaseMap;;;
Assets/Art/World/Fantasy_Kingdom_Pack/Meshes/Cart11.FBX;Universal Render Pipeline/Lit;_BaseMap;;;
Assets/Art/World/Fantasy_Kingdom_Pack/Meshes/Cart12.FBX;Universal Render Pipeline/Lit;_BaseMap;;;
Assets/Art/World/Fantasy_Kingdom_Pack/Meshes/Cart13.FBX;Universal Render Pipeline/Lit;_BaseMap;;;
Assets/Art/World/Fantasy_Kingdom_Pack/Meshes/Cart14.FBX;Universal Render Pipeline/Lit;_BaseMap;;;
Assets/Art/World/Fantasy_Kingdom_Pack/Meshes/Cart15.FBX;Universal Render Pipeline/Lit;_BaseMap;;;
Assets/Art/World/Fantasy_Kingdom_Pack/Meshes/Cart16.FBX;Universal Render Pipeline/Lit;_BaseMap;;;
Assets/Art/World/Fantasy_Kingdom_Pack/Meshes/Cart17.FBX;Universal Render Pipeline/Lit;_BaseMap;;;
Assets/Art/World/Fantasy_Kingdom_Pack/Meshes/Cart18.FBX;Universal Render Pipeline/Lit;_BaseMap;;;
Assets/Art/World/Fantasy_Kingdom_Pack/Meshes/Cart19.FBX;Universal Render Pipeline/Lit;_BaseMap;;;
Assets/Art/World/Fantasy_Kingdom_Pack/Meshes/Castle01_a01.FBX;Universal Render Pipeline/Lit;_BaseMap;;;
Assets/Art/World/Fantasy_Kingdom_Pack/Meshes/Castle01_b01.FBX;Universal Render Pipeline/Lit;_BaseMap;;;
Assets/Art/World/Fantasy_Kingdom_Pack/Meshes/Catapult01_a01.FBX;Universal Render Pipeline/Lit;_BaseMap;;;
Assets/Art/World/Fantasy_Kingdom_Pack/Meshes/Catapult01_b01.FBX;Universal Render Pipeline/Lit;_BaseMap;;;
Assets/Art/World/Fantasy_Kingdom_Pack/Meshes/Catapult01_c01.FBX;Universal Render Pipeline/Lit;_BaseMap;;;
Assets/Art/World/Fantasy_Kingdom_Pack/Meshes/Catapult01_d01.FBX;Universal Render Pipeline/Lit;_BaseMap;;;
Assets/Art/World/Fantasy_Kingdom_Pack/Meshes/Catapult01_e01.FBX;Universal Render Pipeline/Lit;_BaseMap;;;
Assets/Art/World/Fantasy_Kingdom_Pack/Meshes/Catapult01_f01.FBX;Universal Render Pipeline/Lit;_BaseMap;;;
Assets/Art/World/Fantasy_Kingdom_Pack/Meshes/Catapult01_g01.FBX;Universal Render Pipeline/Lit;_BaseMap;;;
Assets/Art/World/Fantasy_Kingdom_Pack/Meshes/Catapult01_h01.FBX;Universal Render Pipeline/Lit;_BaseMap;;;
Assets/Art/World/Fantasy_Kingdom_Pack/Meshes/Chair01_a01.FBX;Universal Render Pipeline/Lit;_BaseMap;;;
Assets/Art/World/Fantasy_Kingdom_Pack/Meshes/Chair01_a02.FBX;Universal Render Pipeline/Lit;_BaseMap;;;
Assets/Art/World/Fantasy_Kingdom_Pack/Meshes/Chair02_a01.FBX;Universal Render Pipeline/Lit;_BaseMap;;;
Assets/Art/World/Fantasy_Kingdom_Pack/Meshes/Chair02_b01.FBX;Universal Render Pipeline/Lit;_BaseMap;;;
Assets/Art/World/Fantasy_Kingdom_Pack/Meshes/Chair02_c01.FBX;Universal Render Pipeline/Lit;_BaseMap;;;
Assets/Art/World/Fantasy_Kingdom_Pack/Meshes/Chair02_d01.FBX;Universal Render Pipeline/Lit;_BaseMap;;;
Assets/Art/World/Fantasy_Kingdom_Pack/Meshes/Chair02_e01.FBX;Universal Render Pipeline/Lit;_BaseMap;;;
Assets/Art/World/Fantasy_Kingdom_Pack/Meshes/Chair02_f01.FBX;Universal Render Pipeline/Lit;_BaseMap;;;
Assets/Art/World/Fantasy_Kingdom_Pack/Meshes/Chair02_g01.FBX;Universal Render Pipeline/Lit;_BaseMap;;;
Assets/Art/World/Fantasy_Kingdom_Pack/Meshes/Chair03_a01.FBX;Universal Render Pipeline/Lit;_BaseMap;;;
Assets/Art/World/Fantasy_Kingdom_Pack/Meshes/Chair03_b01.FBX;Universal Render Pipeline/Lit;_BaseMap;;;
Assets/Art/World/Fantasy_Kingdom_Pack/Meshes/Chair03_c01.FBX;Universal Render Pipeline/Lit;_BaseMap;;;
Assets/Art/World/Fantasy_Kingdom_Pack/Meshes/Chair03_d01.FBX;Universal Render Pipeline/Lit;_BaseMap;;;
Assets/Art/World/Fantasy_Kingdom_Pack/Meshes/Chair03_e01.FBX;Universal Render Pipeline/Lit;_BaseMap;;;
Assets/Art/World/Fantasy_Kingdom_Pack/Meshes/Chair03_f01.FBX;Universal Render Pipeline/Lit;_BaseMap;;;
Assets/Art/World/Fantasy_Kingdom_Pack/Meshes/Chair03_g01.FBX;Universal Render Pipeline/Lit;_BaseMap;;;
Assets/Art/World/Fantasy_Kingdom_Pack/Meshes/Chair04_a01.FBX;Universal Render Pipeline/Lit;_BaseMap;;;
Assets/Art/World/Fantasy_Kingdom_Pack/Meshes/Chair04_a02.FBX;Universal Render Pipeline/Lit;_BaseMap;;;
Assets/Art/World/Fantasy_Kingdom_Pack/Meshes/Chair04_a03.FBX;Universal Render Pipeline/Lit;_BaseMap;;;
Assets/Art/World/Fantasy_Kingdom_Pack/Meshes/Chair04_a04.FBX;Universal Render Pipeline/Lit;_BaseMap;;;
Assets/Art/World/Fantasy_Kingdom_Pack/Meshes/Chair04_a05.FBX;Universal Render Pipeline/Lit;_BaseMap;;;
Assets/Art/World/Fantasy_Kingdom_Pack/Meshes/Chair04_a06.FBX;Universal Render Pipeline/Lit;_BaseMap;;;
Assets/Art/World/Fantasy_Kingdom_Pack/Meshes/Chair04_a07.FBX;Universal Render Pipeline/Lit;_BaseMap;;;
Assets/Art/World/Fantasy_Kingdom_Pack/Meshes/Chair05_a01.FBX;Universal Render Pipeline/Lit;_BaseMap;;;
Assets/Art/World/Fantasy_Kingdom_Pack/Meshes/Chair05_a02.FBX;Universal Render Pipeline/Lit;_BaseMap;;;
Assets/Art/World/Fantasy_Kingdom_Pack/Meshes/Chair05_a03.FBX;Universal Render Pipeline/Lit;_BaseMap;;;
Assets/Art/World/Fantasy_Kingdom_Pack/Meshes/Chair05_a04.FBX;Universal Render Pipeline/Lit;_BaseMap;;;
Assets/Art/World/Fantasy_Kingdom_Pack/Meshes/Chair05_a05.FBX;Universal Render Pipeline/Lit;_BaseMap;;;
Assets/Art/World/Fantasy_Kingdom_Pack/Meshes/Chair05_a06.FBX;Universal Render Pipeline/Lit;_BaseMap;;;
Assets/Art/World/Fantasy_Kingdom_Pack/Meshes/Chair05_a07.FBX;Universal Render Pipeline/Lit;_BaseMap;;;
Assets/Art/World/Fantasy_Kingdom_Pack/Meshes/Chair06_a01.FBX;Universal Render Pipeline/Lit;_BaseMap;;;
Assets/Art/World/Fantasy_Kingdom_Pack/Meshes/Chair06_a02.FBX;Universal Render Pipeline/Lit;_BaseMap;;;
Assets/Art/World/Fantasy_Kingdom_Pack/Meshes/Chair06_a03.FBX;Universal Render Pipeline/Lit;_BaseMap;;;
Assets/Art/World/Fantasy_Kingdom_Pack/Meshes/Chair06_a04.FBX;Universal Render Pipeline/Lit;_BaseMap;;;
Assets/Art/World/Fantasy_Kingdom_Pack/Meshes/Chair06_a05.FBX;Universal Render Pipeline/Lit;_BaseMap;;;
Assets/Art/World/Fantasy_Kingdom_Pack/Meshes/Chair06_a06.FBX;Universal Render Pipeline/Lit;_BaseMap;;;
Assets/Art/World/Fantasy_Kingdom_Pack/Meshes/Chair06_a07.FBX;Universal Render Pipeline/Lit;_BaseMap;;;
Assets/Art/World/Fantasy_Kingdom_Pack/Meshes/Chair07_a01.FBX;Universal Render Pipeline/Lit;_BaseMap;;;
Assets/Art/World/Fantasy_Kingdom_Pack/Meshes/Chair07_a02.FBX;Universal Render Pipeline/Lit;_BaseMap;;;
Assets/Art/World/Fantasy_Kingdom_Pack/Meshes/Chair07_a03.FBX;Universal Render Pipeline/Lit;_BaseMap;;;
Assets/Art/World/Fantasy_Kingdom_Pack/Meshes/Chair07_a04.FBX;Universal Render Pipeline/Lit;_BaseMap;;;
Assets/Art/World/Fantasy_Kingdom_Pack/Meshes/Chair07_a05.FBX;Universal Render Pipeline/Lit;_BaseMap;;;
Assets/Art/World/Fantasy_Kingdom_Pack/Meshes/Chair07_a06.FBX;Universal Render Pipeline/Lit;_BaseMap;;;
Assets/Art/World/Fantasy_Kingdom_Pack/Meshes/Chair07_a07.FBX;Universal Render Pipeline/Lit;_BaseMap;;;
Assets/Art/World/Fantasy_Kingdom_Pack/Meshes/Chair08_a01.FBX;Universal Render Pipeline/Lit;_BaseMap;;;
Assets/Art/World/Fantasy_Kingdom_Pack/Meshes/Chair08_a02.FBX;Universal Render Pipeline/Lit;_BaseMap;;;
Assets/Art/World/Fantasy_Kingdom_Pack/Meshes/Chair08_a03.FBX;Universal Render Pipeline/Lit;_BaseMap;;;
Assets/Art/World/Fantasy_Kingdom_Pack/Meshes/Chair08_a04.FBX;Universal Render Pipeline/Lit;_BaseMap;;;
Assets/Art/World/Fantasy_Kingdom_Pack/Meshes/Chair08_a05.FBX;Universal Render Pipeline/Lit;_BaseMap;;;
Assets/Art/World/Fantasy_Kingdom_Pack/Meshes/Chair08_a06.FBX;Universal Render Pipeline/Lit;_BaseMap;;;
Assets/Art/World/Fantasy_Kingdom_Pack/Meshes/Chair08_a07.FBX;Universal Render Pipeline/Lit;_BaseMap;;;
Assets/Art/World/Fantasy_Kingdom_Pack/Meshes/Chair09_a01.FBX;Universal Render Pipeline/Lit;_BaseMap;;;
Assets/Art/World/Fantasy_Kingdom_Pack/Meshes/Chair09_a02.FBX;Universal Render Pipeline/Lit;_BaseMap;;;
Assets/Art/World/Fantasy_Kingdom_Pack/Meshes/Chair09_a03.FBX;Universal Render Pipeline/Lit;_BaseMap;;;
Assets/Art/World/Fantasy_Kingdom_Pack/Meshes/Chair09_a04.FBX;Universal Render Pipeline/Lit;_BaseMap;;;
Assets/Art/World/Fantasy_Kingdom_Pack/Meshes/Chair09_a05.FBX;Universal Render Pipeline/Lit;_BaseMap;;;
Assets/Art/World/Fantasy_Kingdom_Pack/Meshes/Chair09_a06.FBX;Universal Render Pipeline/Lit;_BaseMap;;;
Assets/Art/World/Fantasy_Kingdom_Pack/Meshes/Chair09_a07.FBX;Universal Render Pipeline/Lit;_BaseMap;;;
Assets/Art/World/Fantasy_Kingdom_Pack/Meshes/Chair10_a01.FBX;Universal Render Pipeline/Lit;_BaseMap;;;
Assets/Art/World/Fantasy_Kingdom_Pack/Meshes/Chair10_a02.FBX;Universal Render Pipeline/Lit;_BaseMap;;;
Assets/Art/World/Fantasy_Kingdom_Pack/Meshes/Chair10_a03.FBX;Universal Render Pipeline/Lit;_BaseMap;;;
Assets/Art/World/Fantasy_Kingdom_Pack/Meshes/Chair10_a04.FBX;Universal Render Pipeline/Lit;_BaseMap;;;
Assets/Art/World/Fantasy_Kingdom_Pack/Meshes/Chair10_a05.FBX;Universal Render Pipeline/Lit;_BaseMap;;;
Assets/Art/World/Fantasy_Kingdom_Pack/Meshes/Chair10_a06.FBX;Universal Render Pipeline/Lit;_BaseMap;;;
Assets/Art/World/Fantasy_Kingdom_Pack/Meshes/Chair10_a07.FBX;Universal Render Pipeline/Lit;_BaseMap;;;
Assets/Art/World/Fantasy_Kingdom_Pack/Meshes/Chair10_a08.FBX;Universal Render Pipeline/Lit;_BaseMap;;;
Assets/Art/World/Fantasy_Kingdom_Pack/Meshes/Chair10_a09.FBX;Universal Render Pipeline/Lit;_BaseMap;;;
Assets/Art/World/Fantasy_Kingdom_Pack/Meshes/Chair10_a10.FBX;Universal Render Pipeline/Lit;_BaseMap;;;
Assets/Art/World/Fantasy_Kingdom_Pack/Meshes/Chair11_a01.FBX;Universal Render Pipeline/Lit;_BaseMap;;;
Assets/Art/World/Fantasy_Kingdom_Pack/Meshes/Chair11_a02.FBX;Universal Render Pipeline/Lit;_BaseMap;;;
Assets/Art/World/Fantasy_Kingdom_Pack/Meshes/Chair11_a03.FBX;Universal Render Pipeline/Lit;_BaseMap;;;
Assets/Art/World/Fantasy_Kingdom_Pack/Meshes/Chair11_a04.FBX;Universal Render Pipeline/Lit;_BaseMap;;;
Assets/Art/World/Fantasy_Kingdom_Pack/Meshes/Chair11_a05.FBX;Universal Render Pipeline/Lit;_BaseMap;;;
Assets/Art/World/Fantasy_Kingdom_Pack/Meshes/Chair11_a06.FBX;Universal Render Pipeline/Lit;_BaseMap;;;
Assets/Art/World/Fantasy_Kingdom_Pack/Meshes/Chair11_a07.FBX;Universal Render Pipeline/Lit;_BaseMap;;;
Assets/Art/World/Fantasy_Kingdom_Pack/Meshes/Chair11_a08.FBX;Universal Render Pipeline/Lit;_BaseMap;;;
Assets/Art/World/Fantasy_Kingdom_Pack/Meshes/Chair11_a09.FBX;Universal Render Pipeline/Lit;_BaseMap;;;
Assets/Art/World/Fantasy_Kingdom_Pack/Meshes/Chair11_a10.FBX;Universal Render Pipeline/Lit;_BaseMap;;;
Assets/Art/World/Fantasy_Kingdom_Pack/Meshes/Chair12_a01.FBX;Universal Render Pipeline/Lit;_BaseMap;;;
Assets/Art/World/Fantasy_Kingdom_Pack/Meshes/Chair12_a02.FBX;Universal Render Pipeline/Lit;_BaseMap;;;
Assets/Art/World/Fantasy_Kingdom_Pack/Meshes/Chair12_a03.FBX;Universal Render Pipeline/Lit;_BaseMap;;;
Assets/Art/World/Fantasy_Kingdom_Pack/Meshes/Chair12_a04.FBX;Universal Render Pipeline/Lit;_BaseMap;;;
Assets/Art/World/Fantasy_Kingdom_Pack/Meshes/Chair12_a05.FBX;Universal Render Pipeline/Lit;_BaseMap;;;
Assets/Art/World/Fantasy_Kingdom_Pack/Meshes/Chair12_a06.FBX;Universal Render Pipeline/Lit;_BaseMap;;;
Assets/Art/World/Fantasy_Kingdom_Pack/Meshes/Chair12_a07.FBX;Universal Render Pipeline/Lit;_BaseMap;;;
Assets/Art/World/Fantasy_Kingdom_Pack/Meshes/Chair12_a08.FBX;Universal Render Pipeline/Lit;_BaseMap;;;
Assets/Art/World/Fantasy_Kingdom_Pack/Meshes/Chair12_a09.FBX;Universal Render Pipeline/Lit;_BaseMap;;;
Assets/Art/World/Fantasy_Kingdom_Pack/Meshes/Chair12_a10.FBX;Universal Render Pipeline/Lit;_BaseMap;;;
Assets/Art/World/Fantasy_Kingdom_Pack/Meshes/Chair13_a01.FBX;Universal Render Pipeline/Lit;_BaseMap;;;
Assets/Art/World/Fantasy_Kingdom_Pack/Meshes/Chair13_a02.FBX;Universal Render Pipeline/Lit;_BaseMap;;;
Assets/Art/World/Fantasy_Kingdom_Pack/Meshes/Chair13_a03.FBX;Universal Render Pipeline/Lit;_BaseMap;;;
Assets/Art/World/Fantasy_Kingdom_Pack/Meshes/Chair13_a04.FBX;Universal Render Pipeline/Lit;_BaseMap;;;
Assets/Art/World/Fantasy_Kingdom_Pack/Meshes/Chair13_a05.FBX;Universal Render Pipeline/Lit;_BaseMap;;;
Assets/Art/World/Fantasy_Kingdom_Pack/Meshes/Chair13_a06.FBX;Universal Render Pipeline/Lit;_BaseMap;;;
Assets/Art/World/Fantasy_Kingdom_Pack/Meshes/Chair13_a07.FBX;Universal Render Pipeline/Lit;_BaseMap;;;
Assets/Art/World/Fantasy_Kingdom_Pack/Meshes/Chair13_a08.FBX;Universal Render Pipeline/Lit;_BaseMap;;;
Assets/Art/World/Fantasy_Kingdom_Pack/Meshes/Chair13_a09.FBX;Universal Render Pipeline/Lit;_BaseMap;;;
Assets/Art/World/Fantasy_Kingdom_Pack/Meshes/Chair13_a10.FBX;Universal Render Pipeline/Lit;_BaseMap;;;
Assets/Art/World/Fantasy_Kingdom_Pack/Meshes/Chair14_a01.FBX;Universal Render Pipeline/Lit;_BaseMap;;;
Assets/Art/World/Fantasy_Kingdom_Pack/Meshes/Chair14_a02.FBX;Universal Render Pipeline/Lit;_BaseMap;;;
Assets/Art/World/Fantasy_Kingdom_Pack/Meshes/Chair14_a03.FBX;Universal Render Pipeline/Lit;_BaseMap;;;
Assets/Art/World/Fantasy_Kingdom_Pack/Meshes/Chair14_a04.FBX;Universal Render Pipeline/Lit;_BaseMap;;;
Assets/Art/World/Fantasy_Kingdom_Pack/Meshes/Chair14_a05.FBX;Universal Render Pipeline/Lit;_BaseMap;;;
Assets/Art/World/Fantasy_Kingdom_Pack/Meshes/Chair14_a06.FBX;Universal Render Pipeline/Lit;_BaseMap;;;
Assets/Art/World/Fantasy_Kingdom_Pack/Meshes/Chair14_a07.FBX;Universal Render Pipeline/Lit;_BaseMap;;;
Assets/Art/World/Fantasy_Kingdom_Pack/Meshes/Chair14_a08.FBX;Universal Render Pipeline/Lit;_BaseMap;;;
Assets/Art/World/Fantasy_Kingdom_Pack/Meshes/Chair14_a09.FBX;Universal Render Pipeline/Lit;_BaseMap;;;
Assets/Art/World/Fantasy_Kingdom_Pack/Meshes/Chair14_a10.FBX;Universal Render Pipeline/Lit;_BaseMap;;;
Assets/Art/World/Fantasy_Kingdom_Pack/Meshes/Chair15_a01.FBX;Universal Render Pipeline/Lit;_BaseMap;;;
Assets/Art/World/Fantasy_Kingdom_Pack/Meshes/Chair15_a02.FBX;Universal Render Pipeline/Lit;_BaseMap;;;
Assets/Art/World/Fantasy_Kingdom_Pack/Meshes/Chair15_a03.FBX;Universal Render Pipeline/Lit;_BaseMap;;;
Assets/Art/World/Fantasy_Kingdom_Pack/Meshes/Chair15_a04.FBX;Universal Render Pipeline/Lit;_BaseMap;;;
Assets/Art/World/Fantasy_Kingdom_Pack/Meshes/Chair15_a05.FBX;Universal Render Pipeline/Lit;_BaseMap;;;
Assets/Art/World/Fantasy_Kingdom_Pack/Meshes/Chair15_a06.FBX;Universal Render Pipeline/Lit;_BaseMap;;;
Assets/Art/World/Fantasy_Kingdom_Pack/Meshes/Chair15_a07.FBX;Universal Render Pipeline/Lit;_BaseMap;;;
Assets/Art/World/Fantasy_Kingdom_Pack/Meshes/Chair15_a08.FBX;Universal Render Pipeline/Lit;_BaseMap;;;
Assets/Art/World/Fantasy_Kingdom_Pack/Meshes/Chair15_a09.FBX;Universal Render Pipeline/Lit;_BaseMap;;;
Assets/Art/World/Fantasy_Kingdom_Pack/Meshes/Chair15_a10.FBX;Universal Render Pipeline/Lit;_BaseMap;;;
Assets/Art/World/Fantasy_Kingdom_Pack/Meshes/Chest01_a01.FBX;Universal Render Pipeline/Lit;_BaseMap;;;
Assets/Art/World/Fantasy_Kingdom_Pack/Meshes/Chest01_a02.FBX;Universal Render Pipeline/Lit;_BaseMap;;;
Assets/Art/World/Fantasy_Kingdom_Pack/Meshes/Chest02_a01.FBX;Universal Render Pipeline/Lit;_BaseMap;;;
Assets/Art/World/Fantasy_Kingdom_Pack/Meshes/Chest02_a02.FBX;Universal Render Pipeline/Lit;_BaseMap;;;
Assets/Art/World/Fantasy_Kingdom_Pack/Meshes/Chimney01.FBX;Universal Render Pipeline/Lit;_BaseMap;;;
Assets/Art/World/Fantasy_Kingdom_Pack/Meshes/Chimney02.FBX;Universal Render Pipeline/Lit;_BaseMap;;;
Assets/Art/World/Fantasy_Kingdom_Pack/Meshes/Chimney03.FBX;Universal Render Pipeline/Lit;_BaseMap;;;
Assets/Art/World/Fantasy_Kingdom_Pack/Meshes/Chimney04_a01.FBX;Universal Render Pipeline/Lit;_BaseMap;;;
Assets/Art/World/Fantasy_Kingdom_Pack/Meshes/Chimney04_a02.FBX;Universal Render Pipeline/Lit;_BaseMap;;;
Assets/Art/World/Fantasy_Kingdom_Pack/Meshes/Chimney04_b01.FBX;Universal Render Pipeline/Lit;_BaseMap;;;
Assets/Art/World/Fantasy_Kingdom_Pack/Meshes/Chimney04_b02.FBX;Universal Render Pipeline/Lit;_BaseMap;;;
Assets/Art/World/Fantasy_Kingdom_Pack/Meshes/Chimney04_c01.FBX;Universal Render Pipeline/Lit;_BaseMap;;;
Assets/Art/World/Fantasy_Kingdom_Pack/Meshes/Chimney04_c02.FBX;Universal Render Pipeline/Lit;_BaseMap;;;
Assets/Art/World/Fantasy_Kingdom_Pack/Meshes/Chimney04_d01.FBX;Universal Render Pipeline/Lit;_BaseMap;;;
Assets/Art/World/Fantasy_Kingdom_Pack/Meshes/Chimney04_d02.FBX;Universal Render Pipeline/Lit;_BaseMap;;;
Assets/Art/World/Fantasy_Kingdom_Pack/Meshes/Chimney04_e01.FBX;Universal Render Pipeline/Lit;_BaseMap;;;
Assets/Art/World/Fantasy_Kingdom_Pack/Meshes/Chimney04_e02.FBX;Universal Render Pipeline/Lit;_BaseMap;;;
Assets/Art/World/Fantasy_Kingdom_Pack/Meshes/Chimney05_a01.FBX;Universal Render Pipeline/Lit;_BaseMap;;;
Assets/Art/World/Fantasy_Kingdom_Pack/Meshes/Chimney05_a02.FBX;Universal Render Pipeline/Lit;_BaseMap;;;
Assets/Art/World/Fantasy_Kingdom_Pack/Meshes/Chimney05_b01.FBX;Universal Render Pipeline/Lit;_BaseMap;;;
Assets/Art/World/Fantasy_Kingdom_Pack/Meshes/Chimney05_b02.FBX;Universal Render Pipeline/Lit;_BaseMap;;;
Assets/Art/World/Fantasy_Kingdom_Pack/Meshes/Chimney05_c01.FBX;Universal Render Pipeline/Lit;_BaseMap;;;
Assets/Art/World/Fantasy_Kingdom_Pack/Meshes/Chimney05_c02.FBX;Universal Render Pipeline/Lit;_BaseMap;;;
Assets/Art/World/Fantasy_Kingdom_Pack/Meshes/Chimney05_d01.FBX;Universal Render Pipeline/Lit;_BaseMap;;;
Assets/Art/World/Fantasy_Kingdom_Pack/Meshes/Chimney05_d02.FBX;Universal Render Pipeline/Lit;_BaseMap;;;
Assets/Art/World/Fantasy_Kingdom_Pack/Meshes/Chimney05_e01.FBX;Universal Render Pipeline/Lit;_BaseMap;;;
Assets/Art/World/Fantasy_Kingdom_Pack/Meshes/Chimney05_e02.FBX;Universal Render Pipeline/Lit;_BaseMap;;;
Assets/Art/World/Fantasy_Kingdom_Pack/Meshes/Chimney06_a01.FBX;Universal Render Pipeline/Lit;_BaseMap;;;
Assets/Art/World/Fantasy_Kingdom_Pack/Meshes/Chimney06_b01.FBX;Universal Render Pipeline/Lit;_BaseMap;;;
Assets/Art/World/Fantasy_Kingdom_Pack/Meshes/Chimney06_c01.FBX;Universal Render Pipeline/Lit;_BaseMap;;;
Assets/Art/World/Fantasy_Kingdom_Pack/Meshes/Chimney07_a01.FBX;Universal Render Pipeline/Lit;_BaseMap;;;
Assets/Art/World/Fantasy_Kingdom_Pack/Meshes/Church01_a01.FBX;Universal Render Pipeline/Lit;_BaseMap;;;
Assets/Art/World/Fantasy_Kingdom_Pack/Meshes/Church01_b01.FBX;Universal Render Pipeline/Lit;_BaseMap;;;
Assets/Art/World/Fantasy_Kingdom_Pack/Meshes/Church01_c01.FBX;Universal Render Pipeline/Lit;_BaseMap;;;
Assets/Art/World/Fantasy_Kingdom_Pack/Meshes/Church01_d01.FBX;Universal Render Pipeline/Lit;_BaseMap;;;
Assets/Art/World/Fantasy_Kingdom_Pack/Meshes/Church01_e01.FBX;Universal Render Pipeline/Lit;_BaseMap;;;
Assets/Art/World/Fantasy_Kingdom_Pack/Meshes/Church02_a01.FBX;Universal Render Pipeline/Lit;_BaseMap;;;
Assets/Art/World/Fantasy_Kingdom_Pack/Meshes/Church02_a02.FBX;Universal Render Pipeline/Lit;_BaseMap;;;
Assets/Art/World/Fantasy_Kingdom_Pack/Meshes/Church02_b01.FBX;Universal Render Pipeline/Lit;_BaseMap;;;
Assets/Art/World/Fantasy_Kingdom_Pack/Meshes/Church02_b02.FBX;Universal Render Pipeline/Lit;_BaseMap;;;
Assets/Art/World/Fantasy_Kingdom_Pack/Meshes/Church02_c01.FBX;Universal Render Pipeline/Lit;_BaseMap;;;
Assets/Art/World/Fantasy_Kingdom_Pack/Meshes/Church02_c02.FBX;Universal Render Pipeline/Lit;_BaseMap;;;
Assets/Art/World/Fantasy_Kingdom_Pack/Meshes/Church02_d01.FBX;Universal Render Pipeline/Lit;_BaseMap;;;
Assets/Art/World/Fantasy_Kingdom_Pack/Meshes/Church02_d02.FBX;Universal Render Pipeline/Lit;_BaseMap;;;
Assets/Art/World/Fantasy_Kingdom_Pack/Meshes/Church02_e01.FBX;Universal Render Pipeline/Lit;_BaseMap;;;
Assets/Art/World/Fantasy_Kingdom_Pack/Meshes/Church02_e02.FBX;Universal Render Pipeline/Lit;_BaseMap;;;
Assets/Art/World/Fantasy_Kingdom_Pack/Meshes/Church03_a01.FBX;Universal Render Pipeline/Lit;_BaseMap;;;
Assets/Art/World/Fantasy_Kingdom_Pack/Meshes/Church03_a02.FBX;Universal Render Pipeline/Lit;_BaseMap;;;
Assets/Art/World/Fantasy_Kingdom_Pack/Meshes/Church03_b01.FBX;Universal Render Pipeline/Lit;_BaseMap;;;
Assets/Art/World/Fantasy_Kingdom_Pack/Meshes/Church03_b02.FBX;Universal Render Pipeline/Lit;_BaseMap;;;
Assets/Art/World/Fantasy_Kingdom_Pack/Meshes/Church03_c01.FBX;Universal Render Pipeline/Lit;_BaseMap;;;
Assets/Art/World/Fantasy_Kingdom_Pack/Meshes/Church03_c02.FBX;Universal Render Pipeline/Lit;_BaseMap;;;
Assets/Art/World/Fantasy_Kingdom_Pack/Meshes/Church03_d01.FBX;Universal Render Pipeline/Lit;_BaseMap;;;
Assets/Art/World/Fantasy_Kingdom_Pack/Meshes/Church03_d02.FBX;Universal Render Pipeline/Lit;_BaseMap;;;
Assets/Art/World/Fantasy_Kingdom_Pack/Meshes/Church03_e01.FBX;Universal Render Pipeline/Lit;_BaseMap;;;
Assets/Art/World/Fantasy_Kingdom_Pack/Meshes/Church03_e02.FBX;Universal Render Pipeline/Lit;_BaseMap;;;
Assets/Art/World/Fantasy_Kingdom_Pack/Meshes/City01.FBX;Universal Render Pipeline/Lit;_BaseMap;;;
Assets/Art/World/Fantasy_Kingdom_Pack/Meshes/Cloth01_a01.FBX;Universal Render Pipeline/Lit;_BaseMap;;;
Assets/Art/World/Fantasy_Kingdom_Pack/Meshes/Cloth01_a02.FBX;Universal Render Pipeline/Lit;_BaseMap;;;
Assets/Art/World/Fantasy_Kingdom_Pack/Meshes/Cloth01_a03.FBX;Universal Render Pipeline/Lit;_BaseMap;;;
Assets/Art/World/Fantasy_Kingdom_Pack/Meshes/Cloth01_a04.FBX;Universal Render Pipeline/Lit;_BaseMap;;;
Assets/Art/World/Fantasy_Kingdom_Pack/Meshes/Cloth01_a05.FBX;Universal Render Pipeline/Lit;_BaseMap;;;
Assets/Art/World/Fantasy_Kingdom_Pack/Meshes/Coins01_a01.FBX;Universal Render Pipeline/Lit;_BaseMap;;;
Assets/Art/World/Fantasy_Kingdom_Pack/Meshes/Coins02_a01.FBX;Universal Render Pipeline/Lit;_BaseMap;;;
Assets/Art/World/Fantasy_Kingdom_Pack/Meshes/Coins02_a02.FBX;Universal Render Pipeline/Lit;_BaseMap;;;
Assets/Art/World/Fantasy_Kingdom_Pack/Meshes/Coins03_a01.FBX;Universal Render Pipeline/Lit;_BaseMap;;;
Assets/Art/World/Fantasy_Kingdom_Pack/Meshes/Coins04_a01.FBX;Universal Render Pipeline/Lit;_BaseMap;;;
Assets/Art/World/Fantasy_Kingdom_Pack/Meshes/Coins04_b01.FBX;Universal Render Pipeline/Lit;_BaseMap;;;
Assets/Art/World/Fantasy_Kingdom_Pack/Meshes/Counter01_a01.FBX;Universal Render Pipeline/Lit;_BaseMap;;;
Assets/Art/World/Fantasy_Kingdom_Pack/Meshes/Counter01_a02.FBX;Universal Render Pipeline/Lit;_BaseMap;;;
Assets/Art/World/Fantasy_Kingdom_Pack/Meshes/Counter01_a03.FBX;Universal Render Pipeline/Lit;_BaseMap;;;
Assets/Art/World/Fantasy_Kingdom_Pack/Meshes/Counter01_a04.FBX;Universal Render Pipeline/Lit;_BaseMap;;;
Assets/Art/World/Fantasy_Kingdom_Pack/Meshes/Counter01_a05.FBX;Universal Render Pipeline/Lit;_BaseMap;;;
Assets/Art/World/Fantasy_Kingdom_Pack/Meshes/Counter01_a06.FBX;Universal Render Pipeline/Lit;_BaseMap;;;
Assets/Art/World/Fantasy_Kingdom_Pack/Meshes/Counter01_b01.FBX;Universal Render Pipeline/Lit;_BaseMap;;;
Assets/Art/World/Fantasy_Kingdom_Pack/Meshes/Counter02_a01.FBX;Universal Render Pipeline/Lit;_BaseMap;;;
Assets/Art/World/Fantasy_Kingdom_Pack/Meshes/Counter02_a02.FBX;Universal Render Pipeline/Lit;_BaseMap;;;
Assets/Art/World/Fantasy_Kingdom_Pack/Meshes/Counter02_a03.FBX;Universal Render Pipeline/Lit;_BaseMap;;;
Assets/Art/World/Fantasy_Kingdom_Pack/Meshes/Crane01_a01.FBX;Universal Render Pipeline/Lit;_BaseMap;;;
Assets/Art/World/Fantasy_Kingdom_Pack/Meshes/Crane02_a01.FBX;Universal Render Pipeline/Lit;_BaseMap;;;
Assets/Art/World/Fantasy_Kingdom_Pack/Meshes/Crystalball01_a01.FBX;Universal Render Pipeline/Lit;_BaseMap;;;
Assets/Art/World/Fantasy_Kingdom_Pack/Meshes/Curtain01_a01.FBX;Universal Render Pipeline/Lit;_BaseMap;;;
Assets/Art/World/Fantasy_Kingdom_Pack/Meshes/Curtain01_a02.FBX;Universal Render Pipeline/Lit;_BaseMap;;;
Assets/Art/World/Fantasy_Kingdom_Pack/Meshes/Curtain01_a03.FBX;Universal Render Pipeline/Lit;_BaseMap;;;
Assets/Art/World/Fantasy_Kingdom_Pack/Meshes/Curtain01_a04.FBX;Universal Render Pipeline/Lit;_BaseMap;;;
Assets/Art/World/Fantasy_Kingdom_Pack/Meshes/Curtain01_a05.FBX;Universal Render Pipeline/Lit;_BaseMap;;;
Assets/Art/World/Fantasy_Kingdom_Pack/Meshes/Curtain01_b01.FBX;Universal Render Pipeline/Lit;_BaseMap;;;
Assets/Art/World/Fantasy_Kingdom_Pack/Meshes/Curtain01_b02.FBX;Universal Render Pipeline/Lit;_BaseMap;;;
Assets/Art/World/Fantasy_Kingdom_Pack/Meshes/Curtain01_b03.FBX;Universal Render Pipeline/Lit;_BaseMap;;;
Assets/Art/World/Fantasy_Kingdom_Pack/Meshes/Curtain01_b04.FBX;Universal Render Pipeline/Lit;_BaseMap;;;
Assets/Art/World/Fantasy_Kingdom_Pack/Meshes/Curtain01_b05.FBX;Universal Render Pipeline/Lit;_BaseMap;;;
Assets/Art/World/Fantasy_Kingdom_Pack/Meshes/Dish01_a01.FBX;Universal Render Pipeline/Lit;_BaseMap;;;
Assets/Art/World/Fantasy_Kingdom_Pack/Meshes/Dish01_a02.FBX;Universal Render Pipeline/Lit;_BaseMap;;;
Assets/Art/World/Fantasy_Kingdom_Pack/Meshes/Dogfood01_a01.FBX;Universal Render Pipeline/Lit;_BaseMap;;;
Assets/Art/World/Fantasy_Kingdom_Pack/Meshes/Dogfood01_a02.FBX;Universal Render Pipeline/Lit;_BaseMap;;;
Assets/Art/World/Fantasy_Kingdom_Pack/Meshes/Dogfood01_a03.FBX;Universal Render Pipeline/Lit;_BaseMap;;;
Assets/Art/World/Fantasy_Kingdom_Pack/Meshes/Dogfood01_a04.FBX;Universal Render Pipeline/Lit;_BaseMap;;;
Assets/Art/World/Fantasy_Kingdom_Pack/Meshes/Doghouse01_a03.FBX;Universal Render Pipeline/Lit;_BaseMap;;;
Assets/Art/World/Fantasy_Kingdom_Pack/Meshes/Doghouse01_a04.FBX;Universal Render Pipeline/Lit;_BaseMap;;;
Assets/Art/World/Fantasy_Kingdom_Pack/Meshes/Door01.FBX;Universal Render Pipeline/Lit;_BaseMap;;;
Assets/Art/World/Fantasy_Kingdom_Pack/Meshes/Door02.FBX;Universal Render Pipeline/Lit;_BaseMap;;;
Assets/Art/World/Fantasy_Kingdom_Pack/Meshes/Door03.FBX;Universal Render Pipeline/Lit;_BaseMap;;;
Assets/Art/World/Fantasy_Kingdom_Pack/Meshes/Door04.FBX;Universal Render Pipeline/Lit;_BaseMap;;;
Assets/Art/World/Fantasy_Kingdom_Pack/Meshes/Door05.FBX;Universal Render Pipeline/Lit;_BaseMap;;;
Assets/Art/World/Fantasy_Kingdom_Pack/Meshes/Door06.FBX;Universal Render Pipeline/Lit;_BaseMap;;;
Assets/Art/World/Fantasy_Kingdom_Pack/Meshes/Door07.FBX;Universal Render Pipeline/Lit;_BaseMap;;;
Assets/Art/World/Fantasy_Kingdom_Pack/Meshes/Door08.FBX;Universal Render Pipeline/Lit;_BaseMap;;;
Assets/Art/World/Fantasy_Kingdom_Pack/Meshes/Door09.FBX;Universal Render Pipeline/Lit;_BaseMap;;;
Assets/Art/World/Fantasy_Kingdom_Pack/Meshes/Door10.FBX;Universal Render Pipeline/Lit;_BaseMap;;;
Assets/Art/World/Fantasy_Kingdom_Pack/Meshes/Door11.FBX;Universal Render Pipeline/Lit;_BaseMap;;;
Assets/Art/World/Fantasy_Kingdom_Pack/Meshes/Door12.FBX;Universal Render Pipeline/Lit;_BaseMap;;;
Assets/Art/World/Fantasy_Kingdom_Pack/Meshes/Door13.FBX;Universal Render Pipeline/Lit;_BaseMap;;;
Assets/Art/World/Fantasy_Kingdom_Pack/Meshes/Door14.FBX;Universal Render Pipeline/Lit;_BaseMap;;;
Assets/Art/World/Fantasy_Kingdom_Pack/Meshes/Door15.FBX;Universal Render Pipeline/Lit;_BaseMap;;;
Assets/Art/World/Fantasy_Kingdom_Pack/Meshes/Door16_a01.FBX;Universal Render Pipeline/Lit;_BaseMap;;;
Assets/Art/World/Fantasy_Kingdom_Pack/Meshes/Door16_a02.FBX;Universal Render Pipeline/Lit;_BaseMap;;;
Assets/Art/World/Fantasy_Kingdom_Pack/Meshes/Door16_a03.FBX;Universal Render Pipeline/Lit;_BaseMap;;;
Assets/Art/World/Fantasy_Kingdom_Pack/Meshes/Door16_b01.FBX;Universal Render Pipeline/Lit;_BaseMap;;;
Assets/Art/World/Fantasy_Kingdom_Pack/Meshes/Door16_b02.FBX;Universal Render Pipeline/Lit;_BaseMap;;;
Assets/Art/World/Fantasy_Kingdom_Pack/Meshes/Door16_b03.FBX;Universal Render Pipeline/Lit;_BaseMap;;;
Assets/Art/World/Fantasy_Kingdom_Pack/Meshes/Door16_c01.FBX;Universal Render Pipeline/Lit;_BaseMap;;;
Assets/Art/World/Fantasy_Kingdom_Pack/Meshes/Door16_c02.FBX;Universal Render Pipeline/Lit;_BaseMap;;;
Assets/Art/World/Fantasy_Kingdom_Pack/Meshes/Door16_c03.FBX;Universal Render Pipeline/Lit;_BaseMap;;;
Assets/Art/World/Fantasy_Kingdom_Pack/Meshes/Door16_d01.FBX;Universal Render Pipeline/Lit;_BaseMap;;;
Assets/Art/World/Fantasy_Kingdom_Pack/Meshes/Door16_d02.FBX;Universal Render Pipeline/Lit;_BaseMap;;;
Assets/Art/World/Fantasy_Kingdom_Pack/Meshes/Door16_d03.FBX;Universal Render Pipeline/Lit;_BaseMap;;;
Assets/Art/World/Fantasy_Kingdom_Pack/Meshes/Door16_e01.FBX;Universal Render Pipeline/Lit;_BaseMap;;;
Assets/Art/World/Fantasy_Kingdom_Pack/Meshes/Door16_e02.FBX;Universal Render Pipeline/Lit;_BaseMap;;;
Assets/Art/World/Fantasy_Kingdom_Pack/Meshes/Door16_e03.FBX;Universal Render Pipeline/Lit;_BaseMap;;;
Assets/Art/World/Fantasy_Kingdom_Pack/Meshes/Explosive01_a01.FBX;Universal Render Pipeline/Lit;_BaseMap;;;
Assets/Art/World/Fantasy_Kingdom_Pack/Meshes/Explosive01_a02.FBX;Universal Render Pipeline/Lit;_BaseMap;;;
Assets/Art/World/Fantasy_Kingdom_Pack/Meshes/Farm01_a01.FBX;Universal Render Pipeline/Lit;_BaseMap;;;
Assets/Art/World/Fantasy_Kingdom_Pack/Meshes/Farm02_a01.FBX;Universal Render Pipeline/Lit;_BaseMap;;;
Assets/Art/World/Fantasy_Kingdom_Pack/Meshes/Fire01_a01.FBX;Universal Render Pipeline/Lit;_BaseMap;;;
Assets/Art/World/Fantasy_Kingdom_Pack/Meshes/Fish01_a01.FBX;Universal Render Pipeline/Lit;_BaseMap;;;
Assets/Art/World/Fantasy_Kingdom_Pack/Meshes/Fish01_a02.FBX;Universal Render Pipeline/Lit;_BaseMap;;;
Assets/Art/World/Fantasy_Kingdom_Pack/Meshes/Fish01_a03.FBX;Universal Render Pipeline/Lit;_BaseMap;;;
Assets/Art/World/Fantasy_Kingdom_Pack/Meshes/Fish01_a04.FBX;Universal Render Pipeline/Lit;_BaseMap;;;
Assets/Art/World/Fantasy_Kingdom_Pack/Meshes/Fish01_b01.FBX;Universal Render Pipeline/Lit;_BaseMap;;;
Assets/Art/World/Fantasy_Kingdom_Pack/Meshes/Fish01_b02.FBX;Universal Render Pipeline/Lit;_BaseMap;;;
Assets/Art/World/Fantasy_Kingdom_Pack/Meshes/Fish01_b03.FBX;Universal Render Pipeline/Lit;_BaseMap;;;
Assets/Art/World/Fantasy_Kingdom_Pack/Meshes/Fish01_b04.FBX;Universal Render Pipeline/Lit;_BaseMap;;;
Assets/Art/World/Fantasy_Kingdom_Pack/Meshes/Fish01_b05.FBX;Universal Render Pipeline/Lit;_BaseMap;;;
Assets/Art/World/Fantasy_Kingdom_Pack/Meshes/Fish02_a01.FBX;Universal Render Pipeline/Lit;_BaseMap;;;
Assets/Art/World/Fantasy_Kingdom_Pack/Meshes/Fish02_b01.FBX;Universal Render Pipeline/Lit;_BaseMap;;;
Assets/Art/World/Fantasy_Kingdom_Pack/Meshes/Fish03_a01.FBX;Universal Render Pipeline/Lit;_BaseMap;;;
Assets/Art/World/Fantasy_Kingdom_Pack/Meshes/Fish03_a02.FBX;Universal Render Pipeline/Lit;_BaseMap;;;
Assets/Art/World/Fantasy_Kingdom_Pack/Meshes/Fish03_a03.FBX;Universal Render Pipeline/Lit;_BaseMap;;;
Assets/Art/World/Fantasy_Kingdom_Pack/Meshes/Fish03_a04.FBX;Universal Render Pipeline/Lit;_BaseMap;;;
Assets/Art/World/Fantasy_Kingdom_Pack/Meshes/Fishing_rod01_a01.FBX;Universal Render Pipeline/Lit;_BaseMap;;;
Assets/Art/World/Fantasy_Kingdom_Pack/Meshes/Fishing_rod01_a02.FBX;Universal Render Pipeline/Lit;_BaseMap;;;
Assets/Art/World/Fantasy_Kingdom_Pack/Meshes/Fishing_rod01_a03.FBX;Universal Render Pipeline/Lit;_BaseMap;;;
Assets/Art/World/Fantasy_Kingdom_Pack/Meshes/Fishing_rod01_a04.FBX;Universal Render Pipeline/Lit;_BaseMap;;;
Assets/Art/World/Fantasy_Kingdom_Pack/Meshes/Fishing_rod01_a05.FBX;Universal Render Pipeline/Lit;_BaseMap;;;
Assets/Art/World/Fantasy_Kingdom_Pack/Meshes/Fishing_rod01_a06.FBX;Universal Render Pipeline/Lit;_BaseMap;;;
Assets/Art/World/Fantasy_Kingdom_Pack/Meshes/Fishing_rod01_a07.FBX;Universal Render Pipeline/Lit;_BaseMap;;;
Assets/Art/World/Fantasy_Kingdom_Pack/Meshes/Fishingcage01_a01.FBX;Universal Render Pipeline/Lit;_BaseMap;;;
Assets/Art/World/Fantasy_Kingdom_Pack/Meshes/Fishingcage02_a01.FBX;Universal Render Pipeline/Lit;_BaseMap;;;
Assets/Art/World/Fantasy_Kingdom_Pack/Meshes/Flag01_a01.FBX;Universal Render Pipeline/Lit;_BaseMap;;;
Assets/Art/World/Fantasy_Kingdom_Pack/Meshes/Flag01_b01.FBX;Universal Render Pipeline/Lit;_BaseMap;;;
Assets/Art/World/Fantasy_Kingdom_Pack/Meshes/Flag01_c01.FBX;Universal Render Pipeline/Lit;_BaseMap;;;
Assets/Art/World/Fantasy_Kingdom_Pack/Meshes/Flag01_d01.FBX;Universal Render Pipeline/Lit;_BaseMap;;;
Assets/Art/World/Fantasy_Kingdom_Pack/Meshes/Flag02_a01.FBX;Universal Render Pipeline/Lit;_BaseMap;;;
Assets/Art/World/Fantasy_Kingdom_Pack/Meshes/Flag02_b01.FBX;Universal Render Pipeline/Lit;_BaseMap;;;
Assets/Art/World/Fantasy_Kingdom_Pack/Meshes/Flag02_c01.FBX;Universal Render Pipeline/Lit;_BaseMap;;;
Assets/Art/World/Fantasy_Kingdom_Pack/Meshes/Flag02_d01.FBX;Universal Render Pipeline/Lit;_BaseMap;;;
Assets/Art/World/Fantasy_Kingdom_Pack/Meshes/Flag03_a01.FBX;Universal Render Pipeline/Lit;_BaseMap;;;
Assets/Art/World/Fantasy_Kingdom_Pack/Meshes/Flag03_a02.FBX;Universal Render Pipeline/Lit;_BaseMap;;;
Assets/Art/World/Fantasy_Kingdom_Pack/Meshes/Flag03_a03.FBX;Universal Render Pipeline/Lit;_BaseMap;;;
Assets/Art/World/Fantasy_Kingdom_Pack/Meshes/Flag03_a04.FBX;Universal Render Pipeline/Lit;_BaseMap;;;
Assets/Art/World/Fantasy_Kingdom_Pack/Meshes/Flag03_b01.FBX;Universal Render Pipeline/Lit;_BaseMap;;;
Assets/Art/World/Fantasy_Kingdom_Pack/Meshes/Flag03_b02.FBX;Universal Render Pipeline/Lit;_BaseMap;;;
Assets/Art/World/Fantasy_Kingdom_Pack/Meshes/Flag03_b03.FBX;Universal Render Pipeline/Lit;_BaseMap;;;
Assets/Art/World/Fantasy_Kingdom_Pack/Meshes/Flag03_b04.FBX;Universal Render Pipeline/Lit;_BaseMap;;;
Assets/Art/World/Fantasy_Kingdom_Pack/Meshes/Flag03_c01.FBX;Universal Render Pipeline/Lit;_BaseMap;;;
Assets/Art/World/Fantasy_Kingdom_Pack/Meshes/Flag03_c02.FBX;Universal Render Pipeline/Lit;_BaseMap;;;
Assets/Art/World/Fantasy_Kingdom_Pack/Meshes/Flag03_c03.FBX;Universal Render Pipeline/Lit;_BaseMap;;;
Assets/Art/World/Fantasy_Kingdom_Pack/Meshes/Flag03_c04.FBX;Universal Render Pipeline/Lit;_BaseMap;;;
Assets/Art/World/Fantasy_Kingdom_Pack/Meshes/Flag03_d01.FBX;Universal Render Pipeline/Lit;_BaseMap;;;
Assets/Art/World/Fantasy_Kingdom_Pack/Meshes/Flag03_d02.FBX;Universal Render Pipeline/Lit;_BaseMap;;;
Assets/Art/World/Fantasy_Kingdom_Pack/Meshes/Flag03_d03.FBX;Universal Render Pipeline/Lit;_BaseMap;;;
Assets/Art/World/Fantasy_Kingdom_Pack/Meshes/Flag03_d04.FBX;Universal Render Pipeline/Lit;_BaseMap;;;
Assets/Art/World/Fantasy_Kingdom_Pack/Meshes/Flag04_a01.FBX;Universal Render Pipeline/Lit;_BaseMap;;;
Assets/Art/World/Fantasy_Kingdom_Pack/Meshes/Flag04_a02.FBX;Universal Render Pipeline/Lit;_BaseMap;;;
Assets/Art/World/Fantasy_Kingdom_Pack/Meshes/Flag04_a03.FBX;Universal Render Pipeline/Lit;_BaseMap;;;
Assets/Art/World/Fantasy_Kingdom_Pack/Meshes/Flag04_a04.FBX;Universal Render Pipeline/Lit;_BaseMap;;;
Assets/Art/World/Fantasy_Kingdom_Pack/Meshes/Flag04_a05.FBX;Universal Render Pipeline/Lit;_BaseMap;;;
Assets/Art/World/Fantasy_Kingdom_Pack/Meshes/Flag04_a06.FBX;Universal Render Pipeline/Lit;_BaseMap;;;
Assets/Art/World/Fantasy_Kingdom_Pack/Meshes/Flag04_a07.FBX;Universal Render Pipeline/Lit;_BaseMap;;;
Assets/Art/World/Fantasy_Kingdom_Pack/Meshes/Flag04_a08.FBX;Universal Render Pipeline/Lit;_BaseMap;;;
Assets/Art/World/Fantasy_Kingdom_Pack/Meshes/Flag04_a09.FBX;Universal Render Pipeline/Lit;_BaseMap;;;
Assets/Art/World/Fantasy_Kingdom_Pack/Meshes/Flag04_a10.FBX;Universal Render Pipeline/Lit;_BaseMap;;;
Assets/Art/World/Fantasy_Kingdom_Pack/Meshes/Flag04_a11.FBX;Universal Render Pipeline/Lit;_BaseMap;;;
Assets/Art/World/Fantasy_Kingdom_Pack/Meshes/Flag04_a12.FBX;Universal Render Pipeline/Lit;_BaseMap;;;
Assets/Art/World/Fantasy_Kingdom_Pack/Meshes/Flag04_a13.FBX;Universal Render Pipeline/Lit;_BaseMap;;;
Assets/Art/World/Fantasy_Kingdom_Pack/Meshes/Flag04_a14.FBX;Universal Render Pipeline/Lit;_BaseMap;;;
Assets/Art/World/Fantasy_Kingdom_Pack/Meshes/Floor01_a01.FBX;Universal Render Pipeline/Lit;_BaseMap;;;
Assets/Art/World/Fantasy_Kingdom_Pack/Meshes/Floor01_a02.FBX;Universal Render Pipeline/Lit;_BaseMap;;;
Assets/Art/World/Fantasy_Kingdom_Pack/Meshes/Floor01_b01.FBX;Universal Render Pipeline/Lit;_BaseMap;;;
Assets/Art/World/Fantasy_Kingdom_Pack/Meshes/Floor01_b02.FBX;Universal Render Pipeline/Lit;_BaseMap;;;
Assets/Art/World/Fantasy_Kingdom_Pack/Meshes/Floor01_c01.FBX;Universal Render Pipeline/Lit;_BaseMap;;;
Assets/Art/World/Fantasy_Kingdom_Pack/Meshes/Floor01_c02.FBX;Universal Render Pipeline/Lit;_BaseMap;;;
Assets/Art/World/Fantasy_Kingdom_Pack/Meshes/Floor01_d01.FBX;Universal Render Pipeline/Lit;_BaseMap;;;
Assets/Art/World/Fantasy_Kingdom_Pack/Meshes/Floor01_e01.FBX;Universal Render Pipeline/Lit;_BaseMap;;;
Assets/Art/World/Fantasy_Kingdom_Pack/Meshes/Floor02_a01.FBX;Universal Render Pipeline/Lit;_BaseMap;;;
Assets/Art/World/Fantasy_Kingdom_Pack/Meshes/Floor02_a02.FBX;Universal Render Pipeline/Lit;_BaseMap;;;
Assets/Art/World/Fantasy_Kingdom_Pack/Meshes/Floor02_b01.FBX;Universal Render Pipeline/Lit;_BaseMap;;;
Assets/Art/World/Fantasy_Kingdom_Pack/Meshes/Floor02_b02.FBX;Universal Render Pipeline/Lit;_BaseMap;;;
Assets/Art/World/Fantasy_Kingdom_Pack/Meshes/Floor02_c01.FBX;Universal Render Pipeline/Lit;_BaseMap;;;
Assets/Art/World/Fantasy_Kingdom_Pack/Meshes/Floor02_c02.FBX;Universal Render Pipeline/Lit;_BaseMap;;;
Assets/Art/World/Fantasy_Kingdom_Pack/Meshes/Floor02_d01.FBX;Universal Render Pipeline/Lit;_BaseMap;;;
Assets/Art/World/Fantasy_Kingdom_Pack/Meshes/Floor02_e01.FBX;Universal Render Pipeline/Lit;_BaseMap;;;
Assets/Art/World/Fantasy_Kingdom_Pack/Meshes/Floor03_a01.FBX;Universal Render Pipeline/Lit;_BaseMap;;;
Assets/Art/World/Fantasy_Kingdom_Pack/Meshes/Floor03_a02.FBX;Universal Render Pipeline/Lit;_BaseMap;;;
Assets/Art/World/Fantasy_Kingdom_Pack/Meshes/Floor03_b01.FBX;Universal Render Pipeline/Lit;_BaseMap;;;
Assets/Art/World/Fantasy_Kingdom_Pack/Meshes/Floor03_b02.FBX;Universal Render Pipeline/Lit;_BaseMap;;;
Assets/Art/World/Fantasy_Kingdom_Pack/Meshes/Floor03_c01.FBX;Universal Render Pipeline/Lit;_BaseMap;;;
Assets/Art/World/Fantasy_Kingdom_Pack/Meshes/Floor03_c02.FBX;Universal Render Pipeline/Lit;_BaseMap;;;
Assets/Art/World/Fantasy_Kingdom_Pack/Meshes/Floor03_d01.FBX;Universal Render Pipeline/Lit;_BaseMap;;;
Assets/Art/World/Fantasy_Kingdom_Pack/Meshes/Floor03_e01.FBX;Universal Render Pipeline/Lit;_BaseMap;;;
Assets/Art/World/Fantasy_Kingdom_Pack/Meshes/Floor04_a01.FBX;Universal Render Pipeline/Lit;_BaseMap;;;
Assets/Art/World/Fantasy_Kingdom_Pack/Meshes/Floor04_a02.FBX;Universal Render Pipeline/Lit;_BaseMap;;;
Assets/Art/World/Fantasy_Kingdom_Pack/Meshes/Floor04_b01.FBX;Universal Render Pipeline/Lit;_BaseMap;;;
Assets/Art/World/Fantasy_Kingdom_Pack/Meshes/Floor04_b02.FBX;Universal Render Pipeline/Lit;_BaseMap;;;
Assets/Art/World/Fantasy_Kingdom_Pack/Meshes/Floor04_c01.FBX;Universal Render Pipeline/Lit;_BaseMap;;;
Assets/Art/World/Fantasy_Kingdom_Pack/Meshes/Floor04_c02.FBX;Universal Render Pipeline/Lit;_BaseMap;;;
Assets/Art/World/Fantasy_Kingdom_Pack/Meshes/Floor04_d01.FBX;Universal Render Pipeline/Lit;_BaseMap;;;
Assets/Art/World/Fantasy_Kingdom_Pack/Meshes/Floor04_e01.FBX;Universal Render Pipeline/Lit;_BaseMap;;;
Assets/Art/World/Fantasy_Kingdom_Pack/Meshes/Flower01_a01.FBX;Universal Render Pipeline/Lit;_BaseMap;;;
Assets/Art/World/Fantasy_Kingdom_Pack/Meshes/Flower01_b01.FBX;Universal Render Pipeline/Lit;_BaseMap;;;
Assets/Art/World/Fantasy_Kingdom_Pack/Meshes/Flower01_c01.FBX;Universal Render Pipeline/Lit;_BaseMap;;;
Assets/Art/World/Fantasy_Kingdom_Pack/Meshes/Flower02_a01.FBX;Universal Render Pipeline/Lit;_BaseMap;;;
Assets/Art/World/Fantasy_Kingdom_Pack/Meshes/Flower02_b01.FBX;Universal Render Pipeline/Lit;_BaseMap;;;
Assets/Art/World/Fantasy_Kingdom_Pack/Meshes/Flower03_a01.FBX;Universal Render Pipeline/Lit;_BaseMap;;;
Assets/Art/World/Fantasy_Kingdom_Pack/Meshes/Flower04_a01.FBX;Universal Render Pipeline/Lit;_BaseMap;;;
Assets/Art/World/Fantasy_Kingdom_Pack/Meshes/Flower04_a02.FBX;Universal Render Pipeline/Lit;_BaseMap;;;
Assets/Art/World/Fantasy_Kingdom_Pack/Meshes/Flower04_a03.FBX;Universal Render Pipeline/Lit;_BaseMap;;;
Assets/Art/World/Fantasy_Kingdom_Pack/Meshes/Flower05_a01.FBX;Universal Render Pipeline/Lit;_BaseMap;;;
Assets/Art/World/Fantasy_Kingdom_Pack/Meshes/Flower05_a02.FBX;Universal Render Pipeline/Lit;_BaseMap;;;
Assets/Art/World/Fantasy_Kingdom_Pack/Meshes/Flowerpot01_a01.FBX;Universal Render Pipeline/Lit;_BaseMap;;;
Assets/Art/World/Fantasy_Kingdom_Pack/Meshes/Flowerpot01_a02.FBX;Universal Render Pipeline/Lit;_BaseMap;;;
Assets/Art/World/Fantasy_Kingdom_Pack/Meshes/Flowerpot01_b01.FBX;Universal Render Pipeline/Lit;_BaseMap;;;
Assets/Art/World/Fantasy_Kingdom_Pack/Meshes/Flowerpot01_b02.FBX;Universal Render Pipeline/Lit;_BaseMap;;;
Assets/Art/World/Fantasy_Kingdom_Pack/Meshes/Flowerpot01_c01.FBX;Universal Render Pipeline/Lit;_BaseMap;;;
Assets/Art/World/Fantasy_Kingdom_Pack/Meshes/Flowerpot01_c02.FBX;Universal Render Pipeline/Lit;_BaseMap;;;
Assets/Art/World/Fantasy_Kingdom_Pack/Meshes/Flowerpot01_d01.FBX;Universal Render Pipeline/Lit;_BaseMap;;;
Assets/Art/World/Fantasy_Kingdom_Pack/Meshes/Flowerpot01_d02.FBX;Universal Render Pipeline/Lit;_BaseMap;;;
Assets/Art/World/Fantasy_Kingdom_Pack/Meshes/Flowerpot01_e01.FBX;Universal Render Pipeline/Lit;_BaseMap;;;
Assets/Art/World/Fantasy_Kingdom_Pack/Meshes/Flowerpot01_e02.FBX;Universal Render Pipeline/Lit;_BaseMap;;;
Assets/Art/World/Fantasy_Kingdom_Pack/Meshes/Flowerpot01_f01.FBX;Universal Render Pipeline/Lit;_BaseMap;;;
Assets/Art/World/Fantasy_Kingdom_Pack/Meshes/Flowerpot01_f02.FBX;Universal Render Pipeline/Lit;_BaseMap;;;
Assets/Art/World/Fantasy_Kingdom_Pack/Meshes/Flowerpot02_a01.FBX;Universal Render Pipeline/Lit;_BaseMap;;;
Assets/Art/World/Fantasy_Kingdom_Pack/Meshes/Flowerpot02_a02.FBX;Universal Render Pipeline/Lit;_BaseMap;;;
Assets/Art/World/Fantasy_Kingdom_Pack/Meshes/Flowerpot02_b01.FBX;Universal Render Pipeline/Lit;_BaseMap;;;
Assets/Art/World/Fantasy_Kingdom_Pack/Meshes/Flowerpot02_b02.FBX;Universal Render Pipeline/Lit;_BaseMap;;;
Assets/Art/World/Fantasy_Kingdom_Pack/Meshes/Fork01_a01.FBX;Universal Render Pipeline/Lit;_BaseMap;;;
Assets/Art/World/Fantasy_Kingdom_Pack/Meshes/Glass02_a01.FBX;Universal Render Pipeline/Lit;_BaseMap;;;
Assets/Art/World/Fantasy_Kingdom_Pack/Meshes/Glass02_b01.FBX;Universal Render Pipeline/Lit;_BaseMap;;;
Assets/Art/World/Fantasy_Kingdom_Pack/Meshes/Glass02_c01.FBX;Universal Render Pipeline/Lit;_BaseMap;;;
Assets/Art/World/Fantasy_Kingdom_Pack/Meshes/Glass02_d01.FBX;Universal Render Pipeline/Lit;_BaseMap;;;
Assets/Art/World/Fantasy_Kingdom_Pack/Meshes/Glass02_e01.FBX;Universal Render Pipeline/Lit;_BaseMap;;;
Assets/Art/World/Fantasy_Kingdom_Pack/Meshes/Glass02_f01.FBX;Universal Render Pipeline/Lit;_BaseMap;;;
Assets/Art/World/Fantasy_Kingdom_Pack/Meshes/Globe01_a01.FBX;Universal Render Pipeline/Lit;_BaseMap;;;
Assets/Art/World/Fantasy_Kingdom_Pack/Meshes/Goods01_a01.FBX;Universal Render Pipeline/Lit;_BaseMap;;;
Assets/Art/World/Fantasy_Kingdom_Pack/Meshes/Goods01_a02.FBX;Universal Render Pipeline/Lit;_BaseMap;;;
Assets/Art/World/Fantasy_Kingdom_Pack/Meshes/Goods01_a03.FBX;Universal Render Pipeline/Lit;_BaseMap;;;
Assets/Art/World/Fantasy_Kingdom_Pack/Meshes/Goods01_a04.FBX;Universal Render Pipeline/Lit;_BaseMap;;;
Assets/Art/World/Fantasy_Kingdom_Pack/Meshes/Goods01_b01.FBX;Universal Render Pipeline/Lit;_BaseMap;;;
Assets/Art/World/Fantasy_Kingdom_Pack/Meshes/Goods02_a01.FBX;Universal Render Pipeline/Lit;_BaseMap;;;
Assets/Art/World/Fantasy_Kingdom_Pack/Meshes/Goods02_a02.FBX;Universal Render Pipeline/Lit;_BaseMap;;;
Assets/Art/World/Fantasy_Kingdom_Pack/Meshes/Goods02_a03.FBX;Universal Render Pipeline/Lit;_BaseMap;;;
Assets/Art/World/Fantasy_Kingdom_Pack/Meshes/Goods02_a04.FBX;Universal Render Pipeline/Lit;_BaseMap;;;
Assets/Art/World/Fantasy_Kingdom_Pack/Meshes/Goods03_a01.FBX;Universal Render Pipeline/Lit;_BaseMap;;;
Assets/Art/World/Fantasy_Kingdom_Pack/Meshes/Goods03_a02.FBX;Universal Render Pipeline/Lit;_BaseMap;;;
Assets/Art/World/Fantasy_Kingdom_Pack/Meshes/Goods03_a03.FBX;Universal Render Pipeline/Lit;_BaseMap;;;
Assets/Art/World/Fantasy_Kingdom_Pack/Meshes/Goods03_a04.FBX;Universal Render Pipeline/Lit;_BaseMap;;;
Assets/Art/World/Fantasy_Kingdom_Pack/Meshes/Goods03_b01.FBX;Universal Render Pipeline/Lit;_BaseMap;;;
Assets/Art/World/Fantasy_Kingdom_Pack/Meshes/Goods03_b02.FBX;Universal Render Pipeline/Lit;_BaseMap;;;
Assets/Art/World/Fantasy_Kingdom_Pack/Meshes/Goods04_a01.FBX;Universal Render Pipeline/Lit;_BaseMap;;;
Assets/Art/World/Fantasy_Kingdom_Pack/Meshes/Goods04_a02.FBX;Universal Render Pipeline/Lit;_BaseMap;;;
Assets/Art/World/Fantasy_Kingdom_Pack/Meshes/Goods04_a03.FBX;Universal Render Pipeline/Lit;_BaseMap;;;
Assets/Art/World/Fantasy_Kingdom_Pack/Meshes/Goods04_a04.FBX;Universal Render Pipeline/Lit;_BaseMap;;;
Assets/Art/World/Fantasy_Kingdom_Pack/Meshes/Goods04_a05.FBX;Universal Render Pipeline/Lit;_BaseMap;;;
Assets/Art/World/Fantasy_Kingdom_Pack/Meshes/Goods04_a06.FBX;Universal Render Pipeline/Lit;_BaseMap;;;
Assets/Art/World/Fantasy_Kingdom_Pack/Meshes/Goods04_a07.FBX;Universal Render Pipeline/Lit;_BaseMap;;;
Assets/Art/World/Fantasy_Kingdom_Pack/Meshes/Goods04_a08.FBX;Universal Render Pipeline/Lit;_BaseMap;;;
Assets/Art/World/Fantasy_Kingdom_Pack/Meshes/Goods04_a09.FBX;Universal Render Pipeline/Lit;_BaseMap;;;
Assets/Art/World/Fantasy_Kingdom_Pack/Meshes/Goods05_a01.FBX;Universal Render Pipeline/Lit;_BaseMap;;;
Assets/Art/World/Fantasy_Kingdom_Pack/Meshes/Goods05_a02.FBX;Universal Render Pipeline/Lit;_BaseMap;;;
Assets/Art/World/Fantasy_Kingdom_Pack/Meshes/Goods05_a03.FBX;Universal Render Pipeline/Lit;_BaseMap;;;
Assets/Art/World/Fantasy_Kingdom_Pack/Meshes/Goods06_a01.FBX;Universal Render Pipeline/Lit;_BaseMap;;;
Assets/Art/World/Fantasy_Kingdom_Pack/Meshes/Goods06_a02.FBX;Universal Render Pipeline/Lit;_BaseMap;;;
Assets/Art/World/Fantasy_Kingdom_Pack/Meshes/Goods06_a03.FBX;Universal Render Pipeline/Lit;_BaseMap;;;
Assets/Art/World/Fantasy_Kingdom_Pack/Meshes/Goods07_a01.FBX;Universal Render Pipeline/Lit;_BaseMap;;;
Assets/Art/World/Fantasy_Kingdom_Pack/Meshes/Goods07_a02.FBX;Universal Render Pipeline/Lit;_BaseMap;;;
Assets/Art/World/Fantasy_Kingdom_Pack/Meshes/Goods07_a03.FBX;Universal Render Pipeline/Lit;_BaseMap;;;
Assets/Art/World/Fantasy_Kingdom_Pack/Meshes/Goods07_a04.FBX;Universal Render Pipeline/Lit;_BaseMap;;;
Assets/Art/World/Fantasy_Kingdom_Pack/Meshes/Goods08_a01.FBX;Universal Render Pipeline/Lit;_BaseMap;;;
Assets/Art/World/Fantasy_Kingdom_Pack/Meshes/Goods09_a01.FBX;Universal Render Pipeline/Lit;_BaseMap;;;
Assets/Art/World/Fantasy_Kingdom_Pack/Meshes/Goods09_b01.FBX;Universal Render Pipeline/Lit;_BaseMap;;;
Assets/Art/World/Fantasy_Kingdom_Pack/Meshes/Goods09_c01.FBX;Universal Render Pipeline/Lit;_BaseMap;;;
Assets/Art/World/Fantasy_Kingdom_Pack/Meshes/Goods09_c02.FBX;Universal Render Pipeline/Lit;_BaseMap;;;
Assets/Art/World/Fantasy_Kingdom_Pack/Meshes/Goods10_a01.FBX;Universal Render Pipeline/Lit;_BaseMap;;;
Assets/Art/World/Fantasy_Kingdom_Pack/Meshes/Goods10_a02.FBX;Universal Render Pipeline/Lit;_BaseMap;;;
Assets/Art/World/Fantasy_Kingdom_Pack/Meshes/Goods10_a03.FBX;Universal Render Pipeline/Lit;_BaseMap;;;
Assets/Art/World/Fantasy_Kingdom_Pack/Meshes/Goods11_a01.FBX;Universal Render Pipeline/Lit;_BaseMap;;;
Assets/Art/World/Fantasy_Kingdom_Pack/Meshes/Goods11_a02.FBX;Universal Render Pipeline/Lit;_BaseMap;;;
Assets/Art/World/Fantasy_Kingdom_Pack/Meshes/Goods11_a03.FBX;Universal Render Pipeline/Lit;_BaseMap;;;
Assets/Art/World/Fantasy_Kingdom_Pack/Meshes/Goods11_a04.FBX;Universal Render Pipeline/Lit;_BaseMap;;;
Assets/Art/World/Fantasy_Kingdom_Pack/Meshes/Grass01.FBX;Universal Render Pipeline/Lit;_BaseMap;;;
Assets/Art/World/Fantasy_Kingdom_Pack/Meshes/Grass01_a01.FBX;Universal Render Pipeline/Lit;_BaseMap;;;
Assets/Art/World/Fantasy_Kingdom_Pack/Meshes/Grass01_a02.FBX;Universal Render Pipeline/Lit;_BaseMap;;;
Assets/Art/World/Fantasy_Kingdom_Pack/Meshes/Grass02_a01.FBX;Universal Render Pipeline/Lit;_BaseMap;;;
Assets/Art/World/Fantasy_Kingdom_Pack/Meshes/Grass02_a02.FBX;Universal Render Pipeline/Lit;_BaseMap;;;
Assets/Art/World/Fantasy_Kingdom_Pack/Meshes/Grass03_a01.FBX;Universal Render Pipeline/Lit;_BaseMap;;;
Assets/Art/World/Fantasy_Kingdom_Pack/Meshes/Ground01_a01.FBX;Universal Render Pipeline/Lit;_BaseMap;;;
Assets/Art/World/Fantasy_Kingdom_Pack/Meshes/Ground01_a02.FBX;Universal Render Pipeline/Lit;_BaseMap;;;
Assets/Art/World/Fantasy_Kingdom_Pack/Meshes/Ground01_b01.FBX;Universal Render Pipeline/Lit;_BaseMap;;;
Assets/Art/World/Fantasy_Kingdom_Pack/Meshes/Ground01_b02.FBX;Universal Render Pipeline/Lit;_BaseMap;;;
Assets/Art/World/Fantasy_Kingdom_Pack/Meshes/Ground01_c01.FBX;Universal Render Pipeline/Lit;_BaseMap;;;
Assets/Art/World/Fantasy_Kingdom_Pack/Meshes/Ground01_c02.FBX;Universal Render Pipeline/Lit;_BaseMap;;;
Assets/Art/World/Fantasy_Kingdom_Pack/Meshes/Hanger01_a01.FBX;Universal Render Pipeline/Lit;_BaseMap;;;
Assets/Art/World/Fantasy_Kingdom_Pack/Meshes/Hanger01_a02.FBX;Universal Render Pipeline/Lit;_BaseMap;;;
Assets/Art/World/Fantasy_Kingdom_Pack/Meshes/Hanger01_a03.FBX;Universal Render Pipeline/Lit;_BaseMap;;;
Assets/Art/World/Fantasy_Kingdom_Pack/Meshes/Hanger01_a04.FBX;Universal Render Pipeline/Lit;_BaseMap;;;
Assets/Art/World/Fantasy_Kingdom_Pack/Meshes/Hay01_a01.FBX;Universal Render Pipeline/Lit;_BaseMap;;;
Assets/Art/World/Fantasy_Kingdom_Pack/Meshes/Hay01_a02.FBX;Universal Render Pipeline/Lit;_BaseMap;;;
Assets/Art/World/Fantasy_Kingdom_Pack/Meshes/Hay01_a03.FBX;Universal Render Pipeline/Lit;_BaseMap;;;
Assets/Art/World/Fantasy_Kingdom_Pack/Meshes/Hay01_a04.FBX;Universal Render Pipeline/Lit;_BaseMap;;;
Assets/Art/World/Fantasy_Kingdom_Pack/Meshes/Helmet01_a01.FBX;Universal Render Pipeline/Lit;_BaseMap;;;
Assets/Art/World/Fantasy_Kingdom_Pack/Meshes/Helmet01_a02.FBX;Universal Render Pipeline/Lit;_BaseMap;;;
Assets/Art/World/Fantasy_Kingdom_Pack/Meshes/Henhouse01_a01.FBX;Universal Render Pipeline/Lit;_BaseMap;;;
Assets/Art/World/Fantasy_Kingdom_Pack/Meshes/Henhouse01_a02.FBX;Universal Render Pipeline/Lit;_BaseMap;;;
Assets/Art/World/Fantasy_Kingdom_Pack/Meshes/Hill01_a01.FBX;Universal Render Pipeline/Lit;_BaseMap;;;
Assets/Art/World/Fantasy_Kingdom_Pack/Meshes/Hill01_b01.FBX;Universal Render Pipeline/Lit;_BaseMap;;;
Assets/Art/World/Fantasy_Kingdom_Pack/Meshes/Hill01_c01.FBX;Universal Render Pipeline/Lit;_BaseMap;;;
Assets/Art/World/Fantasy_Kingdom_Pack/Meshes/Hill01_d01.FBX;Universal Render Pipeline/Lit;_BaseMap;;;
Assets/Art/World/Fantasy_Kingdom_Pack/Meshes/Hill01_e01.FBX;Universal Render Pipeline/Lit;_BaseMap;;;
Assets/Art/World/Fantasy_Kingdom_Pack/Meshes/Hill01_f01.FBX;Universal Render Pipeline/Lit;_BaseMap;;;
Assets/Art/World/Fantasy_Kingdom_Pack/Meshes/Hill01_g01.FBX;Universal Render Pipeline/Lit;_BaseMap;;;
Assets/Art/World/Fantasy_Kingdom_Pack/Meshes/Hill01_h01.FBX;Universal Render Pipeline/Lit;_BaseMap;;;
Assets/Art/World/Fantasy_Kingdom_Pack/Meshes/Hill02_a01.FBX;Universal Render Pipeline/Lit;_BaseMap;;;
Assets/Art/World/Fantasy_Kingdom_Pack/Meshes/Hill02_b01.FBX;Universal Render Pipeline/Lit;_BaseMap;;;
Assets/Art/World/Fantasy_Kingdom_Pack/Meshes/Hill02_c01.FBX;Universal Render Pipeline/Lit;_BaseMap;;;
Assets/Art/World/Fantasy_Kingdom_Pack/Meshes/Hill02_d01.FBX;Universal Render Pipeline/Lit;_BaseMap;;;
Assets/Art/World/Fantasy_Kingdom_Pack/Meshes/Hill02_e01.FBX;Universal Render Pipeline/Lit;_BaseMap;;;
Assets/Art/World/Fantasy_Kingdom_Pack/Meshes/Hill02_f01.FBX;Universal Render Pipeline/Lit;_BaseMap;;;
Assets/Art/World/Fantasy_Kingdom_Pack/Meshes/Hill02_g01.FBX;Universal Render Pipeline/Lit;_BaseMap;;;
Assets/Art/World/Fantasy_Kingdom_Pack/Meshes/Hill02_h01.FBX;Universal Render Pipeline/Lit;_BaseMap;;;
Assets/Art/World/Fantasy_Kingdom_Pack/Meshes/Hive01_a01.FBX;Universal Render Pipeline/Lit;_BaseMap;;;
Assets/Art/World/Fantasy_Kingdom_Pack/Meshes/Hive01_a02.FBX;Universal Render Pipeline/Lit;_BaseMap;;;
Assets/Art/World/Fantasy_Kingdom_Pack/Meshes/Ink01_a01.FBX;Universal Render Pipeline/Lit;_BaseMap;;;
Assets/Art/World/Fantasy_Kingdom_Pack/Meshes/Kitchen01_a01.FBX;Universal Render Pipeline/Lit;_BaseMap;;;
Assets/Art/World/Fantasy_Kingdom_Pack/Meshes/Kitchen01_a02.FBX;Universal Render Pipeline/Lit;_BaseMap;;;
Assets/Art/World/Fantasy_Kingdom_Pack/Meshes/Kitchen01_a03.FBX;Universal Render Pipeline/Lit;_BaseMap;;;
Assets/Art/World/Fantasy_Kingdom_Pack/Meshes/Kitchen02_a01.FBX;Universal Render Pipeline/Lit;_BaseMap;;;
Assets/Art/World/Fantasy_Kingdom_Pack/Meshes/Kitchen02_a02.FBX;Universal Render Pipeline/Lit;_BaseMap;;;
Assets/Art/World/Fantasy_Kingdom_Pack/Meshes/Kitchen02_a03.FBX;Universal Render Pipeline/Lit;_BaseMap;;;
Assets/Art/World/Fantasy_Kingdom_Pack/Meshes/Kitchen02_a04.FBX;Universal Render Pipeline/Lit;_BaseMap;;;
Assets/Art/World/Fantasy_Kingdom_Pack/Meshes/Kitchen02_b02.FBX;Universal Render Pipeline/Lit;_BaseMap;;;
Assets/Art/World/Fantasy_Kingdom_Pack/Meshes/Kitchen03_a01.FBX;Universal Render Pipeline/Lit;_BaseMap;;;
Assets/Art/World/Fantasy_Kingdom_Pack/Meshes/Kitchen03_a02.FBX;Universal Render Pipeline/Lit;_BaseMap;;;
Assets/Art/World/Fantasy_Kingdom_Pack/Meshes/Kitchen03_b01.FBX;Universal Render Pipeline/Lit;_BaseMap;;;
Assets/Art/World/Fantasy_Kingdom_Pack/Meshes/Kitchen03_b02.FBX;Universal Render Pipeline/Lit;_BaseMap;;;
Assets/Art/World/Fantasy_Kingdom_Pack/Meshes/Kitchen04_a01.FBX;Universal Render Pipeline/Lit;_BaseMap;;;
Assets/Art/World/Fantasy_Kingdom_Pack/Meshes/Kitchen04_a02.FBX;Universal Render Pipeline/Lit;_BaseMap;;;
Assets/Art/World/Fantasy_Kingdom_Pack/Meshes/Kitchen04_a03.FBX;Universal Render Pipeline/Lit;_BaseMap;;;
Assets/Art/World/Fantasy_Kingdom_Pack/Meshes/Ladder01_a01.FBX;Universal Render Pipeline/Lit;_BaseMap;;;
Assets/Art/World/Fantasy_Kingdom_Pack/Meshes/Ladder01_a02.FBX;Universal Render Pipeline/Lit;_BaseMap;;;
Assets/Art/World/Fantasy_Kingdom_Pack/Meshes/Ladder01_b01.FBX;Universal Render Pipeline/Lit;_BaseMap;;;
Assets/Art/World/Fantasy_Kingdom_Pack/Meshes/Ladder01_b02.FBX;Universal Render Pipeline/Lit;_BaseMap;;;
Assets/Art/World/Fantasy_Kingdom_Pack/Meshes/Ladder01_c01.FBX;Universal Render Pipeline/Lit;_BaseMap;;;
Assets/Art/World/Fantasy_Kingdom_Pack/Meshes/Ladder01_c02.FBX;Universal Render Pipeline/Lit;_BaseMap;;;
Assets/Art/World/Fantasy_Kingdom_Pack/Meshes/Ladder01_d01.FBX;Universal Render Pipeline/Lit;_BaseMap;;;
Assets/Art/World/Fantasy_Kingdom_Pack/Meshes/Ladder01_d02.FBX;Universal Render Pipeline/Lit;_BaseMap;;;
Assets/Art/World/Fantasy_Kingdom_Pack/Meshes/Ladder01_e01.FBX;Universal Render Pipeline/Lit;_BaseMap;;;
Assets/Art/World/Fantasy_Kingdom_Pack/Meshes/Ladder01_e02.FBX;Universal Render Pipeline/Lit;_BaseMap;;;
Assets/Art/World/Fantasy_Kingdom_Pack/Meshes/Ladder01_f01.FBX;Universal Render Pipeline/Lit;_BaseMap;;;
Assets/Art/World/Fantasy_Kingdom_Pack/Meshes/Ladder01_f02.FBX;Universal Render Pipeline/Lit;_BaseMap;;;
Assets/Art/World/Fantasy_Kingdom_Pack/Meshes/Ladder01_g01.FBX;Universal Render Pipeline/Lit;_BaseMap;;;
Assets/Art/World/Fantasy_Kingdom_Pack/Meshes/Ladder01_g02.FBX;Universal Render Pipeline/Lit;_BaseMap;;;
Assets/Art/World/Fantasy_Kingdom_Pack/Meshes/Leaflet01_a01.FBX;Universal Render Pipeline/Lit;_BaseMap;;;
Assets/Art/World/Fantasy_Kingdom_Pack/Meshes/Leaflet01_a02.FBX;Universal Render Pipeline/Lit;_BaseMap;;;
Assets/Art/World/Fantasy_Kingdom_Pack/Meshes/Leaflet01_a03.FBX;Universal Render Pipeline/Lit;_BaseMap;;;
Assets/Art/World/Fantasy_Kingdom_Pack/Meshes/Leaflet01_a04.FBX;Universal Render Pipeline/Lit;_BaseMap;;;
Assets/Art/World/Fantasy_Kingdom_Pack/Meshes/Leaflet01_a05.FBX;Universal Render Pipeline/Lit;_BaseMap;;;
Assets/Art/World/Fantasy_Kingdom_Pack/Meshes/Leaflet01_a06.FBX;Universal Render Pipeline/Lit;_BaseMap;;;
Assets/Art/World/Fantasy_Kingdom_Pack/Meshes/Leaflet01_a07.FBX;Universal Render Pipeline/Lit;_BaseMap;;;
Assets/Art/World/Fantasy_Kingdom_Pack/Meshes/Light01_a01.FBX;Universal Render Pipeline/Lit;_BaseMap;;;
Assets/Art/World/Fantasy_Kingdom_Pack/Meshes/Light01_a02.FBX;Universal Render Pipeline/Lit;_BaseMap;;;
Assets/Art/World/Fantasy_Kingdom_Pack/Meshes/Light02_a01.FBX;Universal Render Pipeline/Lit;_BaseMap;;;
Assets/Art/World/Fantasy_Kingdom_Pack/Meshes/Light02_a02.FBX;Universal Render Pipeline/Lit;_BaseMap;;;
Assets/Art/World/Fantasy_Kingdom_Pack/Meshes/Light02_a03.FBX;Universal Render Pipeline/Lit;_BaseMap;;;
Assets/Art/World/Fantasy_Kingdom_Pack/Meshes/Light02_a04.FBX;Universal Render Pipeline/Lit;_BaseMap;;;
Assets/Art/World/Fantasy_Kingdom_Pack/Meshes/Light03_a01.FBX;Universal Render Pipeline/Lit;_BaseMap;;;
Assets/Art/World/Fantasy_Kingdom_Pack/Meshes/Light03_a02.FBX;Universal Render Pipeline/Lit;_BaseMap;;;
Assets/Art/World/Fantasy_Kingdom_Pack/Meshes/Light03_a03.FBX;Universal Render Pipeline/Lit;_BaseMap;;;
Assets/Art/World/Fantasy_Kingdom_Pack/Meshes/Light03_b01.FBX;Universal Render Pipeline/Lit;_BaseMap;;;
Assets/Art/World/Fantasy_Kingdom_Pack/Meshes/Light03_b02.FBX;Universal Render Pipeline/Lit;_BaseMap;;;
Assets/Art/World/Fantasy_Kingdom_Pack/Meshes/Light03_b03.FBX;Universal Render Pipeline/Lit;_BaseMap;;;
Assets/Art/World/Fantasy_Kingdom_Pack/Meshes/Light03_c01.FBX;Universal Render Pipeline/Lit;_BaseMap;;;
Assets/Art/World/Fantasy_Kingdom_Pack/Meshes/Light03_c02.FBX;Universal Render Pipeline/Lit;_BaseMap;;;
Assets/Art/World/Fantasy_Kingdom_Pack/Meshes/Light03_c03.FBX;Universal Render Pipeline/Lit;_BaseMap;;;
Assets/Art/World/Fantasy_Kingdom_Pack/Meshes/Light03_d01.FBX;Universal Render Pipeline/Lit;_BaseMap;;;
Assets/Art/World/Fantasy_Kingdom_Pack/Meshes/Light03_d02.FBX;Universal Render Pipeline/Lit;_BaseMap;;;
Assets/Art/World/Fantasy_Kingdom_Pack/Meshes/Light03_d03.FBX;Universal Render Pipeline/Lit;_BaseMap;;;
Assets/Art/World/Fantasy_Kingdom_Pack/Meshes/Light04_a01.FBX;Universal Render Pipeline/Lit;_BaseMap;;;
Assets/Art/World/Fantasy_Kingdom_Pack/Meshes/Light04_b01.FBX;Universal Render Pipeline/Lit;_BaseMap;;;
Assets/Art/World/Fantasy_Kingdom_Pack/Meshes/Light04_c01.FBX;Universal Render Pipeline/Lit;_BaseMap;;;
Assets/Art/World/Fantasy_Kingdom_Pack/Meshes/Light04_d01.FBX;Universal Render Pipeline/Lit;_BaseMap;;;
Assets/Art/World/Fantasy_Kingdom_Pack/Meshes/Light04_e01.FBX;Universal Render Pipeline/Lit;_BaseMap;;;
Assets/Art/World/Fantasy_Kingdom_Pack/Meshes/Meat01_a01.FBX;Universal Render Pipeline/Lit;_BaseMap;;;
Assets/Art/World/Fantasy_Kingdom_Pack/Meshes/Meat01_b01.FBX;Universal Render Pipeline/Lit;_BaseMap;;;
Assets/Art/World/Fantasy_Kingdom_Pack/Meshes/Meat01_c01.FBX;Universal Render Pipeline/Lit;_BaseMap;;;
Assets/Art/World/Fantasy_Kingdom_Pack/Meshes/Milk01_a01.FBX;Universal Render Pipeline/Lit;_BaseMap;;;
Assets/Art/World/Fantasy_Kingdom_Pack/Meshes/Milk01_a02.FBX;Universal Render Pipeline/Lit;_BaseMap;;;
Assets/Art/World/Fantasy_Kingdom_Pack/Meshes/Milk02_a01.FBX;Universal Render Pipeline/Lit;_BaseMap;;;
Assets/Art/World/Fantasy_Kingdom_Pack/Meshes/Milk02_a02.FBX;Universal Render Pipeline/Lit;_BaseMap;;;
Assets/Art/World/Fantasy_Kingdom_Pack/Meshes/Milk03_a01.FBX;Universal Render Pipeline/Lit;_BaseMap;;;
Assets/Art/World/Fantasy_Kingdom_Pack/Meshes/Milk03_a02.FBX;Universal Render Pipeline/Lit;_BaseMap;;;
Assets/Art/World/Fantasy_Kingdom_Pack/Meshes/Mine01_a01.FBX;Universal Render Pipeline/Lit;_BaseMap;;;
Assets/Art/World/Fantasy_Kingdom_Pack/Meshes/Mine02_a01.FBX;Universal Render Pipeline/Lit;_BaseMap;;;
Assets/Art/World/Fantasy_Kingdom_Pack/Meshes/Mine02_a02.FBX;Universal Render Pipeline/Lit;_BaseMap;;;
Assets/Art/World/Fantasy_Kingdom_Pack/Meshes/Mine03_a01.FBX;Universal Render Pipeline/Lit;_BaseMap;;;
Assets/Art/World/Fantasy_Kingdom_Pack/Meshes/Mushroom01_a01.FBX;Universal Render Pipeline/Lit;_BaseMap;;;
Assets/Art/World/Fantasy_Kingdom_Pack/Meshes/Mushroom01_a02.FBX;Universal Render Pipeline/Lit;_BaseMap;;;
Assets/Art/World/Fantasy_Kingdom_Pack/Meshes/Mushroom01_a03.FBX;Universal Render Pipeline/Lit;_BaseMap;;;
Assets/Art/World/Fantasy_Kingdom_Pack/Meshes/Mushroom01_a04.FBX;Universal Render Pipeline/Lit;_BaseMap;;;
Assets/Art/World/Fantasy_Kingdom_Pack/Meshes/Mushroom01_a05.FBX;Universal Render Pipeline/Lit;_BaseMap;;;
Assets/Art/World/Fantasy_Kingdom_Pack/Meshes/Mushroom01_b01.FBX;Universal Render Pipeline/Lit;_BaseMap;;;
Assets/Art/World/Fantasy_Kingdom_Pack/Meshes/Mushroom01_b02.FBX;Universal Render Pipeline/Lit;_BaseMap;;;
Assets/Art/World/Fantasy_Kingdom_Pack/Meshes/Mushroom01_b03.FBX;Universal Render Pipeline/Lit;_BaseMap;;;
Assets/Art/World/Fantasy_Kingdom_Pack/Meshes/Mushroom01_b04.FBX;Universal Render Pipeline/Lit;_BaseMap;;;
Assets/Art/World/Fantasy_Kingdom_Pack/Meshes/Mushroom01_b05.FBX;Universal Render Pipeline/Lit;_BaseMap;;;
Assets/Art/World/Fantasy_Kingdom_Pack/Meshes/Mushroom01_c01.FBX;Universal Render Pipeline/Lit;_BaseMap;;;
Assets/Art/World/Fantasy_Kingdom_Pack/Meshes/Mushroom01_c02.FBX;Universal Render Pipeline/Lit;_BaseMap;;;
Assets/Art/World/Fantasy_Kingdom_Pack/Meshes/Mushroom01_c03.FBX;Universal Render Pipeline/Lit;_BaseMap;;;
Assets/Art/World/Fantasy_Kingdom_Pack/Meshes/Mushroom01_c04.FBX;Universal Render Pipeline/Lit;_BaseMap;;;
Assets/Art/World/Fantasy_Kingdom_Pack/Meshes/Mushroom01_c05.FBX;Universal Render Pipeline/Lit;_BaseMap;;;
Assets/Art/World/Fantasy_Kingdom_Pack/Meshes/Mushroom02_a01.FBX;Universal Render Pipeline/Lit;_BaseMap;;;
Assets/Art/World/Fantasy_Kingdom_Pack/Meshes/Mushroom02_a02.FBX;Universal Render Pipeline/Lit;_BaseMap;;;
Assets/Art/World/Fantasy_Kingdom_Pack/Meshes/Mushroom02_a03.FBX;Universal Render Pipeline/Lit;_BaseMap;;;
Assets/Art/World/Fantasy_Kingdom_Pack/Meshes/Mushroom02_b01.FBX;Universal Render Pipeline/Lit;_BaseMap;;;
Assets/Art/World/Fantasy_Kingdom_Pack/Meshes/Mushroom02_b02.FBX;Universal Render Pipeline/Lit;_BaseMap;;;
Assets/Art/World/Fantasy_Kingdom_Pack/Meshes/Mushroom02_b03.FBX;Universal Render Pipeline/Lit;_BaseMap;;;
Assets/Art/World/Fantasy_Kingdom_Pack/Meshes/Mushroom02_c01.FBX;Universal Render Pipeline/Lit;_BaseMap;;;
Assets/Art/World/Fantasy_Kingdom_Pack/Meshes/Mushroom02_c02.FBX;Universal Render Pipeline/Lit;_BaseMap;;;
Assets/Art/World/Fantasy_Kingdom_Pack/Meshes/Mushroom02_c03.FBX;Universal Render Pipeline/Lit;_BaseMap;;;
Assets/Art/World/Fantasy_Kingdom_Pack/Meshes/Mushroom03_a01.FBX;Universal Render Pipeline/Lit;_BaseMap;;;
Assets/Art/World/Fantasy_Kingdom_Pack/Meshes/Mushroom03_b01.FBX;Universal Render Pipeline/Lit;_BaseMap;;;
Assets/Art/World/Fantasy_Kingdom_Pack/Meshes/Mushroom03_c01.FBX;Universal Render Pipeline/Lit;_BaseMap;;;
Assets/Art/World/Fantasy_Kingdom_Pack/Meshes/Mushroom04_a01.FBX;Universal Render Pipeline/Lit;_BaseMap;;;
Assets/Art/World/Fantasy_Kingdom_Pack/Meshes/Mushroom04_b01.FBX;Universal Render Pipeline/Lit;_BaseMap;;;
Assets/Art/World/Fantasy_Kingdom_Pack/Meshes/Mushroom04_c01.FBX;Universal Render Pipeline/Lit;_BaseMap;;;
Assets/Art/World/Fantasy_Kingdom_Pack/Meshes/Net01_a01.FBX;Universal Render Pipeline/Lit;_BaseMap;;;
Assets/Art/World/Fantasy_Kingdom_Pack/Meshes/Nut01_a01.FBX;Universal Render Pipeline/Lit;_BaseMap;;;
Assets/Art/World/Fantasy_Kingdom_Pack/Meshes/Nut01_a02.FBX;Universal Render Pipeline/Lit;_BaseMap;;;
Assets/Art/World/Fantasy_Kingdom_Pack/Meshes/Nut01_a03.FBX;Universal Render Pipeline/Lit;_BaseMap;;;
Assets/Art/World/Fantasy_Kingdom_Pack/Meshes/Nut01_b01.FBX;Universal Render Pipeline/Lit;_BaseMap;;;
Assets/Art/World/Fantasy_Kingdom_Pack/Meshes/Nut01_b02.FBX;Universal Render Pipeline/Lit;_BaseMap;;;
Assets/Art/World/Fantasy_Kingdom_Pack/Meshes/Nut01_b03.FBX;Universal Render Pipeline/Lit;_BaseMap;;;
Assets/Art/World/Fantasy_Kingdom_Pack/Meshes/Pan01_a01.FBX;Universal Render Pipeline/Lit;_BaseMap;;;
Assets/Art/World/Fantasy_Kingdom_Pack/Meshes/Picture01_a01.FBX;Universal Render Pipeline/Lit;_BaseMap;;;
Assets/Art/World/Fantasy_Kingdom_Pack/Meshes/Picture01_a02.FBX;Universal Render Pipeline/Lit;_BaseMap;;;
Assets/Art/World/Fantasy_Kingdom_Pack/Meshes/Picture01_a03.FBX;Universal Render Pipeline/Lit;_BaseMap;;;
Assets/Art/World/Fantasy_Kingdom_Pack/Meshes/Picture01_a04.FBX;Universal Render Pipeline/Lit;_BaseMap;;;
Assets/Art/World/Fantasy_Kingdom_Pack/Meshes/Picture01_a05.FBX;Universal Render Pipeline/Lit;_BaseMap;;;
Assets/Art/World/Fantasy_Kingdom_Pack/Meshes/Picture01_a06.FBX;Universal Render Pipeline/Lit;_BaseMap;;;
Assets/Art/World/Fantasy_Kingdom_Pack/Meshes/Picture01_b01.FBX;Universal Render Pipeline/Lit;_BaseMap;;;
Assets/Art/World/Fantasy_Kingdom_Pack/Meshes/Picture01_b02.FBX;Universal Render Pipeline/Lit;_BaseMap;;;
Assets/Art/World/Fantasy_Kingdom_Pack/Meshes/Picture01_b03.FBX;Universal Render Pipeline/Lit;_BaseMap;;;
Assets/Art/World/Fantasy_Kingdom_Pack/Meshes/Picture01_b04.FBX;Universal Render Pipeline/Lit;_BaseMap;;;
Assets/Art/World/Fantasy_Kingdom_Pack/Meshes/Picture01_b05.FBX;Universal Render Pipeline/Lit;_BaseMap;;;
Assets/Art/World/Fantasy_Kingdom_Pack/Meshes/Picture01_b06.FBX;Universal Render Pipeline/Lit;_BaseMap;;;
Assets/Art/World/Fantasy_Kingdom_Pack/Meshes/Picture02_a01.FBX;Universal Render Pipeline/Lit;_BaseMap;;;
Assets/Art/World/Fantasy_Kingdom_Pack/Meshes/Picture02_a02.FBX;Universal Render Pipeline/Lit;_BaseMap;;;
Assets/Art/World/Fantasy_Kingdom_Pack/Meshes/Picture02_a03.FBX;Universal Render Pipeline/Lit;_BaseMap;;;
Assets/Art/World/Fantasy_Kingdom_Pack/Meshes/Picture02_a04.FBX;Universal Render Pipeline/Lit;_BaseMap;;;
Assets/Art/World/Fantasy_Kingdom_Pack/Meshes/Picture02_a05.FBX;Universal Render Pipeline/Lit;_BaseMap;;;
Assets/Art/World/Fantasy_Kingdom_Pack/Meshes/Picture02_a06.FBX;Universal Render Pipeline/Lit;_BaseMap;;;
Assets/Art/World/Fantasy_Kingdom_Pack/Meshes/Picture02_b01.FBX;Universal Render Pipeline/Lit;_BaseMap;;;
Assets/Art/World/Fantasy_Kingdom_Pack/Meshes/Picture02_b02.FBX;Universal Render Pipeline/Lit;_BaseMap;;;
Assets/Art/World/Fantasy_Kingdom_Pack/Meshes/Picture02_b03.FBX;Universal Render Pipeline/Lit;_BaseMap;;;
Assets/Art/World/Fantasy_Kingdom_Pack/Meshes/Picture02_b04.FBX;Universal Render Pipeline/Lit;_BaseMap;;;
Assets/Art/World/Fantasy_Kingdom_Pack/Meshes/Picture02_b05.FBX;Universal Render Pipeline/Lit;_BaseMap;;;
Assets/Art/World/Fantasy_Kingdom_Pack/Meshes/Picture02_b06.FBX;Universal Render Pipeline/Lit;_BaseMap;;;
Assets/Art/World/Fantasy_Kingdom_Pack/Meshes/Picture03_a01.FBX;Universal Render Pipeline/Lit;_BaseMap;;;
Assets/Art/World/Fantasy_Kingdom_Pack/Meshes/Picture03_a02.FBX;Universal Render Pipeline/Lit;_BaseMap;;;
Assets/Art/World/Fantasy_Kingdom_Pack/Meshes/Picture03_a03.FBX;Universal Render Pipeline/Lit;_BaseMap;;;
Assets/Art/World/Fantasy_Kingdom_Pack/Meshes/Picture03_a04.FBX;Universal Render Pipeline/Lit;_BaseMap;;;
Assets/Art/World/Fantasy_Kingdom_Pack/Meshes/Picture03_a05.FBX;Universal Render Pipeline/Lit;_BaseMap;;;
Assets/Art/World/Fantasy_Kingdom_Pack/Meshes/Picture03_a06.FBX;Universal Render Pipeline/Lit;_BaseMap;;;
Assets/Art/World/Fantasy_Kingdom_Pack/Meshes/Picture03_b01.FBX;Universal Render Pipeline/Lit;_BaseMap;;;
Assets/Art/World/Fantasy_Kingdom_Pack/Meshes/Picture03_b02.FBX;Universal Render Pipeline/Lit;_BaseMap;;;
Assets/Art/World/Fantasy_Kingdom_Pack/Meshes/Picture03_b03.FBX;Universal Render Pipeline/Lit;_BaseMap;;;
Assets/Art/World/Fantasy_Kingdom_Pack/Meshes/Picture03_b04.FBX;Universal Render Pipeline/Lit;_BaseMap;;;
Assets/Art/World/Fantasy_Kingdom_Pack/Meshes/Picture03_b05.FBX;Universal Render Pipeline/Lit;_BaseMap;;;
Assets/Art/World/Fantasy_Kingdom_Pack/Meshes/Picture03_b06.FBX;Universal Render Pipeline/Lit;_BaseMap;;;
Assets/Art/World/Fantasy_Kingdom_Pack/Meshes/Picture04_a01.FBX;Universal Render Pipeline/Lit;_BaseMap;;;
Assets/Art/World/Fantasy_Kingdom_Pack/Meshes/Picture04_a02.FBX;Universal Render Pipeline/Lit;_BaseMap;;;
Assets/Art/World/Fantasy_Kingdom_Pack/Meshes/Picture04_a03.FBX;Universal Render Pipeline/Lit;_BaseMap;;;
Assets/Art/World/Fantasy_Kingdom_Pack/Meshes/Picture04_b01.FBX;Universal Render Pipeline/Lit;_BaseMap;;;
Assets/Art/World/Fantasy_Kingdom_Pack/Meshes/Picture04_b02.FBX;Universal Render Pipeline/Lit;_BaseMap;;;
Assets/Art/World/Fantasy_Kingdom_Pack/Meshes/Picture04_b03.FBX;Universal Render Pipeline/Lit;_BaseMap;;;
Assets/Art/World/Fantasy_Kingdom_Pack/Meshes/Picture05_a01.FBX;Universal Render Pipeline/Lit;_BaseMap;;;
Assets/Art/World/Fantasy_Kingdom_Pack/Meshes/Picture05_a02.FBX;Universal Render Pipeline/Lit;_BaseMap;;;
Assets/Art/World/Fantasy_Kingdom_Pack/Meshes/Picture05_a03.FBX;Universal Render Pipeline/Lit;_BaseMap;;;
Assets/Art/World/Fantasy_Kingdom_Pack/Meshes/Picture05_a04.FBX;Universal Render Pipeline/Lit;_BaseMap;;;
Assets/Art/World/Fantasy_Kingdom_Pack/Meshes/Picture05_b01.FBX;Universal Render Pipeline/Lit;_BaseMap;;;
Assets/Art/World/Fantasy_Kingdom_Pack/Meshes/Picture05_b02.FBX;Universal Render Pipeline/Lit;_BaseMap;;;
Assets/Art/World/Fantasy_Kingdom_Pack/Meshes/Picture05_b03.FBX;Universal Render Pipeline/Lit;_BaseMap;;;
Assets/Art/World/Fantasy_Kingdom_Pack/Meshes/Picture05_b04.FBX;Universal Render Pipeline/Lit;_BaseMap;;;
Assets/Art/World/Fantasy_Kingdom_Pack/Meshes/Picture06_a01.FBX;Universal Render Pipeline/Lit;_BaseMap;;;
Assets/Art/World/Fantasy_Kingdom_Pack/Meshes/Picture06_a02.FBX;Universal Render Pipeline/Lit;_BaseMap;;;
Assets/Art/World/Fantasy_Kingdom_Pack/Meshes/Picture06_a03.FBX;Universal Render Pipeline/Lit;_BaseMap;;;
Assets/Art/World/Fantasy_Kingdom_Pack/Meshes/Picture06_a04.FBX;Universal Render Pipeline/Lit;_BaseMap;;;
Assets/Art/World/Fantasy_Kingdom_Pack/Meshes/Picture06_b01.FBX;Universal Render Pipeline/Lit;_BaseMap;;;
Assets/Art/World/Fantasy_Kingdom_Pack/Meshes/Picture06_b02.FBX;Universal Render Pipeline/Lit;_BaseMap;;;
Assets/Art/World/Fantasy_Kingdom_Pack/Meshes/Picture06_b03.FBX;Universal Render Pipeline/Lit;_BaseMap;;;
Assets/Art/World/Fantasy_Kingdom_Pack/Meshes/Picture06_b04.FBX;Universal Render Pipeline/Lit;_BaseMap;;;
Assets/Art/World/Fantasy_Kingdom_Pack/Meshes/Pillow01_a01.FBX;Universal Render Pipeline/Lit;_BaseMap;;;
Assets/Art/World/Fantasy_Kingdom_Pack/Meshes/Pillow01_b01.FBX;Universal Render Pipeline/Lit;_BaseMap;;;
Assets/Art/World/Fantasy_Kingdom_Pack/Meshes/Pillow01_c01.FBX;Universal Render Pipeline/Lit;_BaseMap;;;
Assets/Art/World/Fantasy_Kingdom_Pack/Meshes/Pillow01_d01.FBX;Universal Render Pipeline/Lit;_BaseMap;;;
Assets/Art/World/Fantasy_Kingdom_Pack/Meshes/Plant01_a01.FBX;Universal Render Pipeline/Lit;_BaseMap;;;
Assets/Art/World/Fantasy_Kingdom_Pack/Meshes/Plant01_a02.FBX;Universal Render Pipeline/Lit;_BaseMap;;;
Assets/Art/World/Fantasy_Kingdom_Pack/Meshes/Plant01_a03.FBX;Universal Render Pipeline/Lit;_BaseMap;;;
Assets/Art/World/Fantasy_Kingdom_Pack/Meshes/Plant01_a04.FBX;Universal Render Pipeline/Lit;_BaseMap;;;
Assets/Art/World/Fantasy_Kingdom_Pack/Meshes/Plant01_b01.FBX;Universal Render Pipeline/Lit;_BaseMap;;;
Assets/Art/World/Fantasy_Kingdom_Pack/Meshes/Plant01_b02.FBX;Universal Render Pipeline/Lit;_BaseMap;;;
Assets/Art/World/Fantasy_Kingdom_Pack/Meshes/Plant01_b03.FBX;Universal Render Pipeline/Lit;_BaseMap;;;
Assets/Art/World/Fantasy_Kingdom_Pack/Meshes/Plant01_b04.FBX;Universal Render Pipeline/Lit;_BaseMap;;;
Assets/Art/World/Fantasy_Kingdom_Pack/Meshes/Plant01_b05.FBX;Universal Render Pipeline/Lit;_BaseMap;;;
Assets/Art/World/Fantasy_Kingdom_Pack/Meshes/Plant01_b06.FBX;Universal Render Pipeline/Lit;_BaseMap;;;
Assets/Art/World/Fantasy_Kingdom_Pack/Meshes/Plant01_c01.FBX;Universal Render Pipeline/Lit;_BaseMap;;;
Assets/Art/World/Fantasy_Kingdom_Pack/Meshes/Plant01_c02.FBX;Universal Render Pipeline/Lit;_BaseMap;;;
Assets/Art/World/Fantasy_Kingdom_Pack/Meshes/Plant01_c03.FBX;Universal Render Pipeline/Lit;_BaseMap;;;
Assets/Art/World/Fantasy_Kingdom_Pack/Meshes/Plant01_c04.FBX;Universal Render Pipeline/Lit;_BaseMap;;;
Assets/Art/World/Fantasy_Kingdom_Pack/Meshes/Plant01_c05.FBX;Universal Render Pipeline/Lit;_BaseMap;;;
Assets/Art/World/Fantasy_Kingdom_Pack/Meshes/Plant01_d01.FBX;Universal Render Pipeline/Lit;_BaseMap;;;
Assets/Art/World/Fantasy_Kingdom_Pack/Meshes/Plant01_d02.FBX;Universal Render Pipeline/Lit;_BaseMap;;;
Assets/Art/World/Fantasy_Kingdom_Pack/Meshes/Plant01_d03.FBX;Universal Render Pipeline/Lit;_BaseMap;;;
Assets/Art/World/Fantasy_Kingdom_Pack/Meshes/Plant01_d04.FBX;Universal Render Pipeline/Lit;_BaseMap;;;
Assets/Art/World/Fantasy_Kingdom_Pack/Meshes/Plant01_d05.FBX;Universal Render Pipeline/Lit;_BaseMap;;;
Assets/Art/World/Fantasy_Kingdom_Pack/Meshes/Plant01_d06.FBX;Universal Render Pipeline/Lit;_BaseMap;;;
Assets/Art/World/Fantasy_Kingdom_Pack/Meshes/Plant01_e01.FBX;Universal Render Pipeline/Lit;_BaseMap;;;
Assets/Art/World/Fantasy_Kingdom_Pack/Meshes/Plant01_e02.FBX;Universal Render Pipeline/Lit;_BaseMap;;;
Assets/Art/World/Fantasy_Kingdom_Pack/Meshes/Plant01_e03.FBX;Universal Render Pipeline/Lit;_BaseMap;;;
Assets/Art/World/Fantasy_Kingdom_Pack/Meshes/Plant01_e04.FBX;Universal Render Pipeline/Lit;_BaseMap;;;
Assets/Art/World/Fantasy_Kingdom_Pack/Meshes/Plant01_e05.FBX;Universal Render Pipeline/Lit;_BaseMap;;;
Assets/Art/World/Fantasy_Kingdom_Pack/Meshes/Plant02_a01.FBX;Universal Render Pipeline/Lit;_BaseMap;;;
Assets/Art/World/Fantasy_Kingdom_Pack/Meshes/Plant02_a02.FBX;Universal Render Pipeline/Lit;_BaseMap;;;
Assets/Art/World/Fantasy_Kingdom_Pack/Meshes/Plant02_a03.FBX;Universal Render Pipeline/Lit;_BaseMap;;;
Assets/Art/World/Fantasy_Kingdom_Pack/Meshes/Plant02_a04.FBX;Universal Render Pipeline/Lit;_BaseMap;;;
Assets/Art/World/Fantasy_Kingdom_Pack/Meshes/Plant02_b02.FBX;Universal Render Pipeline/Lit;_BaseMap;;;
Assets/Art/World/Fantasy_Kingdom_Pack/Meshes/Plant02_b03.FBX;Universal Render Pipeline/Lit;_BaseMap;;;
Assets/Art/World/Fantasy_Kingdom_Pack/Meshes/Plant02_b04.FBX;Universal Render Pipeline/Lit;_BaseMap;;;
Assets/Art/World/Fantasy_Kingdom_Pack/Meshes/Plant02_b05.FBX;Universal Render Pipeline/Lit;_BaseMap;;;
Assets/Art/World/Fantasy_Kingdom_Pack/Meshes/Plant02_b06.FBX;Universal Render Pipeline/Lit;_BaseMap;;;
Assets/Art/World/Fantasy_Kingdom_Pack/Meshes/Plant02_c01.FBX;Universal Render Pipeline/Lit;_BaseMap;;;
Assets/Art/World/Fantasy_Kingdom_Pack/Meshes/Plant02_c02.FBX;Universal Render Pipeline/Lit;_BaseMap;;;
Assets/Art/World/Fantasy_Kingdom_Pack/Meshes/Plant02_c03.FBX;Universal Render Pipeline/Lit;_BaseMap;;;
Assets/Art/World/Fantasy_Kingdom_Pack/Meshes/Plant02_c04.FBX;Universal Render Pipeline/Lit;_BaseMap;;;
Assets/Art/World/Fantasy_Kingdom_Pack/Meshes/Plant02_c05.FBX;Universal Render Pipeline/Lit;_BaseMap;;;
Assets/Art/World/Fantasy_Kingdom_Pack/Meshes/Plant02_d01.FBX;Universal Render Pipeline/Lit;_BaseMap;;;
Assets/Art/World/Fantasy_Kingdom_Pack/Meshes/Plant02_d02.FBX;Universal Render Pipeline/Lit;_BaseMap;;;
Assets/Art/World/Fantasy_Kingdom_Pack/Meshes/Plant02_d03.FBX;Universal Render Pipeline/Lit;_BaseMap;;;
Assets/Art/World/Fantasy_Kingdom_Pack/Meshes/Plant02_d04.FBX;Universal Render Pipeline/Lit;_BaseMap;;;
Assets/Art/World/Fantasy_Kingdom_Pack/Meshes/Plant02_d05.FBX;Universal Render Pipeline/Lit;_BaseMap;;;
Assets/Art/World/Fantasy_Kingdom_Pack/Meshes/Plant02_d06.FBX;Universal Render Pipeline/Lit;_BaseMap;;;
Assets/Art/World/Fantasy_Kingdom_Pack/Meshes/Plant02_e01.FBX;Universal Render Pipeline/Lit;_BaseMap;;;
Assets/Art/World/Fantasy_Kingdom_Pack/Meshes/Plant02_e02.FBX;Universal Render Pipeline/Lit;_BaseMap;;;
Assets/Art/World/Fantasy_Kingdom_Pack/Meshes/Plant02_e03.FBX;Universal Render Pipeline/Lit;_BaseMap;;;
Assets/Art/World/Fantasy_Kingdom_Pack/Meshes/Plant02_e04.FBX;Universal Render Pipeline/Lit;_BaseMap;;;
Assets/Art/World/Fantasy_Kingdom_Pack/Meshes/Plant02_e05.FBX;Universal Render Pipeline/Lit;_BaseMap;;;
Assets/Art/World/Fantasy_Kingdom_Pack/Meshes/Plant03_a01.FBX;Universal Render Pipeline/Lit;_BaseMap;;;
Assets/Art/World/Fantasy_Kingdom_Pack/Meshes/Plant03_a02.FBX;Universal Render Pipeline/Lit;_BaseMap;;;
Assets/Art/World/Fantasy_Kingdom_Pack/Meshes/Plant03_a03.FBX;Universal Render Pipeline/Lit;_BaseMap;;;
Assets/Art/World/Fantasy_Kingdom_Pack/Meshes/Plant03_b01.FBX;Universal Render Pipeline/Lit;_BaseMap;;;
Assets/Art/World/Fantasy_Kingdom_Pack/Meshes/Plant03_b02.FBX;Universal Render Pipeline/Lit;_BaseMap;;;
Assets/Art/World/Fantasy_Kingdom_Pack/Meshes/Plant03_b03.FBX;Universal Render Pipeline/Lit;_BaseMap;;;
Assets/Art/World/Fantasy_Kingdom_Pack/Meshes/Plant04_a01.FBX;Universal Render Pipeline/Lit;_BaseMap;;;
Assets/Art/World/Fantasy_Kingdom_Pack/Meshes/Plant04_a02.FBX;Universal Render Pipeline/Lit;_BaseMap;;;
Assets/Art/World/Fantasy_Kingdom_Pack/Meshes/Plant04_a03.FBX;Universal Render Pipeline/Lit;_BaseMap;;;
Assets/Art/World/Fantasy_Kingdom_Pack/Meshes/Plant04_a04.FBX;Universal Render Pipeline/Lit;_BaseMap;;;
Assets/Art/World/Fantasy_Kingdom_Pack/Meshes/Plant04_a05.FBX;Universal Render Pipeline/Lit;_BaseMap;;;
Assets/Art/World/Fantasy_Kingdom_Pack/Meshes/Plant04_b01.FBX;Universal Render Pipeline/Lit;_BaseMap;;;
Assets/Art/World/Fantasy_Kingdom_Pack/Meshes/Plant04_b02.FBX;Universal Render Pipeline/Lit;_BaseMap;;;
Assets/Art/World/Fantasy_Kingdom_Pack/Meshes/Plant04_b03.FBX;Universal Render Pipeline/Lit;_BaseMap;;;
Assets/Art/World/Fantasy_Kingdom_Pack/Meshes/Plant04_b04.FBX;Universal Render Pipeline/Lit;_BaseMap;;;
Assets/Art/World/Fantasy_Kingdom_Pack/Meshes/Plant04_b05.FBX;Universal Render Pipeline/Lit;_BaseMap;;;
Assets/Art/World/Fantasy_Kingdom_Pack/Meshes/Plant05_a01.FBX;Universal Render Pipeline/Lit;_BaseMap;;;
Assets/Art/World/Fantasy_Kingdom_Pack/Meshes/Plant06_a01.FBX;Universal Render Pipeline/Lit;_BaseMap;;;
Assets/Art/World/Fantasy_Kingdom_Pack/Meshes/Plant06_b01.FBX;Universal Render Pipeline/Lit;_BaseMap;;;
Assets/Art/World/Fantasy_Kingdom_Pack/Meshes/Postbox01_a01.FBX;Universal Render Pipeline/Lit;_BaseMap;;;
Assets/Art/World/Fantasy_Kingdom_Pack/Meshes/Postbox01_a02.FBX;Universal Render Pipeline/Lit;_BaseMap;;;
Assets/Art/World/Fantasy_Kingdom_Pack/Meshes/Postbox01_a03.FBX;Universal Render Pipeline/Lit;_BaseMap;;;
Assets/Art/World/Fantasy_Kingdom_Pack/Meshes/Postbox01_a04.FBX;Universal Render Pipeline/Lit;_BaseMap;;;
Assets/Art/World/Fantasy_Kingdom_Pack/Meshes/Postbox01_a05.FBX;Universal Render Pipeline/Lit;_BaseMap;;;
Assets/Art/World/Fantasy_Kingdom_Pack/Meshes/Postbox01_a06.FBX;Universal Render Pipeline/Lit;_BaseMap;;;
Assets/Art/World/Fantasy_Kingdom_Pack/Meshes/Postbox01_a07.FBX;Universal Render Pipeline/Lit;_BaseMap;;;
Assets/Art/World/Fantasy_Kingdom_Pack/Meshes/Postbox01_b01.FBX;Universal Render Pipeline/Lit;_BaseMap;;;
Assets/Art/World/Fantasy_Kingdom_Pack/Meshes/Postbox01_b02.FBX;Universal Render Pipeline/Lit;_BaseMap;;;
Assets/Art/World/Fantasy_Kingdom_Pack/Meshes/Postbox01_b03.FBX;Universal Render Pipeline/Lit;_BaseMap;;;
Assets/Art/World/Fantasy_Kingdom_Pack/Meshes/Postbox01_b04.FBX;Universal Render Pipeline/Lit;_BaseMap;;;
Assets/Art/World/Fantasy_Kingdom_Pack/Meshes/Postbox01_b05.FBX;Universal Render Pipeline/Lit;_BaseMap;;;
Assets/Art/World/Fantasy_Kingdom_Pack/Meshes/Postbox01_b06.FBX;Universal Render Pipeline/Lit;_BaseMap;;;
Assets/Art/World/Fantasy_Kingdom_Pack/Meshes/Postbox01_b07.FBX;Universal Render Pipeline/Lit;_BaseMap;;;
Assets/Art/World/Fantasy_Kingdom_Pack/Meshes/Postbox01_c01.FBX;Universal Render Pipeline/Lit;_BaseMap;;;
Assets/Art/World/Fantasy_Kingdom_Pack/Meshes/Postbox01_c02.FBX;Universal Render Pipeline/Lit;_BaseMap;;;
Assets/Art/World/Fantasy_Kingdom_Pack/Meshes/Postbox01_c03.FBX;Universal Render Pipeline/Lit;_BaseMap;;;
Assets/Art/World/Fantasy_Kingdom_Pack/Meshes/Postbox01_c04.FBX;Universal Render Pipeline/Lit;_BaseMap;;;
Assets/Art/World/Fantasy_Kingdom_Pack/Meshes/Postbox01_c05.FBX;Universal Render Pipeline/Lit;_BaseMap;;;
Assets/Art/World/Fantasy_Kingdom_Pack/Meshes/Postbox01_c06.FBX;Universal Render Pipeline/Lit;_BaseMap;;;
Assets/Art/World/Fantasy_Kingdom_Pack/Meshes/Postbox01_c07.FBX;Universal Render Pipeline/Lit;_BaseMap;;;
Assets/Art/World/Fantasy_Kingdom_Pack/Meshes/Postbox01_d01.FBX;Universal Render Pipeline/Lit;_BaseMap;;;
Assets/Art/World/Fantasy_Kingdom_Pack/Meshes/Postbox01_d02.FBX;Universal Render Pipeline/Lit;_BaseMap;;;
Assets/Art/World/Fantasy_Kingdom_Pack/Meshes/Postbox01_d03.FBX;Universal Render Pipeline/Lit;_BaseMap;;;
Assets/Art/World/Fantasy_Kingdom_Pack/Meshes/Postbox01_d04.FBX;Universal Render Pipeline/Lit;_BaseMap;;;
Assets/Art/World/Fantasy_Kingdom_Pack/Meshes/Postbox01_d05.FBX;Universal Render Pipeline/Lit;_BaseMap;;;
Assets/Art/World/Fantasy_Kingdom_Pack/Meshes/Postbox01_d06.FBX;Universal Render Pipeline/Lit;_BaseMap;;;
Assets/Art/World/Fantasy_Kingdom_Pack/Meshes/Postbox01_d07.FBX;Universal Render Pipeline/Lit;_BaseMap;;;
Assets/Art/World/Fantasy_Kingdom_Pack/Meshes/Postbox01_e01.FBX;Universal Render Pipeline/Lit;_BaseMap;;;
Assets/Art/World/Fantasy_Kingdom_Pack/Meshes/Postbox01_e02.FBX;Universal Render Pipeline/Lit;_BaseMap;;;
Assets/Art/World/Fantasy_Kingdom_Pack/Meshes/Postbox01_e03.FBX;Universal Render Pipeline/Lit;_BaseMap;;;
Assets/Art/World/Fantasy_Kingdom_Pack/Meshes/Postbox01_e04.FBX;Universal Render Pipeline/Lit;_BaseMap;;;
Assets/Art/World/Fantasy_Kingdom_Pack/Meshes/Postbox01_e05.FBX;Universal Render Pipeline/Lit;_BaseMap;;;
Assets/Art/World/Fantasy_Kingdom_Pack/Meshes/Postbox01_e06.FBX;Universal Render Pipeline/Lit;_BaseMap;;;
Assets/Art/World/Fantasy_Kingdom_Pack/Meshes/Postbox01_e07.FBX;Universal Render Pipeline/Lit;_BaseMap;;;
Assets/Art/World/Fantasy_Kingdom_Pack/Meshes/Postbox01_f01.FBX;Universal Render Pipeline/Lit;_BaseMap;;;
Assets/Art/World/Fantasy_Kingdom_Pack/Meshes/Postbox01_f02.FBX;Universal Render Pipeline/Lit;_BaseMap;;;
Assets/Art/World/Fantasy_Kingdom_Pack/Meshes/Postbox01_f03.FBX;Universal Render Pipeline/Lit;_BaseMap;;;
Assets/Art/World/Fantasy_Kingdom_Pack/Meshes/Postbox01_f04.FBX;Universal Render Pipeline/Lit;_BaseMap;;;
Assets/Art/World/Fantasy_Kingdom_Pack/Meshes/Postbox01_f05.FBX;Universal Render Pipeline/Lit;_BaseMap;;;
Assets/Art/World/Fantasy_Kingdom_Pack/Meshes/Postbox01_f06.FBX;Universal Render Pipeline/Lit;_BaseMap;;;
Assets/Art/World/Fantasy_Kingdom_Pack/Meshes/Postbox01_f07.FBX;Universal Render Pipeline/Lit;_BaseMap;;;
Assets/Art/World/Fantasy_Kingdom_Pack/Meshes/Postbox01_g01.FBX;Universal Render Pipeline/Lit;_BaseMap;;;
Assets/Art/World/Fantasy_Kingdom_Pack/Meshes/Postbox01_g02.FBX;Universal Render Pipeline/Lit;_BaseMap;;;
Assets/Art/World/Fantasy_Kingdom_Pack/Meshes/Postbox01_g03.FBX;Universal Render Pipeline/Lit;_BaseMap;;;
Assets/Art/World/Fantasy_Kingdom_Pack/Meshes/Postbox01_g04.FBX;Universal Render Pipeline/Lit;_BaseMap;;;
Assets/Art/World/Fantasy_Kingdom_Pack/Meshes/Postbox01_g05.FBX;Universal Render Pipeline/Lit;_BaseMap;;;
Assets/Art/World/Fantasy_Kingdom_Pack/Meshes/Postbox01_g06.FBX;Universal Render Pipeline/Lit;_BaseMap;;;
Assets/Art/World/Fantasy_Kingdom_Pack/Meshes/Postbox01_g07.FBX;Universal Render Pipeline/Lit;_BaseMap;;;
Assets/Art/World/Fantasy_Kingdom_Pack/Meshes/Postbox02_a01.FBX;Universal Render Pipeline/Lit;_BaseMap;;;
Assets/Art/World/Fantasy_Kingdom_Pack/Meshes/Postbox02_a02.FBX;Universal Render Pipeline/Lit;_BaseMap;;;
Assets/Art/World/Fantasy_Kingdom_Pack/Meshes/Postbox02_a03.FBX;Universal Render Pipeline/Lit;_BaseMap;;;
Assets/Art/World/Fantasy_Kingdom_Pack/Meshes/Postbox02_a04.FBX;Universal Render Pipeline/Lit;_BaseMap;;;
Assets/Art/World/Fantasy_Kingdom_Pack/Meshes/Postbox02_a05.FBX;Universal Render Pipeline/Lit;_BaseMap;;;
Assets/Art/World/Fantasy_Kingdom_Pack/Meshes/Postbox02_a06.FBX;Universal Render Pipeline/Lit;_BaseMap;;;
Assets/Art/World/Fantasy_Kingdom_Pack/Meshes/Postbox02_a07.FBX;Universal Render Pipeline/Lit;_BaseMap;;;
Assets/Art/World/Fantasy_Kingdom_Pack/Meshes/Postbox02_b01.FBX;Universal Render Pipeline/Lit;_BaseMap;;;
Assets/Art/World/Fantasy_Kingdom_Pack/Meshes/Postbox02_b02.FBX;Universal Render Pipeline/Lit;_BaseMap;;;
Assets/Art/World/Fantasy_Kingdom_Pack/Meshes/Postbox02_b03.FBX;Universal Render Pipeline/Lit;_BaseMap;;;
Assets/Art/World/Fantasy_Kingdom_Pack/Meshes/Postbox02_b04.FBX;Universal Render Pipeline/Lit;_BaseMap;;;
Assets/Art/World/Fantasy_Kingdom_Pack/Meshes/Postbox02_b05.FBX;Universal Render Pipeline/Lit;_BaseMap;;;
Assets/Art/World/Fantasy_Kingdom_Pack/Meshes/Postbox02_b06.FBX;Universal Render Pipeline/Lit;_BaseMap;;;
Assets/Art/World/Fantasy_Kingdom_Pack/Meshes/Postbox02_b07.FBX;Universal Render Pipeline/Lit;_BaseMap;;;
Assets/Art/World/Fantasy_Kingdom_Pack/Meshes/Postbox02_c01.FBX;Universal Render Pipeline/Lit;_BaseMap;;;
Assets/Art/World/Fantasy_Kingdom_Pack/Meshes/Postbox02_c02.FBX;Universal Render Pipeline/Lit;_BaseMap;;;
Assets/Art/World/Fantasy_Kingdom_Pack/Meshes/Postbox02_c03.FBX;Universal Render Pipeline/Lit;_BaseMap;;;
Assets/Art/World/Fantasy_Kingdom_Pack/Meshes/Postbox02_c04.FBX;Universal Render Pipeline/Lit;_BaseMap;;;
Assets/Art/World/Fantasy_Kingdom_Pack/Meshes/Postbox02_c05.FBX;Universal Render Pipeline/Lit;_BaseMap;;;
Assets/Art/World/Fantasy_Kingdom_Pack/Meshes/Postbox02_c06.FBX;Universal Render Pipeline/Lit;_BaseMap;;;
Assets/Art/World/Fantasy_Kingdom_Pack/Meshes/Postbox02_c07.FBX;Universal Render Pipeline/Lit;_BaseMap;;;
Assets/Art/World/Fantasy_Kingdom_Pack/Meshes/Postbox02_d01.FBX;Universal Render Pipeline/Lit;_BaseMap;;;
Assets/Art/World/Fantasy_Kingdom_Pack/Meshes/Postbox02_d02.FBX;Universal Render Pipeline/Lit;_BaseMap;;;
Assets/Art/World/Fantasy_Kingdom_Pack/Meshes/Postbox02_d03.FBX;Universal Render Pipeline/Lit;_BaseMap;;;
Assets/Art/World/Fantasy_Kingdom_Pack/Meshes/Postbox02_d04.FBX;Universal Render Pipeline/Lit;_BaseMap;;;
Assets/Art/World/Fantasy_Kingdom_Pack/Meshes/Postbox02_d05.FBX;Universal Render Pipeline/Lit;_BaseMap;;;
Assets/Art/World/Fantasy_Kingdom_Pack/Meshes/Postbox02_d06.FBX;Universal Render Pipeline/Lit;_BaseMap;;;
Assets/Art/World/Fantasy_Kingdom_Pack/Meshes/Postbox02_d07.FBX;Universal Render Pipeline/Lit;_BaseMap;;;
Assets/Art/World/Fantasy_Kingdom_Pack/Meshes/Postbox02_e01.FBX;Universal Render Pipeline/Lit;_BaseMap;;;
Assets/Art/World/Fantasy_Kingdom_Pack/Meshes/Postbox02_e02.FBX;Universal Render Pipeline/Lit;_BaseMap;;;
Assets/Art/World/Fantasy_Kingdom_Pack/Meshes/Postbox02_e03.FBX;Universal Render Pipeline/Lit;_BaseMap;;;
Assets/Art/World/Fantasy_Kingdom_Pack/Meshes/Postbox02_e04.FBX;Universal Render Pipeline/Lit;_BaseMap;;;
Assets/Art/World/Fantasy_Kingdom_Pack/Meshes/Postbox02_e05.FBX;Universal Render Pipeline/Lit;_BaseMap;;;
Assets/Art/World/Fantasy_Kingdom_Pack/Meshes/Postbox02_e06.FBX;Universal Render Pipeline/Lit;_BaseMap;;;
Assets/Art/World/Fantasy_Kingdom_Pack/Meshes/Postbox02_e07.FBX;Universal Render Pipeline/Lit;_BaseMap;;;
Assets/Art/World/Fantasy_Kingdom_Pack/Meshes/Postbox02_f01.FBX;Universal Render Pipeline/Lit;_BaseMap;;;
Assets/Art/World/Fantasy_Kingdom_Pack/Meshes/Postbox02_f02.FBX;Universal Render Pipeline/Lit;_BaseMap;;;
Assets/Art/World/Fantasy_Kingdom_Pack/Meshes/Postbox02_f03.FBX;Universal Render Pipeline/Lit;_BaseMap;;;
Assets/Art/World/Fantasy_Kingdom_Pack/Meshes/Postbox02_f04.FBX;Universal Render Pipeline/Lit;_BaseMap;;;
Assets/Art/World/Fantasy_Kingdom_Pack/Meshes/Postbox02_f05.FBX;Universal Render Pipeline/Lit;_BaseMap;;;
Assets/Art/World/Fantasy_Kingdom_Pack/Meshes/Postbox02_f06.FBX;Universal Render Pipeline/Lit;_BaseMap;;;
Assets/Art/World/Fantasy_Kingdom_Pack/Meshes/Postbox02_f07.FBX;Universal Render Pipeline/Lit;_BaseMap;;;
Assets/Art/World/Fantasy_Kingdom_Pack/Meshes/Postbox02_g01.FBX;Universal Render Pipeline/Lit;_BaseMap;;;
Assets/Art/World/Fantasy_Kingdom_Pack/Meshes/Postbox02_g02.FBX;Universal Render Pipeline/Lit;_BaseMap;;;
Assets/Art/World/Fantasy_Kingdom_Pack/Meshes/Postbox02_g03.FBX;Universal Render Pipeline/Lit;_BaseMap;;;
Assets/Art/World/Fantasy_Kingdom_Pack/Meshes/Postbox02_g04.FBX;Universal Render Pipeline/Lit;_BaseMap;;;
Assets/Art/World/Fantasy_Kingdom_Pack/Meshes/Postbox02_g05.FBX;Universal Render Pipeline/Lit;_BaseMap;;;
Assets/Art/World/Fantasy_Kingdom_Pack/Meshes/Postbox02_g06.FBX;Universal Render Pipeline/Lit;_BaseMap;;;
Assets/Art/World/Fantasy_Kingdom_Pack/Meshes/Postbox02_g07.FBX;Universal Render Pipeline/Lit;_BaseMap;;;
Assets/Art/World/Fantasy_Kingdom_Pack/Meshes/Postbox03_a01.FBX;Universal Render Pipeline/Lit;_BaseMap;;;
Assets/Art/World/Fantasy_Kingdom_Pack/Meshes/Postbox03_a02.FBX;Universal Render Pipeline/Lit;_BaseMap;;;
Assets/Art/World/Fantasy_Kingdom_Pack/Meshes/Postbox03_a03.FBX;Universal Render Pipeline/Lit;_BaseMap;;;
Assets/Art/World/Fantasy_Kingdom_Pack/Meshes/Postbox03_a04.FBX;Universal Render Pipeline/Lit;_BaseMap;;;
Assets/Art/World/Fantasy_Kingdom_Pack/Meshes/Postbox03_a05.FBX;Universal Render Pipeline/Lit;_BaseMap;;;
Assets/Art/World/Fantasy_Kingdom_Pack/Meshes/Postbox03_a06.FBX;Universal Render Pipeline/Lit;_BaseMap;;;
Assets/Art/World/Fantasy_Kingdom_Pack/Meshes/Postbox03_a07.FBX;Universal Render Pipeline/Lit;_BaseMap;;;
Assets/Art/World/Fantasy_Kingdom_Pack/Meshes/Postbox03_a08.FBX;Universal Render Pipeline/Lit;_BaseMap;;;
Assets/Art/World/Fantasy_Kingdom_Pack/Meshes/Postbox03_a09.FBX;Universal Render Pipeline/Lit;_BaseMap;;;
Assets/Art/World/Fantasy_Kingdom_Pack/Meshes/Postbox03_a10.FBX;Universal Render Pipeline/Lit;_BaseMap;;;
Assets/Art/World/Fantasy_Kingdom_Pack/Meshes/Postbox03_a11.FBX;Universal Render Pipeline/Lit;_BaseMap;;;
Assets/Art/World/Fantasy_Kingdom_Pack/Meshes/Postbox03_a12.FBX;Universal Render Pipeline/Lit;_BaseMap;;;
Assets/Art/World/Fantasy_Kingdom_Pack/Meshes/Postbox03_a13.FBX;Universal Render Pipeline/Lit;_BaseMap;;;
Assets/Art/World/Fantasy_Kingdom_Pack/Meshes/Postbox03_b01.FBX;Universal Render Pipeline/Lit;_BaseMap;;;
Assets/Art/World/Fantasy_Kingdom_Pack/Meshes/Postbox03_b02.FBX;Universal Render Pipeline/Lit;_BaseMap;;;
Assets/Art/World/Fantasy_Kingdom_Pack/Meshes/Postbox03_b03.FBX;Universal Render Pipeline/Lit;_BaseMap;;;
Assets/Art/World/Fantasy_Kingdom_Pack/Meshes/Postbox03_b04.FBX;Universal Render Pipeline/Lit;_BaseMap;;;
Assets/Art/World/Fantasy_Kingdom_Pack/Meshes/Postbox03_b05.FBX;Universal Render Pipeline/Lit;_BaseMap;;;
Assets/Art/World/Fantasy_Kingdom_Pack/Meshes/Postbox03_b06.FBX;Universal Render Pipeline/Lit;_BaseMap;;;
Assets/Art/World/Fantasy_Kingdom_Pack/Meshes/Postbox03_b07.FBX;Universal Render Pipeline/Lit;_BaseMap;;;
Assets/Art/World/Fantasy_Kingdom_Pack/Meshes/Postbox03_b08.FBX;Universal Render Pipeline/Lit;_BaseMap;;;
Assets/Art/World/Fantasy_Kingdom_Pack/Meshes/Postbox03_b09.FBX;Universal Render Pipeline/Lit;_BaseMap;;;
Assets/Art/World/Fantasy_Kingdom_Pack/Meshes/Postbox03_b10.FBX;Universal Render Pipeline/Lit;_BaseMap;;;
Assets/Art/World/Fantasy_Kingdom_Pack/Meshes/Postbox03_b11.FBX;Universal Render Pipeline/Lit;_BaseMap;;;
Assets/Art/World/Fantasy_Kingdom_Pack/Meshes/Postbox03_b12.FBX;Universal Render Pipeline/Lit;_BaseMap;;;
Assets/Art/World/Fantasy_Kingdom_Pack/Meshes/Postbox03_b13.FBX;Universal Render Pipeline/Lit;_BaseMap;;;
Assets/Art/World/Fantasy_Kingdom_Pack/Meshes/Postbox03_c01.FBX;Universal Render Pipeline/Lit;_BaseMap;;;
Assets/Art/World/Fantasy_Kingdom_Pack/Meshes/Postbox03_c02.FBX;Universal Render Pipeline/Lit;_BaseMap;;;
Assets/Art/World/Fantasy_Kingdom_Pack/Meshes/Postbox03_c03.FBX;Universal Render Pipeline/Lit;_BaseMap;;;
Assets/Art/World/Fantasy_Kingdom_Pack/Meshes/Postbox03_c04.FBX;Universal Render Pipeline/Lit;_BaseMap;;;
Assets/Art/World/Fantasy_Kingdom_Pack/Meshes/Postbox03_c05.FBX;Universal Render Pipeline/Lit;_BaseMap;;;
Assets/Art/World/Fantasy_Kingdom_Pack/Meshes/Postbox03_c06.FBX;Universal Render Pipeline/Lit;_BaseMap;;;
Assets/Art/World/Fantasy_Kingdom_Pack/Meshes/Postbox03_c07.FBX;Universal Render Pipeline/Lit;_BaseMap;;;
Assets/Art/World/Fantasy_Kingdom_Pack/Meshes/Postbox03_c08.FBX;Universal Render Pipeline/Lit;_BaseMap;;;
Assets/Art/World/Fantasy_Kingdom_Pack/Meshes/Postbox03_c09.FBX;Universal Render Pipeline/Lit;_BaseMap;;;
Assets/Art/World/Fantasy_Kingdom_Pack/Meshes/Postbox03_c10.FBX;Universal Render Pipeline/Lit;_BaseMap;;;
Assets/Art/World/Fantasy_Kingdom_Pack/Meshes/Postbox03_c11.FBX;Universal Render Pipeline/Lit;_BaseMap;;;
Assets/Art/World/Fantasy_Kingdom_Pack/Meshes/Postbox03_c12.FBX;Universal Render Pipeline/Lit;_BaseMap;;;
Assets/Art/World/Fantasy_Kingdom_Pack/Meshes/Postbox03_c13.FBX;Universal Render Pipeline/Lit;_BaseMap;;;
Assets/Art/World/Fantasy_Kingdom_Pack/Meshes/Postbox03_d01.FBX;Universal Render Pipeline/Lit;_BaseMap;;;
Assets/Art/World/Fantasy_Kingdom_Pack/Meshes/Postbox03_d02.FBX;Universal Render Pipeline/Lit;_BaseMap;;;
Assets/Art/World/Fantasy_Kingdom_Pack/Meshes/Postbox03_d03.FBX;Universal Render Pipeline/Lit;_BaseMap;;;
Assets/Art/World/Fantasy_Kingdom_Pack/Meshes/Postbox03_d04.FBX;Universal Render Pipeline/Lit;_BaseMap;;;
Assets/Art/World/Fantasy_Kingdom_Pack/Meshes/Postbox03_d05.FBX;Universal Render Pipeline/Lit;_BaseMap;;;
Assets/Art/World/Fantasy_Kingdom_Pack/Meshes/Postbox03_d06.FBX;Universal Render Pipeline/Lit;_BaseMap;;;
Assets/Art/World/Fantasy_Kingdom_Pack/Meshes/Postbox03_d07.FBX;Universal Render Pipeline/Lit;_BaseMap;;;
Assets/Art/World/Fantasy_Kingdom_Pack/Meshes/Postbox03_d08.FBX;Universal Render Pipeline/Lit;_BaseMap;;;
Assets/Art/World/Fantasy_Kingdom_Pack/Meshes/Postbox03_d09.FBX;Universal Render Pipeline/Lit;_BaseMap;;;
Assets/Art/World/Fantasy_Kingdom_Pack/Meshes/Postbox03_d10.FBX;Universal Render Pipeline/Lit;_BaseMap;;;
Assets/Art/World/Fantasy_Kingdom_Pack/Meshes/Postbox03_d11.FBX;Universal Render Pipeline/Lit;_BaseMap;;;
Assets/Art/World/Fantasy_Kingdom_Pack/Meshes/Postbox03_d12.FBX;Universal Render Pipeline/Lit;_BaseMap;;;
Assets/Art/World/Fantasy_Kingdom_Pack/Meshes/Postbox03_d13.FBX;Universal Render Pipeline/Lit;_BaseMap;;;
Assets/Art/World/Fantasy_Kingdom_Pack/Meshes/Postbox03_e01.FBX;Universal Render Pipeline/Lit;_BaseMap;;;
Assets/Art/World/Fantasy_Kingdom_Pack/Meshes/Postbox03_e02.FBX;Universal Render Pipeline/Lit;_BaseMap;;;
Assets/Art/World/Fantasy_Kingdom_Pack/Meshes/Postbox03_e03.FBX;Universal Render Pipeline/Lit;_BaseMap;;;
Assets/Art/World/Fantasy_Kingdom_Pack/Meshes/Postbox03_e04.FBX;Universal Render Pipeline/Lit;_BaseMap;;;
Assets/Art/World/Fantasy_Kingdom_Pack/Meshes/Postbox03_e05.FBX;Universal Render Pipeline/Lit;_BaseMap;;;
Assets/Art/World/Fantasy_Kingdom_Pack/Meshes/Postbox03_e06.FBX;Universal Render Pipeline/Lit;_BaseMap;;;
Assets/Art/World/Fantasy_Kingdom_Pack/Meshes/Postbox03_e07.FBX;Universal Render Pipeline/Lit;_BaseMap;;;
Assets/Art/World/Fantasy_Kingdom_Pack/Meshes/Postbox03_e08.FBX;Universal Render Pipeline/Lit;_BaseMap;;;
Assets/Art/World/Fantasy_Kingdom_Pack/Meshes/Postbox03_e09.FBX;Universal Render Pipeline/Lit;_BaseMap;;;
Assets/Art/World/Fantasy_Kingdom_Pack/Meshes/Postbox03_e10.FBX;Universal Render Pipeline/Lit;_BaseMap;;;
Assets/Art/World/Fantasy_Kingdom_Pack/Meshes/Postbox03_e11.FBX;Universal Render Pipeline/Lit;_BaseMap;;;
Assets/Art/World/Fantasy_Kingdom_Pack/Meshes/Postbox03_e12.FBX;Universal Render Pipeline/Lit;_BaseMap;;;
Assets/Art/World/Fantasy_Kingdom_Pack/Meshes/Postbox03_e13.FBX;Universal Render Pipeline/Lit;_BaseMap;;;
Assets/Art/World/Fantasy_Kingdom_Pack/Meshes/Postbox03_f01.FBX;Universal Render Pipeline/Lit;_BaseMap;;;
Assets/Art/World/Fantasy_Kingdom_Pack/Meshes/Postbox03_f02.FBX;Universal Render Pipeline/Lit;_BaseMap;;;
Assets/Art/World/Fantasy_Kingdom_Pack/Meshes/Postbox03_f03.FBX;Universal Render Pipeline/Lit;_BaseMap;;;
Assets/Art/World/Fantasy_Kingdom_Pack/Meshes/Postbox03_f04.FBX;Universal Render Pipeline/Lit;_BaseMap;;;
Assets/Art/World/Fantasy_Kingdom_Pack/Meshes/Postbox03_f05.FBX;Universal Render Pipeline/Lit;_BaseMap;;;
Assets/Art/World/Fantasy_Kingdom_Pack/Meshes/Postbox03_f06.FBX;Universal Render Pipeline/Lit;_BaseMap;;;
Assets/Art/World/Fantasy_Kingdom_Pack/Meshes/Postbox03_f07.FBX;Universal Render Pipeline/Lit;_BaseMap;;;
Assets/Art/World/Fantasy_Kingdom_Pack/Meshes/Postbox03_f08.FBX;Universal Render Pipeline/Lit;_BaseMap;;;
Assets/Art/World/Fantasy_Kingdom_Pack/Meshes/Postbox03_f09.FBX;Universal Render Pipeline/Lit;_BaseMap;;;
Assets/Art/World/Fantasy_Kingdom_Pack/Meshes/Postbox03_f10.FBX;Universal Render Pipeline/Lit;_BaseMap;;;
Assets/Art/World/Fantasy_Kingdom_Pack/Meshes/Postbox03_f11.FBX;Universal Render Pipeline/Lit;_BaseMap;;;
Assets/Art/World/Fantasy_Kingdom_Pack/Meshes/Postbox03_f12.FBX;Universal Render Pipeline/Lit;_BaseMap;;;
Assets/Art/World/Fantasy_Kingdom_Pack/Meshes/Postbox03_f13.FBX;Universal Render Pipeline/Lit;_BaseMap;;;
Assets/Art/World/Fantasy_Kingdom_Pack/Meshes/Postbox03_f14.FBX;Universal Render Pipeline/Lit;_BaseMap;;;
Assets/Art/World/Fantasy_Kingdom_Pack/Meshes/Postbox03_f15.FBX;Universal Render Pipeline/Lit;_BaseMap;;;
Assets/Art/World/Fantasy_Kingdom_Pack/Meshes/Postbox03_f16.FBX;Universal Render Pipeline/Lit;_BaseMap;;;
Assets/Art/World/Fantasy_Kingdom_Pack/Meshes/Postbox03_f17.FBX;Universal Render Pipeline/Lit;_BaseMap;;;
Assets/Art/World/Fantasy_Kingdom_Pack/Meshes/Postbox03_g01.FBX;Universal Render Pipeline/Lit;_BaseMap;;;
Assets/Art/World/Fantasy_Kingdom_Pack/Meshes/Postbox03_g02.FBX;Universal Render Pipeline/Lit;_BaseMap;;;
Assets/Art/World/Fantasy_Kingdom_Pack/Meshes/Postbox03_g03.FBX;Universal Render Pipeline/Lit;_BaseMap;;;
Assets/Art/World/Fantasy_Kingdom_Pack/Meshes/Postbox03_g04.FBX;Universal Render Pipeline/Lit;_BaseMap;;;
Assets/Art/World/Fantasy_Kingdom_Pack/Meshes/Postbox03_g05.FBX;Universal Render Pipeline/Lit;_BaseMap;;;
Assets/Art/World/Fantasy_Kingdom_Pack/Meshes/Postbox03_g06.FBX;Universal Render Pipeline/Lit;_BaseMap;;;
Assets/Art/World/Fantasy_Kingdom_Pack/Meshes/Postbox03_g07.FBX;Universal Render Pipeline/Lit;_BaseMap;;;
Assets/Art/World/Fantasy_Kingdom_Pack/Meshes/Postbox03_g08.FBX;Universal Render Pipeline/Lit;_BaseMap;;;
Assets/Art/World/Fantasy_Kingdom_Pack/Meshes/Postbox03_g09.FBX;Universal Render Pipeline/Lit;_BaseMap;;;
Assets/Art/World/Fantasy_Kingdom_Pack/Meshes/Postbox03_g10.FBX;Universal Render Pipeline/Lit;_BaseMap;;;
Assets/Art/World/Fantasy_Kingdom_Pack/Meshes/Pot01_a01.FBX;Universal Render Pipeline/Lit;_BaseMap;;;
Assets/Art/World/Fantasy_Kingdom_Pack/Meshes/Pot01_b01.FBX;Universal Render Pipeline/Lit;_BaseMap;;;
Assets/Art/World/Fantasy_Kingdom_Pack/Meshes/Pot01_c01.FBX;Universal Render Pipeline/Lit;_BaseMap;;;
Assets/Art/World/Fantasy_Kingdom_Pack/Meshes/Pot01_d01.FBX;Universal Render Pipeline/Lit;_BaseMap;;;
Assets/Art/World/Fantasy_Kingdom_Pack/Meshes/Pot01_e01.FBX;Universal Render Pipeline/Lit;_BaseMap;;;
Assets/Art/World/Fantasy_Kingdom_Pack/Meshes/Pot01_f01.FBX;Universal Render Pipeline/Lit;_BaseMap;;;
Assets/Art/World/Fantasy_Kingdom_Pack/Meshes/Pot01_g01.FBX;Universal Render Pipeline/Lit;_BaseMap;;;
Assets/Art/World/Fantasy_Kingdom_Pack/Meshes/Pot01_h01.FBX;Universal Render Pipeline/Lit;_BaseMap;;;
Assets/Art/World/Fantasy_Kingdom_Pack/Meshes/Pot01_i01.FBX;Universal Render Pipeline/Lit;_BaseMap;;;
Assets/Art/World/Fantasy_Kingdom_Pack/Meshes/Pot02_a01.FBX;Universal Render Pipeline/Lit;_BaseMap;;;
Assets/Art/World/Fantasy_Kingdom_Pack/Meshes/Pot02_a02.FBX;Universal Render Pipeline/Lit;_BaseMap;;;
Assets/Art/World/Fantasy_Kingdom_Pack/Meshes/Pot02_a03.FBX;Universal Render Pipeline/Lit;_BaseMap;;;
Assets/Art/World/Fantasy_Kingdom_Pack/Meshes/Pot02_b01.FBX;Universal Render Pipeline/Lit;_BaseMap;;;
Assets/Art/World/Fantasy_Kingdom_Pack/Meshes/Pot02_b02.FBX;Universal Render Pipeline/Lit;_BaseMap;;;
Assets/Art/World/Fantasy_Kingdom_Pack/Meshes/Pot02_b03.FBX;Universal Render Pipeline/Lit;_BaseMap;;;
Assets/Art/World/Fantasy_Kingdom_Pack/Meshes/Pot02_c01.FBX;Universal Render Pipeline/Lit;_BaseMap;;;
Assets/Art/World/Fantasy_Kingdom_Pack/Meshes/Pot02_c02.FBX;Universal Render Pipeline/Lit;_BaseMap;;;
Assets/Art/World/Fantasy_Kingdom_Pack/Meshes/Pot02_c03.FBX;Universal Render Pipeline/Lit;_BaseMap;;;
Assets/Art/World/Fantasy_Kingdom_Pack/Meshes/Pot02_d01.FBX;Universal Render Pipeline/Lit;_BaseMap;;;
Assets/Art/World/Fantasy_Kingdom_Pack/Meshes/Pot02_d02.FBX;Universal Render Pipeline/Lit;_BaseMap;;;
Assets/Art/World/Fantasy_Kingdom_Pack/Meshes/Pot02_d03.FBX;Universal Render Pipeline/Lit;_BaseMap;;;
Assets/Art/World/Fantasy_Kingdom_Pack/Meshes/Pot02_e01.FBX;Universal Render Pipeline/Lit;_BaseMap;;;
Assets/Art/World/Fantasy_Kingdom_Pack/Meshes/Pot02_e02.FBX;Universal Render Pipeline/Lit;_BaseMap;;;
Assets/Art/World/Fantasy_Kingdom_Pack/Meshes/Pot02_e03.FBX;Universal Render Pipeline/Lit;_BaseMap;;;
Assets/Art/World/Fantasy_Kingdom_Pack/Meshes/Pot02_f01.FBX;Universal Render Pipeline/Lit;_BaseMap;;;
Assets/Art/World/Fantasy_Kingdom_Pack/Meshes/Pot02_f02.FBX;Universal Render Pipeline/Lit;_BaseMap;;;
Assets/Art/World/Fantasy_Kingdom_Pack/Meshes/Pot02_f03.FBX;Universal Render Pipeline/Lit;_BaseMap;;;
Assets/Art/World/Fantasy_Kingdom_Pack/Meshes/Pot02_g01.FBX;Universal Render Pipeline/Lit;_BaseMap;;;
Assets/Art/World/Fantasy_Kingdom_Pack/Meshes/Pot02_g02.FBX;Universal Render Pipeline/Lit;_BaseMap;;;
Assets/Art/World/Fantasy_Kingdom_Pack/Meshes/Pot02_g03.FBX;Universal Render Pipeline/Lit;_BaseMap;;;
Assets/Art/World/Fantasy_Kingdom_Pack/Meshes/Pot02_h01.FBX;Universal Render Pipeline/Lit;_BaseMap;;;
Assets/Art/World/Fantasy_Kingdom_Pack/Meshes/Pot02_h02.FBX;Universal Render Pipeline/Lit;_BaseMap;;;
Assets/Art/World/Fantasy_Kingdom_Pack/Meshes/Pot02_h03.FBX;Universal Render Pipeline/Lit;_BaseMap;;;
Assets/Art/World/Fantasy_Kingdom_Pack/Meshes/Pot02_i01.FBX;Universal Render Pipeline/Lit;_BaseMap;;;
Assets/Art/World/Fantasy_Kingdom_Pack/Meshes/Pot02_i02.FBX;Universal Render Pipeline/Lit;_BaseMap;;;
Assets/Art/World/Fantasy_Kingdom_Pack/Meshes/Pot02_i03.FBX;Universal Render Pipeline/Lit;_BaseMap;;;
Assets/Art/World/Fantasy_Kingdom_Pack/Meshes/Pot03_a01.FBX;Universal Render Pipeline/Lit;_BaseMap;;;
Assets/Art/World/Fantasy_Kingdom_Pack/Meshes/Pot03_a02.FBX;Universal Render Pipeline/Lit;_BaseMap;;;
Assets/Art/World/Fantasy_Kingdom_Pack/Meshes/Pot03_a03.FBX;Universal Render Pipeline/Lit;_BaseMap;;;
Assets/Art/World/Fantasy_Kingdom_Pack/Meshes/Pot03_b01.FBX;Universal Render Pipeline/Lit;_BaseMap;;;
Assets/Art/World/Fantasy_Kingdom_Pack/Meshes/Pot03_b02.FBX;Universal Render Pipeline/Lit;_BaseMap;;;
Assets/Art/World/Fantasy_Kingdom_Pack/Meshes/Pot03_b03.FBX;Universal Render Pipeline/Lit;_BaseMap;;;
Assets/Art/World/Fantasy_Kingdom_Pack/Meshes/Pot03_c01.FBX;Universal Render Pipeline/Lit;_BaseMap;;;
Assets/Art/World/Fantasy_Kingdom_Pack/Meshes/Pot03_c02.FBX;Universal Render Pipeline/Lit;_BaseMap;;;
Assets/Art/World/Fantasy_Kingdom_Pack/Meshes/Pot03_c03.FBX;Universal Render Pipeline/Lit;_BaseMap;;;
Assets/Art/World/Fantasy_Kingdom_Pack/Meshes/Pot03_d01.FBX;Universal Render Pipeline/Lit;_BaseMap;;;
Assets/Art/World/Fantasy_Kingdom_Pack/Meshes/Pot03_d02.FBX;Universal Render Pipeline/Lit;_BaseMap;;;
Assets/Art/World/Fantasy_Kingdom_Pack/Meshes/Pot03_d03.FBX;Universal Render Pipeline/Lit;_BaseMap;;;
Assets/Art/World/Fantasy_Kingdom_Pack/Meshes/Pot03_e01.FBX;Universal Render Pipeline/Lit;_BaseMap;;;
Assets/Art/World/Fantasy_Kingdom_Pack/Meshes/Pot03_e02.FBX;Universal Render Pipeline/Lit;_BaseMap;;;
Assets/Art/World/Fantasy_Kingdom_Pack/Meshes/Pot03_e03.FBX;Universal Render Pipeline/Lit;_BaseMap;;;
Assets/Art/World/Fantasy_Kingdom_Pack/Meshes/Pot03_f01.FBX;Universal Render Pipeline/Lit;_BaseMap;;;
Assets/Art/World/Fantasy_Kingdom_Pack/Meshes/Pot03_f02.FBX;Universal Render Pipeline/Lit;_BaseMap;;;
Assets/Art/World/Fantasy_Kingdom_Pack/Meshes/Pot03_f03.FBX;Universal Render Pipeline/Lit;_BaseMap;;;
Assets/Art/World/Fantasy_Kingdom_Pack/Meshes/Pot03_g01.FBX;Universal Render Pipeline/Lit;_BaseMap;;;
Assets/Art/World/Fantasy_Kingdom_Pack/Meshes/Pot03_g02.FBX;Universal Render Pipeline/Lit;_BaseMap;;;
Assets/Art/World/Fantasy_Kingdom_Pack/Meshes/Pot03_g03.FBX;Universal Render Pipeline/Lit;_BaseMap;;;
Assets/Art/World/Fantasy_Kingdom_Pack/Meshes/Pot03_h01.FBX;Universal Render Pipeline/Lit;_BaseMap;;;
Assets/Art/World/Fantasy_Kingdom_Pack/Meshes/Pot03_h02.FBX;Universal Render Pipeline/Lit;_BaseMap;;;
Assets/Art/World/Fantasy_Kingdom_Pack/Meshes/Pot03_h03.FBX;Universal Render Pipeline/Lit;_BaseMap;;;
Assets/Art/World/Fantasy_Kingdom_Pack/Meshes/Pot03_i01.FBX;Universal Render Pipeline/Lit;_BaseMap;;;
Assets/Art/World/Fantasy_Kingdom_Pack/Meshes/Pot03_i02.FBX;Universal Render Pipeline/Lit;_BaseMap;;;
Assets/Art/World/Fantasy_Kingdom_Pack/Meshes/Pot03_i03.FBX;Universal Render Pipeline/Lit;_BaseMap;;;
Assets/Art/World/Fantasy_Kingdom_Pack/Meshes/Pot04_a01.FBX;Universal Render Pipeline/Lit;_BaseMap;;;
Assets/Art/World/Fantasy_Kingdom_Pack/Meshes/Pot04_a02.FBX;Universal Render Pipeline/Lit;_BaseMap;;;
Assets/Art/World/Fantasy_Kingdom_Pack/Meshes/Pot04_b01.FBX;Universal Render Pipeline/Lit;_BaseMap;;;
Assets/Art/World/Fantasy_Kingdom_Pack/Meshes/Pot04_b02.FBX;Universal Render Pipeline/Lit;_BaseMap;;;
Assets/Art/World/Fantasy_Kingdom_Pack/Meshes/Pot04_c01.FBX;Universal Render Pipeline/Lit;_BaseMap;;;
Assets/Art/World/Fantasy_Kingdom_Pack/Meshes/Pot04_c02.FBX;Universal Render Pipeline/Lit;_BaseMap;;;
Assets/Art/World/Fantasy_Kingdom_Pack/Meshes/Pot04_d01.FBX;Universal Render Pipeline/Lit;_BaseMap;;;
Assets/Art/World/Fantasy_Kingdom_Pack/Meshes/Pot04_d02.FBX;Universal Render Pipeline/Lit;_BaseMap;;;
Assets/Art/World/Fantasy_Kingdom_Pack/Meshes/Pot04_e01.FBX;Universal Render Pipeline/Lit;_BaseMap;;;
Assets/Art/World/Fantasy_Kingdom_Pack/Meshes/Pot04_e02.FBX;Universal Render Pipeline/Lit;_BaseMap;;;
Assets/Art/World/Fantasy_Kingdom_Pack/Meshes/Pot04_f01.FBX;Universal Render Pipeline/Lit;_BaseMap;;;
Assets/Art/World/Fantasy_Kingdom_Pack/Meshes/Pot04_f02.FBX;Universal Render Pipeline/Lit;_BaseMap;;;
Assets/Art/World/Fantasy_Kingdom_Pack/Meshes/Pot04_g01.FBX;Universal Render Pipeline/Lit;_BaseMap;;;
Assets/Art/World/Fantasy_Kingdom_Pack/Meshes/Pot04_g02.FBX;Universal Render Pipeline/Lit;_BaseMap;;;
Assets/Art/World/Fantasy_Kingdom_Pack/Meshes/Pot04_h01.FBX;Universal Render Pipeline/Lit;_BaseMap;;;
Assets/Art/World/Fantasy_Kingdom_Pack/Meshes/Pot04_h02.FBX;Universal Render Pipeline/Lit;_BaseMap;;;
Assets/Art/World/Fantasy_Kingdom_Pack/Meshes/Pot04_i01.FBX;Universal Render Pipeline/Lit;_BaseMap;;;
Assets/Art/World/Fantasy_Kingdom_Pack/Meshes/Pot04_i02.FBX;Universal Render Pipeline/Lit;_BaseMap;;;
Assets/Art/World/Fantasy_Kingdom_Pack/Meshes/Pot05_a01.FBX;Universal Render Pipeline/Lit;_BaseMap;;;
Assets/Art/World/Fantasy_Kingdom_Pack/Meshes/Pot05_b01.FBX;Universal Render Pipeline/Lit;_BaseMap;;;
Assets/Art/World/Fantasy_Kingdom_Pack/Meshes/Pot05_c01.FBX;Universal Render Pipeline/Lit;_BaseMap;;;
Assets/Art/World/Fantasy_Kingdom_Pack/Meshes/Pot05_d01.FBX;Universal Render Pipeline/Lit;_BaseMap;;;
Assets/Art/World/Fantasy_Kingdom_Pack/Meshes/Pot05_e01.FBX;Universal Render Pipeline/Lit;_BaseMap;;;
Assets/Art/World/Fantasy_Kingdom_Pack/Meshes/Pot05_f01.FBX;Universal Render Pipeline/Lit;_BaseMap;;;
Assets/Art/World/Fantasy_Kingdom_Pack/Meshes/Pot05_g01.FBX;Universal Render Pipeline/Lit;_BaseMap;;;
Assets/Art/World/Fantasy_Kingdom_Pack/Meshes/Pot05_h01.FBX;Universal Render Pipeline/Lit;_BaseMap;;;
Assets/Art/World/Fantasy_Kingdom_Pack/Meshes/Propeller01_a01.FBX;Universal Render Pipeline/Lit;_BaseMap;;;
Assets/Art/World/Fantasy_Kingdom_Pack/Meshes/Railing01_a01.FBX;Universal Render Pipeline/Lit;_BaseMap;;;
Assets/Art/World/Fantasy_Kingdom_Pack/Meshes/Railing01_a02.FBX;Universal Render Pipeline/Lit;_BaseMap;;;
Assets/Art/World/Fantasy_Kingdom_Pack/Meshes/Railing01_a03.FBX;Universal Render Pipeline/Lit;_BaseMap;;;
Assets/Art/World/Fantasy_Kingdom_Pack/Meshes/Railing01_a04.FBX;Universal Render Pipeline/Lit;_BaseMap;;;
Assets/Art/World/Fantasy_Kingdom_Pack/Meshes/Railing01_a05.FBX;Universal Render Pipeline/Lit;_BaseMap;;;
Assets/Art/World/Fantasy_Kingdom_Pack/Meshes/Railing01_a06.FBX;Universal Render Pipeline/Lit;_BaseMap;;;
Assets/Art/World/Fantasy_Kingdom_Pack/Meshes/Railing01_a07.FBX;Universal Render Pipeline/Lit;_BaseMap;;;
Assets/Art/World/Fantasy_Kingdom_Pack/Meshes/Railing01_a08.FBX;Universal Render Pipeline/Lit;_BaseMap;;;
Assets/Art/World/Fantasy_Kingdom_Pack/Meshes/Railing01_a09.FBX;Universal Render Pipeline/Lit;_BaseMap;;;
Assets/Art/World/Fantasy_Kingdom_Pack/Meshes/Railing01_b01.FBX;Universal Render Pipeline/Lit;_BaseMap;;;
Assets/Art/World/Fantasy_Kingdom_Pack/Meshes/Railing02_a01.FBX;Universal Render Pipeline/Lit;_BaseMap;;;
Assets/Art/World/Fantasy_Kingdom_Pack/Meshes/Railing02_a02.FBX;Universal Render Pipeline/Lit;_BaseMap;;;
Assets/Art/World/Fantasy_Kingdom_Pack/Meshes/Railing03_a01.FBX;Universal Render Pipeline/Lit;_BaseMap;;;
Assets/Art/World/Fantasy_Kingdom_Pack/Meshes/Railing03_a02.FBX;Universal Render Pipeline/Lit;_BaseMap;;;
Assets/Art/World/Fantasy_Kingdom_Pack/Meshes/Railing04_a01.FBX;Universal Render Pipeline/Lit;_BaseMap;;;
Assets/Art/World/Fantasy_Kingdom_Pack/Meshes/Railing04_a02.FBX;Universal Render Pipeline/Lit;_BaseMap;;;
Assets/Art/World/Fantasy_Kingdom_Pack/Meshes/Railing05_a01.FBX;Universal Render Pipeline/Lit;;;;Sin Albedo de origen — revisar a mano
Assets/Art/World/Fantasy_Kingdom_Pack/Meshes/Railing05_a02.FBX;Universal Render Pipeline/Lit;;;;Sin Albedo de origen — revisar a mano
Assets/Art/World/Fantasy_Kingdom_Pack/Meshes/Railing05_a03.FBX;Universal Render Pipeline/Lit;_BaseMap;;;
Assets/Art/World/Fantasy_Kingdom_Pack/Meshes/Railing05_a04.FBX;Universal Render Pipeline/Lit;_BaseMap;;;
Assets/Art/World/Fantasy_Kingdom_Pack/Meshes/Railing05_a05.FBX;Universal Render Pipeline/Lit;_BaseMap;;;
Assets/Art/World/Fantasy_Kingdom_Pack/Meshes/Railing05_a06.FBX;Universal Render Pipeline/Lit;_BaseMap;;;
Assets/Art/World/Fantasy_Kingdom_Pack/Meshes/Railing05_a07.FBX;Universal Render Pipeline/Lit;_BaseMap;;;
Assets/Art/World/Fantasy_Kingdom_Pack/Meshes/Railing05_a08.FBX;Universal Render Pipeline/Lit;_BaseMap;;;
Assets/Art/World/Fantasy_Kingdom_Pack/Meshes/Railing05_a09.FBX;Universal Render Pipeline/Lit;_BaseMap;;;
Assets/Art/World/Fantasy_Kingdom_Pack/Meshes/Railing05_a10.FBX;Universal Render Pipeline/Lit;_BaseMap;;;
Assets/Art/World/Fantasy_Kingdom_Pack/Meshes/Railing05_a11.FBX;Universal Render Pipeline/Lit;_BaseMap;;;
Assets/Art/World/Fantasy_Kingdom_Pack/Meshes/Railing05_a12.FBX;Universal Render Pipeline/Lit;_BaseMap;;;
Assets/Art/World/Fantasy_Kingdom_Pack/Meshes/Railing05_a13.FBX;Universal Render Pipeline/Lit;_BaseMap;;;
Assets/Art/World/Fantasy_Kingdom_Pack/Meshes/Railing05_a14.FBX;Universal Render Pipeline/Lit;_BaseMap;;;
Assets/Art/World/Fantasy_Kingdom_Pack/Meshes/Railing05_b01.FBX;Universal Render Pipeline/Lit;_BaseMap;;;
Assets/Art/World/Fantasy_Kingdom_Pack/Meshes/Railing05_b02.FBX;Universal Render Pipeline/Lit;_BaseMap;;;
Assets/Art/World/Fantasy_Kingdom_Pack/Meshes/Railing05_b03.FBX;Universal Render Pipeline/Lit;_BaseMap;;;
Assets/Art/World/Fantasy_Kingdom_Pack/Meshes/Railing05_b04.FBX;Universal Render Pipeline/Lit;_BaseMap;;;
Assets/Art/World/Fantasy_Kingdom_Pack/Meshes/Railing05_b05.FBX;Universal Render Pipeline/Lit;_BaseMap;;;
Assets/Art/World/Fantasy_Kingdom_Pack/Meshes/Railing05_b06.FBX;Universal Render Pipeline/Lit;_BaseMap;;;
Assets/Art/World/Fantasy_Kingdom_Pack/Meshes/Railing05_b07.FBX;Universal Render Pipeline/Lit;_BaseMap;;;
Assets/Art/World/Fantasy_Kingdom_Pack/Meshes/Railing05_b08.FBX;Universal Render Pipeline/Lit;_BaseMap;;;
Assets/Art/World/Fantasy_Kingdom_Pack/Meshes/Railing05_b09.FBX;Universal Render Pipeline/Lit;_BaseMap;;;
Assets/Art/World/Fantasy_Kingdom_Pack/Meshes/Railing05_b10.FBX;Universal Render Pipeline/Lit;_BaseMap;;;
Assets/Art/World/Fantasy_Kingdom_Pack/Meshes/Railing05_b11.FBX;Universal Render Pipeline/Lit;_BaseMap;;;
Assets/Art/World/Fantasy_Kingdom_Pack/Meshes/Railing05_b12.FBX;Universal Render Pipeline/Lit;_BaseMap;;;
Assets/Art/World/Fantasy_Kingdom_Pack/Meshes/Railing05_b13.FBX;Universal Render Pipeline/Lit;_BaseMap;;;
Assets/Art/World/Fantasy_Kingdom_Pack/Meshes/Railing05_b14.FBX;Universal Render Pipeline/Lit;_BaseMap;;;
Assets/Art/World/Fantasy_Kingdom_Pack/Meshes/Railing06_a01.FBX;Universal Render Pipeline/Lit;_BaseMap;;;
Assets/Art/World/Fantasy_Kingdom_Pack/Meshes/Railing06_a02.FBX;Universal Render Pipeline/Lit;_BaseMap;;;
Assets/Art/World/Fantasy_Kingdom_Pack/Meshes/Railing06_a03.FBX;Universal Render Pipeline/Lit;_BaseMap;;;
Assets/Art/World/Fantasy_Kingdom_Pack/Meshes/Railing07_a01.FBX;Universal Render Pipeline/Lit;_BaseMap;;;
Assets/Art/World/Fantasy_Kingdom_Pack/Meshes/Railing07_b01.FBX;Universal Render Pipeline/Lit;_BaseMap;;;
Assets/Art/World/Fantasy_Kingdom_Pack/Meshes/Railing07_c01.FBX;Universal Render Pipeline/Lit;_BaseMap;;;
Assets/Art/World/Fantasy_Kingdom_Pack/Meshes/Railing07_d01.FBX;Universal Render Pipeline/Lit;_BaseMap;;;
Assets/Art/World/Fantasy_Kingdom_Pack/Meshes/Railing07_e01.FBX;Universal Render Pipeline/Lit;_BaseMap;;;
Assets/Art/World/Fantasy_Kingdom_Pack/Meshes/Railing07_f01.FBX;Universal Render Pipeline/Lit;_BaseMap;;;
Assets/Art/World/Fantasy_Kingdom_Pack/Meshes/Railing07_g01.FBX;Universal Render Pipeline/Lit;_BaseMap;;;
Assets/Art/World/Fantasy_Kingdom_Pack/Meshes/Railing08_a01.FBX;Universal Render Pipeline/Lit;_BaseMap;;;
Assets/Art/World/Fantasy_Kingdom_Pack/Meshes/Railing08_a02.FBX;Universal Render Pipeline/Lit;_BaseMap;;;
Assets/Art/World/Fantasy_Kingdom_Pack/Meshes/Railing08_a03.FBX;Universal Render Pipeline/Lit;_BaseMap;;;
Assets/Art/World/Fantasy_Kingdom_Pack/Meshes/Railing08_a04.FBX;Universal Render Pipeline/Lit;_BaseMap;;;
Assets/Art/World/Fantasy_Kingdom_Pack/Meshes/Railing08_a05.FBX;Universal Render Pipeline/Lit;_BaseMap;;;
Assets/Art/World/Fantasy_Kingdom_Pack/Meshes/Railing08_a06.FBX;Universal Render Pipeline/Lit;_BaseMap;;;
Assets/Art/World/Fantasy_Kingdom_Pack/Meshes/Railing08_a07.FBX;Universal Render Pipeline/Lit;_BaseMap;;;
Assets/Art/World/Fantasy_Kingdom_Pack/Meshes/Railing08_a08.FBX;Universal Render Pipeline/Lit;_BaseMap;;;
Assets/Art/World/Fantasy_Kingdom_Pack/Meshes/Railing09_a01.FBX;Universal Render Pipeline/Lit;_BaseMap;;;
Assets/Art/World/Fantasy_Kingdom_Pack/Meshes/Railing09_a02.FBX;Universal Render Pipeline/Lit;_BaseMap;;;
Assets/Art/World/Fantasy_Kingdom_Pack/Meshes/Railing09_a03.FBX;Universal Render Pipeline/Lit;_BaseMap;;;
Assets/Art/World/Fantasy_Kingdom_Pack/Meshes/Railing09_a04.FBX;Universal Render Pipeline/Lit;_BaseMap;;;
Assets/Art/World/Fantasy_Kingdom_Pack/Meshes/Railing09_a05.FBX;Universal Render Pipeline/Lit;_BaseMap;;;
Assets/Art/World/Fantasy_Kingdom_Pack/Meshes/Railing09_a06.FBX;Universal Render Pipeline/Lit;_BaseMap;;;
Assets/Art/World/Fantasy_Kingdom_Pack/Meshes/Railing10_a01.FBX;Universal Render Pipeline/Lit;_BaseMap;;;
Assets/Art/World/Fantasy_Kingdom_Pack/Meshes/Railing10_a02.FBX;Universal Render Pipeline/Lit;_BaseMap;;;
Assets/Art/World/Fantasy_Kingdom_Pack/Meshes/Railing10_a03.FBX;Universal Render Pipeline/Lit;_BaseMap;;;
Assets/Art/World/Fantasy_Kingdom_Pack/Meshes/Railing10_a04.FBX;Universal Render Pipeline/Lit;_BaseMap;;;
Assets/Art/World/Fantasy_Kingdom_Pack/Meshes/Railing10_a05.FBX;Universal Render Pipeline/Lit;_BaseMap;;;
Assets/Art/World/Fantasy_Kingdom_Pack/Meshes/Railing10_a06.FBX;Universal Render Pipeline/Lit;_BaseMap;;;
Assets/Art/World/Fantasy_Kingdom_Pack/Meshes/Railing10_a07.FBX;Universal Render Pipeline/Lit;_BaseMap;;;
Assets/Art/World/Fantasy_Kingdom_Pack/Meshes/Railing10_b01.FBX;Universal Render Pipeline/Lit;_BaseMap;;;
Assets/Art/World/Fantasy_Kingdom_Pack/Meshes/Railing10_b02.FBX;Universal Render Pipeline/Lit;_BaseMap;;;
Assets/Art/World/Fantasy_Kingdom_Pack/Meshes/Railing10_b03.FBX;Universal Render Pipeline/Lit;_BaseMap;;;
Assets/Art/World/Fantasy_Kingdom_Pack/Meshes/Railing10_b04.FBX;Universal Render Pipeline/Lit;_BaseMap;;;
Assets/Art/World/Fantasy_Kingdom_Pack/Meshes/Railing10_b05.FBX;Universal Render Pipeline/Lit;_BaseMap;;;
Assets/Art/World/Fantasy_Kingdom_Pack/Meshes/Railing10_b06.FBX;Universal Render Pipeline/Lit;_BaseMap;;;
Assets/Art/World/Fantasy_Kingdom_Pack/Meshes/Railing10_b07.FBX;Universal Render Pipeline/Lit;_BaseMap;;;
Assets/Art/World/Fantasy_Kingdom_Pack/Meshes/Railing11_a01.FBX;Universal Render Pipeline/Lit;_BaseMap;;;
Assets/Art/World/Fantasy_Kingdom_Pack/Meshes/Railing11_a02.FBX;Universal Render Pipeline/Lit;_BaseMap;;;
Assets/Art/World/Fantasy_Kingdom_Pack/Meshes/Railing11_b01.FBX;Universal Render Pipeline/Lit;_BaseMap;;;
Assets/Art/World/Fantasy_Kingdom_Pack/Meshes/Railing11_b02.FBX;Universal Render Pipeline/Lit;_BaseMap;;;
Assets/Art/World/Fantasy_Kingdom_Pack/Meshes/Ring01_a01.FBX;Universal Render Pipeline/Lit;_BaseMap;;;
Assets/Art/World/Fantasy_Kingdom_Pack/Meshes/Rock01_a01.FBX;Universal Render Pipeline/Lit;_BaseMap;;;
Assets/Art/World/Fantasy_Kingdom_Pack/Meshes/Rock01_a02.FBX;Universal Render Pipeline/Lit;_BaseMap;;;
Assets/Art/World/Fantasy_Kingdom_Pack/Meshes/Rock01_a03.FBX;Universal Render Pipeline/Lit;_BaseMap;;;
Assets/Art/World/Fantasy_Kingdom_Pack/Meshes/Rock01_a04.FBX;Universal Render Pipeline/Lit;_BaseMap;;;
Assets/Art/World/Fantasy_Kingdom_Pack/Meshes/Rock01_a05.FBX;Universal Render Pipeline/Lit;_BaseMap;;;
Assets/Art/World/Fantasy_Kingdom_Pack/Meshes/Rock01_a06.FBX;Universal Render Pipeline/Lit;_BaseMap;;;
Assets/Art/World/Fantasy_Kingdom_Pack/Meshes/Rock01_a07.FBX;Universal Render Pipeline/Lit;_BaseMap;;;
Assets/Art/World/Fantasy_Kingdom_Pack/Meshes/Rock01_a08.FBX;Universal Render Pipeline/Lit;_BaseMap;;;
Assets/Art/World/Fantasy_Kingdom_Pack/Meshes/Rock01_a09.FBX;Universal Render Pipeline/Lit;_BaseMap;;;
Assets/Art/World/Fantasy_Kingdom_Pack/Meshes/Rock01_a10.FBX;Universal Render Pipeline/Lit;_BaseMap;;;
Assets/Art/World/Fantasy_Kingdom_Pack/Meshes/Rock01_a11.FBX;Universal Render Pipeline/Lit;_BaseMap;;;
Assets/Art/World/Fantasy_Kingdom_Pack/Meshes/Rock01_a12.FBX;Universal Render Pipeline/Lit;_BaseMap;;;
Assets/Art/World/Fantasy_Kingdom_Pack/Meshes/Rock02_a01.FBX;Universal Render Pipeline/Lit;_BaseMap;;;
Assets/Art/World/Fantasy_Kingdom_Pack/Meshes/Rock02_a02.FBX;Universal Render Pipeline/Lit;_BaseMap;;;
Assets/Art/World/Fantasy_Kingdom_Pack/Meshes/Rock02_a03.FBX;Universal Render Pipeline/Lit;_BaseMap;;;
Assets/Art/World/Fantasy_Kingdom_Pack/Meshes/Rock02_a04.FBX;Universal Render Pipeline/Lit;_BaseMap;;;
Assets/Art/World/Fantasy_Kingdom_Pack/Meshes/Rock02_a05.FBX;Universal Render Pipeline/Lit;_BaseMap;;;
Assets/Art/World/Fantasy_Kingdom_Pack/Meshes/Rock02_a06.FBX;Universal Render Pipeline/Lit;_BaseMap;;;
Assets/Art/World/Fantasy_Kingdom_Pack/Meshes/Rock02_a07.FBX;Universal Render Pipeline/Lit;_BaseMap;;;
Assets/Art/World/Fantasy_Kingdom_Pack/Meshes/Rock02_a08.FBX;Universal Render Pipeline/Lit;_BaseMap;;;
Assets/Art/World/Fantasy_Kingdom_Pack/Meshes/Rock02_a09.FBX;Universal Render Pipeline/Lit;_BaseMap;;;
Assets/Art/World/Fantasy_Kingdom_Pack/Meshes/Rock02_a10.FBX;Universal Render Pipeline/Lit;_BaseMap;;;
Assets/Art/World/Fantasy_Kingdom_Pack/Meshes/Rock02_a11.FBX;Universal Render Pipeline/Lit;_BaseMap;;;
Assets/Art/World/Fantasy_Kingdom_Pack/Meshes/Rock02_a12.FBX;Universal Render Pipeline/Lit;_BaseMap;;;
Assets/Art/World/Fantasy_Kingdom_Pack/Meshes/Rock03_a01.FBX;Universal Render Pipeline/Lit;_BaseMap;;;
Assets/Art/World/Fantasy_Kingdom_Pack/Meshes/Rock03_a02.FBX;Universal Render Pipeline/Lit;_BaseMap;;;
Assets/Art/World/Fantasy_Kingdom_Pack/Meshes/Rock03_a03.FBX;Universal Render Pipeline/Lit;_BaseMap;;;
Assets/Art/World/Fantasy_Kingdom_Pack/Meshes/Rock03_a04.FBX;Universal Render Pipeline/Lit;_BaseMap;;;
Assets/Art/World/Fantasy_Kingdom_Pack/Meshes/Rock03_a05.FBX;Universal Render Pipeline/Lit;_BaseMap;;;
Assets/Art/World/Fantasy_Kingdom_Pack/Meshes/Rock03_a06.FBX;Universal Render Pipeline/Lit;_BaseMap;;;
Assets/Art/World/Fantasy_Kingdom_Pack/Meshes/Rock03_a07.FBX;Universal Render Pipeline/Lit;_BaseMap;;;
Assets/Art/World/Fantasy_Kingdom_Pack/Meshes/Rock03_a08.FBX;Universal Render Pipeline/Lit;_BaseMap;;;
Assets/Art/World/Fantasy_Kingdom_Pack/Meshes/Rock03_a09.FBX;Universal Render Pipeline/Lit;_BaseMap;;;
Assets/Art/World/Fantasy_Kingdom_Pack/Meshes/Rock04_a01.FBX;Universal Render Pipeline/Lit;_BaseMap;;;
Assets/Art/World/Fantasy_Kingdom_Pack/Meshes/Rock04_a02.FBX;Universal Render Pipeline/Lit;_BaseMap;;;
Assets/Art/World/Fantasy_Kingdom_Pack/Meshes/Rock04_a03.FBX;Universal Render Pipeline/Lit;_BaseMap;;;
Assets/Art/World/Fantasy_Kingdom_Pack/Meshes/Rock04_a04.FBX;Universal Render Pipeline/Lit;_BaseMap;;;
Assets/Art/World/Fantasy_Kingdom_Pack/Meshes/Rock04_a05.FBX;Universal Render Pipeline/Lit;_BaseMap;;;
Assets/Art/World/Fantasy_Kingdom_Pack/Meshes/Rock04_a06.FBX;Universal Render Pipeline/Lit;_BaseMap;;;
Assets/Art/World/Fantasy_Kingdom_Pack/Meshes/Rock04_a07.FBX;Universal Render Pipeline/Lit;_BaseMap;;;
Assets/Art/World/Fantasy_Kingdom_Pack/Meshes/Rock04_a08.FBX;Universal Render Pipeline/Lit;_BaseMap;;;
Assets/Art/World/Fantasy_Kingdom_Pack/Meshes/Rock04_a09.FBX;Universal Render Pipeline/Lit;_BaseMap;;;
Assets/Art/World/Fantasy_Kingdom_Pack/Meshes/Room01_a01.FBX;Universal Render Pipeline/Lit;_BaseMap;;;
Assets/Art/World/Fantasy_Kingdom_Pack/Meshes/Room01_b01.FBX;Universal Render Pipeline/Lit;_BaseMap;;;
Assets/Art/World/Fantasy_Kingdom_Pack/Meshes/Room01_c01.FBX;Universal Render Pipeline/Lit;_BaseMap;;;
Assets/Art/World/Fantasy_Kingdom_Pack/Meshes/Room01_d01.FBX;Universal Render Pipeline/Lit;_BaseMap;;;
Assets/Art/World/Fantasy_Kingdom_Pack/Meshes/Room01_e01.FBX;Universal Render Pipeline/Lit;_BaseMap;;;
Assets/Art/World/Fantasy_Kingdom_Pack/Meshes/Room01_f01.FBX;Universal Render Pipeline/Lit;_BaseMap;;;
Assets/Art/World/Fantasy_Kingdom_Pack/Meshes/Room01_g01.FBX;Universal Render Pipeline/Lit;_BaseMap;;;
Assets/Art/World/Fantasy_Kingdom_Pack/Meshes/Room01_h01.FBX;Universal Render Pipeline/Lit;_BaseMap;;;
Assets/Art/World/Fantasy_Kingdom_Pack/Meshes/Room02_a01.FBX;Universal Render Pipeline/Lit;_BaseMap;;;
Assets/Art/World/Fantasy_Kingdom_Pack/Meshes/Room02_b01.FBX;Universal Render Pipeline/Lit;_BaseMap;;;
Assets/Art/World/Fantasy_Kingdom_Pack/Meshes/Room02_c01.FBX;Universal Render Pipeline/Lit;_BaseMap;;;
Assets/Art/World/Fantasy_Kingdom_Pack/Meshes/Room02_d01.FBX;Universal Render Pipeline/Lit;_BaseMap;;;
Assets/Art/World/Fantasy_Kingdom_Pack/Meshes/Room02_e01.FBX;Universal Render Pipeline/Lit;_BaseMap;;;
Assets/Art/World/Fantasy_Kingdom_Pack/Meshes/Room02_f01.FBX;Universal Render Pipeline/Lit;_BaseMap;;;
Assets/Art/World/Fantasy_Kingdom_Pack/Meshes/Room02_g01.FBX;Universal Render Pipeline/Lit;_BaseMap;;;
Assets/Art/World/Fantasy_Kingdom_Pack/Meshes/Room02_h01.FBX;Universal Render Pipeline/Lit;_BaseMap;;;
Assets/Art/World/Fantasy_Kingdom_Pack/Meshes/Room03_a01.FBX;Universal Render Pipeline/Lit;_BaseMap;;;
Assets/Art/World/Fantasy_Kingdom_Pack/Meshes/Room03_b01.FBX;Universal Render Pipeline/Lit;_BaseMap;;;
Assets/Art/World/Fantasy_Kingdom_Pack/Meshes/Room03_c01.FBX;Universal Render Pipeline/Lit;_BaseMap;;;
Assets/Art/World/Fantasy_Kingdom_Pack/Meshes/Room03_d01.FBX;Universal Render Pipeline/Lit;_BaseMap;;;
Assets/Art/World/Fantasy_Kingdom_Pack/Meshes/Room03_e01.FBX;Universal Render Pipeline/Lit;_BaseMap;;;
Assets/Art/World/Fantasy_Kingdom_Pack/Meshes/Room03_f01.FBX;Universal Render Pipeline/Lit;_BaseMap;;;
Assets/Art/World/Fantasy_Kingdom_Pack/Meshes/Room03_g01.FBX;Universal Render Pipeline/Lit;_BaseMap;;;
Assets/Art/World/Fantasy_Kingdom_Pack/Meshes/Room03_h01.FBX;Universal Render Pipeline/Lit;_BaseMap;;;
Assets/Art/World/Fantasy_Kingdom_Pack/Meshes/Room04_a01.FBX;Universal Render Pipeline/Lit;_BaseMap;;;
Assets/Art/World/Fantasy_Kingdom_Pack/Meshes/Room04_b01.FBX;Universal Render Pipeline/Lit;_BaseMap;;;
Assets/Art/World/Fantasy_Kingdom_Pack/Meshes/Room04_c01.FBX;Universal Render Pipeline/Lit;_BaseMap;;;
Assets/Art/World/Fantasy_Kingdom_Pack/Meshes/Room04_d01.FBX;Universal Render Pipeline/Lit;_BaseMap;;;
Assets/Art/World/Fantasy_Kingdom_Pack/Meshes/Room04_e01.FBX;Universal Render Pipeline/Lit;_BaseMap;;;
Assets/Art/World/Fantasy_Kingdom_Pack/Meshes/Room04_f01.FBX;Universal Render Pipeline/Lit;_BaseMap;;;
Assets/Art/World/Fantasy_Kingdom_Pack/Meshes/Room04_g01.FBX;Universal Render Pipeline/Lit;_BaseMap;;;
Assets/Art/World/Fantasy_Kingdom_Pack/Meshes/Room04_h01.FBX;Universal Render Pipeline/Lit;_BaseMap;;;
Assets/Art/World/Fantasy_Kingdom_Pack/Meshes/Rope01_a01.FBX;Universal Render Pipeline/Lit;_BaseMap;;;
Assets/Art/World/Fantasy_Kingdom_Pack/Meshes/Rope01_a02.FBX;Universal Render Pipeline/Lit;_BaseMap;;;
Assets/Art/World/Fantasy_Kingdom_Pack/Meshes/Rope01_a03.FBX;Universal Render Pipeline/Lit;_BaseMap;;;
Assets/Art/World/Fantasy_Kingdom_Pack/Meshes/Rudder01_a01.FBX;Universal Render Pipeline/Lit;_BaseMap;;;
Assets/Art/World/Fantasy_Kingdom_Pack/Meshes/Saw01_a01.FBX;Universal Render Pipeline/Lit;_BaseMap;;;
Assets/Art/World/Fantasy_Kingdom_Pack/Meshes/Saw01_b01.FBX;Universal Render Pipeline/Lit;_BaseMap;;;
Assets/Art/World/Fantasy_Kingdom_Pack/Meshes/Scarecrow01_a01.FBX;Universal Render Pipeline/Lit;_BaseMap;;;
Assets/Art/World/Fantasy_Kingdom_Pack/Meshes/Scroll01_a01.FBX;Universal Render Pipeline/Lit;_BaseMap;;;
Assets/Art/World/Fantasy_Kingdom_Pack/Meshes/Shelf01_a01.FBX;Universal Render Pipeline/Lit;_BaseMap;;;
Assets/Art/World/Fantasy_Kingdom_Pack/Meshes/Shelf01_a02.FBX;Universal Render Pipeline/Lit;_BaseMap;;;
Assets/Art/World/Fantasy_Kingdom_Pack/Meshes/Shelf01_a03.FBX;Universal Render Pipeline/Lit;_BaseMap;;;
Assets/Art/World/Fantasy_Kingdom_Pack/Meshes/Ship01_a01.FBX;Universal Render Pipeline/Lit;_BaseMap;;;
Assets/Art/World/Fantasy_Kingdom_Pack/Meshes/Ship01_a02.FBX;Universal Render Pipeline/Lit;_BaseMap;;;
Assets/Art/World/Fantasy_Kingdom_Pack/Meshes/Ship01_a03.FBX;Universal Render Pipeline/Lit;_BaseMap;;;
Assets/Art/World/Fantasy_Kingdom_Pack/Meshes/Ship01_a04.FBX;Universal Render Pipeline/Lit;_BaseMap;;;
Assets/Art/World/Fantasy_Kingdom_Pack/Meshes/Ship01_a05.FBX;Universal Render Pipeline/Lit;_BaseMap;;;
Assets/Art/World/Fantasy_Kingdom_Pack/Meshes/Shop_sign01_a01.FBX;Universal Render Pipeline/Lit;_BaseMap;;;
Assets/Art/World/Fantasy_Kingdom_Pack/Meshes/Shop_sign01_a02.FBX;Universal Render Pipeline/Lit;_BaseMap;;;
Assets/Art/World/Fantasy_Kingdom_Pack/Meshes/Shop_sign01_a03.FBX;Universal Render Pipeline/Lit;_BaseMap;;;
Assets/Art/World/Fantasy_Kingdom_Pack/Meshes/Shop_sign01_a04.FBX;Universal Render Pipeline/Lit;_BaseMap;;;
Assets/Art/World/Fantasy_Kingdom_Pack/Meshes/Shop_sign01_a05.FBX;Universal Render Pipeline/Lit;_BaseMap;;;
Assets/Art/World/Fantasy_Kingdom_Pack/Meshes/Shop_sign01_a06.FBX;Universal Render Pipeline/Lit;_BaseMap;;;
Assets/Art/World/Fantasy_Kingdom_Pack/Meshes/Shop_sign01_a07.FBX;Universal Render Pipeline/Lit;_BaseMap;;;
Assets/Art/World/Fantasy_Kingdom_Pack/Meshes/Shop_sign01_a08.FBX;Universal Render Pipeline/Lit;_BaseMap;;;
Assets/Art/World/Fantasy_Kingdom_Pack/Meshes/Shop_sign01_a09.FBX;Universal Render Pipeline/Lit;_BaseMap;;;
Assets/Art/World/Fantasy_Kingdom_Pack/Meshes/Shop_sign01_a10.FBX;Universal Render Pipeline/Lit;_BaseMap;;;
Assets/Art/World/Fantasy_Kingdom_Pack/Meshes/Shop_sign01_b01.FBX;Universal Render Pipeline/Lit;_BaseMap;;;
Assets/Art/World/Fantasy_Kingdom_Pack/Meshes/Shop_sign01_b02.FBX;Universal Render Pipeline/Lit;_BaseMap;;;
Assets/Art/World/Fantasy_Kingdom_Pack/Meshes/Shop_sign01_b03.FBX;Universal Render Pipeline/Lit;_BaseMap;;;
Assets/Art/World/Fantasy_Kingdom_Pack/Meshes/Shop_sign01_b04.FBX;Universal Render Pipeline/Lit;_BaseMap;;;
Assets/Art/World/Fantasy_Kingdom_Pack/Meshes/Shop_sign01_b05.FBX;Universal Render Pipeline/Lit;_BaseMap;;;
Assets/Art/World/Fantasy_Kingdom_Pack/Meshes/Shop_sign01_b06.FBX;Universal Render Pipeline/Lit;_BaseMap;;;
Assets/Art/World/Fantasy_Kingdom_Pack/Meshes/Shop_sign01_b07.FBX;Universal Render Pipeline/Lit;_BaseMap;;;
Assets/Art/World/Fantasy_Kingdom_Pack/Meshes/Shop_sign01_b08.FBX;Universal Render Pipeline/Lit;_BaseMap;;;
Assets/Art/World/Fantasy_Kingdom_Pack/Meshes/Shop_sign01_b09.FBX;Universal Render Pipeline/Lit;_BaseMap;;;
Assets/Art/World/Fantasy_Kingdom_Pack/Meshes/Shop_sign01_b10.FBX;Universal Render Pipeline/Lit;_BaseMap;;;
Assets/Art/World/Fantasy_Kingdom_Pack/Meshes/Shop_sign01_c01.FBX;Universal Render Pipeline/Lit;_BaseMap;;;
Assets/Art/World/Fantasy_Kingdom_Pack/Meshes/Shop_sign01_c02.FBX;Universal Render Pipeline/Lit;_BaseMap;;;
Assets/Art/World/Fantasy_Kingdom_Pack/Meshes/Shop_sign01_c03.FBX;Universal Render Pipeline/Lit;_BaseMap;;;
Assets/Art/World/Fantasy_Kingdom_Pack/Meshes/Shop_sign01_c04.FBX;Universal Render Pipeline/Lit;_BaseMap;;;
Assets/Art/World/Fantasy_Kingdom_Pack/Meshes/Shop_sign01_c05.FBX;Universal Render Pipeline/Lit;_BaseMap;;;
Assets/Art/World/Fantasy_Kingdom_Pack/Meshes/Shop_sign01_c06.FBX;Universal Render Pipeline/Lit;_BaseMap;;;
Assets/Art/World/Fantasy_Kingdom_Pack/Meshes/Shop_sign01_c07.FBX;Universal Render Pipeline/Lit;_BaseMap;;;
Assets/Art/World/Fantasy_Kingdom_Pack/Meshes/Shop_sign01_c08.FBX;Universal Render Pipeline/Lit;_BaseMap;;;
Assets/Art/World/Fantasy_Kingdom_Pack/Meshes/Shop_sign01_c09.FBX;Universal Render Pipeline/Lit;_BaseMap;;;
Assets/Art/World/Fantasy_Kingdom_Pack/Meshes/Shop_sign01_c10.FBX;Universal Render Pipeline/Lit;_BaseMap;;;
Assets/Art/World/Fantasy_Kingdom_Pack/Meshes/Shop_sign01_d01.FBX;Universal Render Pipeline/Lit;_BaseMap;;;
Assets/Art/World/Fantasy_Kingdom_Pack/Meshes/Shop_sign01_d02.FBX;Universal Render Pipeline/Lit;_BaseMap;;;
Assets/Art/World/Fantasy_Kingdom_Pack/Meshes/Shop_sign01_d03.FBX;Universal Render Pipeline/Lit;_BaseMap;;;
Assets/Art/World/Fantasy_Kingdom_Pack/Meshes/Shop_sign01_d04.FBX;Universal Render Pipeline/Lit;_BaseMap;;;
Assets/Art/World/Fantasy_Kingdom_Pack/Meshes/Shop_sign01_d05.FBX;Universal Render Pipeline/Lit;_BaseMap;;;
Assets/Art/World/Fantasy_Kingdom_Pack/Meshes/Shop_sign01_d06.FBX;Universal Render Pipeline/Lit;_BaseMap;;;
Assets/Art/World/Fantasy_Kingdom_Pack/Meshes/Shop_sign01_d07.FBX;Universal Render Pipeline/Lit;_BaseMap;;;
Assets/Art/World/Fantasy_Kingdom_Pack/Meshes/Shop_sign01_d08.FBX;Universal Render Pipeline/Lit;_BaseMap;;;
Assets/Art/World/Fantasy_Kingdom_Pack/Meshes/Shop_sign01_d09.FBX;Universal Render Pipeline/Lit;_BaseMap;;;
Assets/Art/World/Fantasy_Kingdom_Pack/Meshes/Shop_sign01_d10.FBX;Universal Render Pipeline/Lit;_BaseMap;;;
Assets/Art/World/Fantasy_Kingdom_Pack/Meshes/Shop_sign01_e01.FBX;Universal Render Pipeline/Lit;_BaseMap;;;
Assets/Art/World/Fantasy_Kingdom_Pack/Meshes/Shop_sign01_e02.FBX;Universal Render Pipeline/Lit;_BaseMap;;;
Assets/Art/World/Fantasy_Kingdom_Pack/Meshes/Shop_sign01_e03.FBX;Universal Render Pipeline/Lit;_BaseMap;;;
Assets/Art/World/Fantasy_Kingdom_Pack/Meshes/Shop_sign01_e04.FBX;Universal Render Pipeline/Lit;_BaseMap;;;
Assets/Art/World/Fantasy_Kingdom_Pack/Meshes/Shop_sign01_e05.FBX;Universal Render Pipeline/Lit;_BaseMap;;;
Assets/Art/World/Fantasy_Kingdom_Pack/Meshes/Shop_sign01_e06.FBX;Universal Render Pipeline/Lit;_BaseMap;;;
Assets/Art/World/Fantasy_Kingdom_Pack/Meshes/Shop_sign01_e07.FBX;Universal Render Pipeline/Lit;_BaseMap;;;
Assets/Art/World/Fantasy_Kingdom_Pack/Meshes/Shop_sign01_e08.FBX;Universal Render Pipeline/Lit;_BaseMap;;;
Assets/Art/World/Fantasy_Kingdom_Pack/Meshes/Shop_sign01_e09.FBX;Universal Render Pipeline/Lit;_BaseMap;;;
Assets/Art/World/Fantasy_Kingdom_Pack/Meshes/Shop_sign01_e10.FBX;Universal Render Pipeline/Lit;_BaseMap;;;
Assets/Art/World/Fantasy_Kingdom_Pack/Meshes/Shop_sign01_f01.FBX;Universal Render Pipeline/Lit;_BaseMap;;;
Assets/Art/World/Fantasy_Kingdom_Pack/Meshes/Shop_sign01_f02.FBX;Universal Render Pipeline/Lit;_BaseMap;;;
Assets/Art/World/Fantasy_Kingdom_Pack/Meshes/Shop_sign01_f03.FBX;Universal Render Pipeline/Lit;_BaseMap;;;
Assets/Art/World/Fantasy_Kingdom_Pack/Meshes/Shop_sign01_f04.FBX;Universal Render Pipeline/Lit;_BaseMap;;;
Assets/Art/World/Fantasy_Kingdom_Pack/Meshes/Shop_sign01_f05.FBX;Universal Render Pipeline/Lit;_BaseMap;;;
Assets/Art/World/Fantasy_Kingdom_Pack/Meshes/Shop_sign01_f06.FBX;Universal Render Pipeline/Lit;_BaseMap;;;
Assets/Art/World/Fantasy_Kingdom_Pack/Meshes/Shop_sign01_f07.FBX;Universal Render Pipeline/Lit;_BaseMap;;;
Assets/Art/World/Fantasy_Kingdom_Pack/Meshes/Shop_sign01_f08.FBX;Universal Render Pipeline/Lit;_BaseMap;;;
Assets/Art/World/Fantasy_Kingdom_Pack/Meshes/Shop_sign01_f09.FBX;Universal Render Pipeline/Lit;_BaseMap;;;
Assets/Art/World/Fantasy_Kingdom_Pack/Meshes/Shop_sign01_f10.FBX;Universal Render Pipeline/Lit;_BaseMap;;;
Assets/Art/World/Fantasy_Kingdom_Pack/Meshes/Shop_sign01_g01.FBX;Universal Render Pipeline/Lit;_BaseMap;;;
Assets/Art/World/Fantasy_Kingdom_Pack/Meshes/Shop_sign01_g02.FBX;Universal Render Pipeline/Lit;_BaseMap;;;
Assets/Art/World/Fantasy_Kingdom_Pack/Meshes/Shop_sign01_g03.FBX;Universal Render Pipeline/Lit;_BaseMap;;;
Assets/Art/World/Fantasy_Kingdom_Pack/Meshes/Shop_sign01_g04.FBX;Universal Render Pipeline/Lit;_BaseMap;;;
Assets/Art/World/Fantasy_Kingdom_Pack/Meshes/Shop_sign01_g05.FBX;Universal Render Pipeline/Lit;_BaseMap;;;
Assets/Art/World/Fantasy_Kingdom_Pack/Meshes/Shop_sign01_g06.FBX;Universal Render Pipeline/Lit;_BaseMap;;;
Assets/Art/World/Fantasy_Kingdom_Pack/Meshes/Shop_sign01_g07.FBX;Universal Render Pipeline/Lit;_BaseMap;;;
Assets/Art/World/Fantasy_Kingdom_Pack/Meshes/Shop_sign01_g08.FBX;Universal Render Pipeline/Lit;_BaseMap;;;
Assets/Art/World/Fantasy_Kingdom_Pack/Meshes/Shop_sign01_g09.FBX;Universal Render Pipeline/Lit;_BaseMap;;;
Assets/Art/World/Fantasy_Kingdom_Pack/Meshes/Shop_sign01_g10.FBX;Universal Render Pipeline/Lit;_BaseMap;;;
Assets/Art/World/Fantasy_Kingdom_Pack/Meshes/Shop_sign02_a01.FBX;Universal Render Pipeline/Lit;_BaseMap;;;
Assets/Art/World/Fantasy_Kingdom_Pack/Meshes/Shop_sign02_a02.FBX;Universal Render Pipeline/Lit;_BaseMap;;;
Assets/Art/World/Fantasy_Kingdom_Pack/Meshes/Shop_sign02_a03.FBX;Universal Render Pipeline/Lit;_BaseMap;;;
Assets/Art/World/Fantasy_Kingdom_Pack/Meshes/Shop_sign02_a04.FBX;Universal Render Pipeline/Lit;_BaseMap;;;
Assets/Art/World/Fantasy_Kingdom_Pack/Meshes/Shop_sign02_a05.FBX;Universal Render Pipeline/Lit;_BaseMap;;;
Assets/Art/World/Fantasy_Kingdom_Pack/Meshes/Shop_sign02_a06.FBX;Universal Render Pipeline/Lit;_BaseMap;;;
Assets/Art/World/Fantasy_Kingdom_Pack/Meshes/Shop_sign02_a07.FBX;Universal Render Pipeline/Lit;_BaseMap;;;
Assets/Art/World/Fantasy_Kingdom_Pack/Meshes/Shop_sign02_a08.FBX;Universal Render Pipeline/Lit;_BaseMap;;;
Assets/Art/World/Fantasy_Kingdom_Pack/Meshes/Shop_sign02_a09.FBX;Universal Render Pipeline/Lit;_BaseMap;;;
Assets/Art/World/Fantasy_Kingdom_Pack/Meshes/Shop_sign02_a10.FBX;Universal Render Pipeline/Lit;_BaseMap;;;
Assets/Art/World/Fantasy_Kingdom_Pack/Meshes/Shop_sign02_b01.FBX;Universal Render Pipeline/Lit;_BaseMap;;;
Assets/Art/World/Fantasy_Kingdom_Pack/Meshes/Shop_sign02_b02.FBX;Universal Render Pipeline/Lit;_BaseMap;;;
Assets/Art/World/Fantasy_Kingdom_Pack/Meshes/Shop_sign02_b03.FBX;Universal Render Pipeline/Lit;_BaseMap;;;
Assets/Art/World/Fantasy_Kingdom_Pack/Meshes/Shop_sign02_b04.FBX;Universal Render Pipeline/Lit;_BaseMap;;;
Assets/Art/World/Fantasy_Kingdom_Pack/Meshes/Shop_sign02_b05.FBX;Universal Render Pipeline/Lit;_BaseMap;;;
Assets/Art/World/Fantasy_Kingdom_Pack/Meshes/Shop_sign02_b06.FBX;Universal Render Pipeline/Lit;_BaseMap;;;
Assets/Art/World/Fantasy_Kingdom_Pack/Meshes/Shop_sign02_b07.FBX;Universal Render Pipeline/Lit;_BaseMap;;;
Assets/Art/World/Fantasy_Kingdom_Pack/Meshes/Shop_sign02_b08.FBX;Universal Render Pipeline/Lit;_BaseMap;;;
Assets/Art/World/Fantasy_Kingdom_Pack/Meshes/Shop_sign02_b09.FBX;Universal Render Pipeline/Lit;_BaseMap;;;
Assets/Art/World/Fantasy_Kingdom_Pack/Meshes/Shop_sign02_b10.FBX;Universal Render Pipeline/Lit;_BaseMap;;;
Assets/Art/World/Fantasy_Kingdom_Pack/Meshes/Shop_sign02_c01.FBX;Universal Render Pipeline/Lit;_BaseMap;;;
Assets/Art/World/Fantasy_Kingdom_Pack/Meshes/Shop_sign02_c02.FBX;Universal Render Pipeline/Lit;_BaseMap;;;
Assets/Art/World/Fantasy_Kingdom_Pack/Meshes/Shop_sign02_c03.FBX;Universal Render Pipeline/Lit;_BaseMap;;;
Assets/Art/World/Fantasy_Kingdom_Pack/Meshes/Shop_sign02_c04.FBX;Universal Render Pipeline/Lit;_BaseMap;;;
Assets/Art/World/Fantasy_Kingdom_Pack/Meshes/Shop_sign02_c05.FBX;Universal Render Pipeline/Lit;_BaseMap;;;
Assets/Art/World/Fantasy_Kingdom_Pack/Meshes/Shop_sign02_c06.FBX;Universal Render Pipeline/Lit;_BaseMap;;;
Assets/Art/World/Fantasy_Kingdom_Pack/Meshes/Shop_sign02_c07.FBX;Universal Render Pipeline/Lit;_BaseMap;;;
Assets/Art/World/Fantasy_Kingdom_Pack/Meshes/Shop_sign02_c08.FBX;Universal Render Pipeline/Lit;_BaseMap;;;
Assets/Art/World/Fantasy_Kingdom_Pack/Meshes/Shop_sign02_c09.FBX;Universal Render Pipeline/Lit;_BaseMap;;;
Assets/Art/World/Fantasy_Kingdom_Pack/Meshes/Shop_sign02_c10.FBX;Universal Render Pipeline/Lit;_BaseMap;;;
Assets/Art/World/Fantasy_Kingdom_Pack/Meshes/Shop_sign02_d01.FBX;Universal Render Pipeline/Lit;_BaseMap;;;
Assets/Art/World/Fantasy_Kingdom_Pack/Meshes/Shop_sign02_d02.FBX;Universal Render Pipeline/Lit;_BaseMap;;;
Assets/Art/World/Fantasy_Kingdom_Pack/Meshes/Shop_sign02_d03.FBX;Universal Render Pipeline/Lit;_BaseMap;;;
Assets/Art/World/Fantasy_Kingdom_Pack/Meshes/Shop_sign02_d04.FBX;Universal Render Pipeline/Lit;_BaseMap;;;
Assets/Art/World/Fantasy_Kingdom_Pack/Meshes/Shop_sign02_d05.FBX;Universal Render Pipeline/Lit;_BaseMap;;;
Assets/Art/World/Fantasy_Kingdom_Pack/Meshes/Shop_sign02_d06.FBX;Universal Render Pipeline/Lit;_BaseMap;;;
Assets/Art/World/Fantasy_Kingdom_Pack/Meshes/Shop_sign02_d07.FBX;Universal Render Pipeline/Lit;_BaseMap;;;
Assets/Art/World/Fantasy_Kingdom_Pack/Meshes/Shop_sign02_d08.FBX;Universal Render Pipeline/Lit;_BaseMap;;;
Assets/Art/World/Fantasy_Kingdom_Pack/Meshes/Shop_sign02_d09.FBX;Universal Render Pipeline/Lit;_BaseMap;;;
Assets/Art/World/Fantasy_Kingdom_Pack/Meshes/Shop_sign02_d10.FBX;Universal Render Pipeline/Lit;_BaseMap;;;
Assets/Art/World/Fantasy_Kingdom_Pack/Meshes/Shop_sign02_e01.FBX;Universal Render Pipeline/Lit;_BaseMap;;;
Assets/Art/World/Fantasy_Kingdom_Pack/Meshes/Shop_sign02_e02.FBX;Universal Render Pipeline/Lit;_BaseMap;;;
Assets/Art/World/Fantasy_Kingdom_Pack/Meshes/Shop_sign02_e03.FBX;Universal Render Pipeline/Lit;_BaseMap;;;
Assets/Art/World/Fantasy_Kingdom_Pack/Meshes/Shop_sign02_e04.FBX;Universal Render Pipeline/Lit;_BaseMap;;;
Assets/Art/World/Fantasy_Kingdom_Pack/Meshes/Shop_sign02_e05.FBX;Universal Render Pipeline/Lit;_BaseMap;;;
Assets/Art/World/Fantasy_Kingdom_Pack/Meshes/Shop_sign02_e06.FBX;Universal Render Pipeline/Lit;_BaseMap;;;
Assets/Art/World/Fantasy_Kingdom_Pack/Meshes/Shop_sign02_e07.FBX;Universal Render Pipeline/Lit;_BaseMap;;;
Assets/Art/World/Fantasy_Kingdom_Pack/Meshes/Shop_sign02_e08.FBX;Universal Render Pipeline/Lit;_BaseMap;;;
Assets/Art/World/Fantasy_Kingdom_Pack/Meshes/Shop_sign02_e09.FBX;Universal Render Pipeline/Lit;_BaseMap;;;
Assets/Art/World/Fantasy_Kingdom_Pack/Meshes/Shop_sign02_e10.FBX;Universal Render Pipeline/Lit;_BaseMap;;;
Assets/Art/World/Fantasy_Kingdom_Pack/Meshes/Shop_sign02_f01.FBX;Universal Render Pipeline/Lit;_BaseMap;;;
Assets/Art/World/Fantasy_Kingdom_Pack/Meshes/Shop_sign02_f02.FBX;Universal Render Pipeline/Lit;_BaseMap;;;
Assets/Art/World/Fantasy_Kingdom_Pack/Meshes/Shop_sign02_f03.FBX;Universal Render Pipeline/Lit;_BaseMap;;;
Assets/Art/World/Fantasy_Kingdom_Pack/Meshes/Shop_sign02_f04.FBX;Universal Render Pipeline/Lit;_BaseMap;;;
Assets/Art/World/Fantasy_Kingdom_Pack/Meshes/Shop_sign02_f05.FBX;Universal Render Pipeline/Lit;_BaseMap;;;
Assets/Art/World/Fantasy_Kingdom_Pack/Meshes/Shop_sign02_f06.FBX;Universal Render Pipeline/Lit;_BaseMap;;;
Assets/Art/World/Fantasy_Kingdom_Pack/Meshes/Shop_sign02_f07.FBX;Universal Render Pipeline/Lit;_BaseMap;;;
Assets/Art/World/Fantasy_Kingdom_Pack/Meshes/Shop_sign02_f08.FBX;Universal Render Pipeline/Lit;_BaseMap;;;
Assets/Art/World/Fantasy_Kingdom_Pack/Meshes/Shop_sign02_f09.FBX;Universal Render Pipeline/Lit;_BaseMap;;;
Assets/Art/World/Fantasy_Kingdom_Pack/Meshes/Shop_sign02_f10.FBX;Universal Render Pipeline/Lit;_BaseMap;;;
Assets/Art/World/Fantasy_Kingdom_Pack/Meshes/Shop_sign02_g01.FBX;Universal Render Pipeline/Lit;_BaseMap;;;
Assets/Art/World/Fantasy_Kingdom_Pack/Meshes/Shop_sign02_g02.FBX;Universal Render Pipeline/Lit;_BaseMap;;;
Assets/Art/World/Fantasy_Kingdom_Pack/Meshes/Shop_sign02_g03.FBX;Universal Render Pipeline/Lit;_BaseMap;;;
Assets/Art/World/Fantasy_Kingdom_Pack/Meshes/Shop_sign02_g04.FBX;Universal Render Pipeline/Lit;_BaseMap;;;
Assets/Art/World/Fantasy_Kingdom_Pack/Meshes/Shop_sign02_g05.FBX;Universal Render Pipeline/Lit;_BaseMap;;;
Assets/Art/World/Fantasy_Kingdom_Pack/Meshes/Shop_sign02_g06.FBX;Universal Render Pipeline/Lit;_BaseMap;;;
Assets/Art/World/Fantasy_Kingdom_Pack/Meshes/Shop_sign02_g07.FBX;Universal Render Pipeline/Lit;_BaseMap;;;
Assets/Art/World/Fantasy_Kingdom_Pack/Meshes/Shop_sign02_g08.FBX;Universal Render Pipeline/Lit;_BaseMap;;;
Assets/Art/World/Fantasy_Kingdom_Pack/Meshes/Shop_sign02_g09.FBX;Universal Render Pipeline/Lit;_BaseMap;;;
Assets/Art/World/Fantasy_Kingdom_Pack/Meshes/Shop_sign02_g10.FBX;Universal Render Pipeline/Lit;_BaseMap;;;
Assets/Art/World/Fantasy_Kingdom_Pack/Meshes/Shop_sign03_a01.FBX;Universal Render Pipeline/Lit;_BaseMap;;;
Assets/Art/World/Fantasy_Kingdom_Pack/Meshes/Shop_sign03_a02.FBX;Universal Render Pipeline/Lit;_BaseMap;;;
Assets/Art/World/Fantasy_Kingdom_Pack/Meshes/Shop_sign03_a03.FBX;Universal Render Pipeline/Lit;_BaseMap;;;
Assets/Art/World/Fantasy_Kingdom_Pack/Meshes/Shop_sign03_a04.FBX;Universal Render Pipeline/Lit;_BaseMap;;;
Assets/Art/World/Fantasy_Kingdom_Pack/Meshes/Shop_sign03_a05.FBX;Universal Render Pipeline/Lit;_BaseMap;;;
Assets/Art/World/Fantasy_Kingdom_Pack/Meshes/Shop_sign03_a06.FBX;Universal Render Pipeline/Lit;_BaseMap;;;
Assets/Art/World/Fantasy_Kingdom_Pack/Meshes/Shop_sign03_a07.FBX;Universal Render Pipeline/Lit;_BaseMap;;;
Assets/Art/World/Fantasy_Kingdom_Pack/Meshes/Shop_sign03_a08.FBX;Universal Render Pipeline/Lit;_BaseMap;;;
Assets/Art/World/Fantasy_Kingdom_Pack/Meshes/Shop_sign03_a09.FBX;Universal Render Pipeline/Lit;_BaseMap;;;
Assets/Art/World/Fantasy_Kingdom_Pack/Meshes/Shop_sign03_a10.FBX;Universal Render Pipeline/Lit;_BaseMap;;;
Assets/Art/World/Fantasy_Kingdom_Pack/Meshes/Shop_sign03_b01.FBX;Universal Render Pipeline/Lit;_BaseMap;;;
Assets/Art/World/Fantasy_Kingdom_Pack/Meshes/Shop_sign03_b02.FBX;Universal Render Pipeline/Lit;_BaseMap;;;
Assets/Art/World/Fantasy_Kingdom_Pack/Meshes/Shop_sign03_b03.FBX;Universal Render Pipeline/Lit;_BaseMap;;;
Assets/Art/World/Fantasy_Kingdom_Pack/Meshes/Shop_sign03_b04.FBX;Universal Render Pipeline/Lit;_BaseMap;;;
Assets/Art/World/Fantasy_Kingdom_Pack/Meshes/Shop_sign03_b05.FBX;Universal Render Pipeline/Lit;_BaseMap;;;
Assets/Art/World/Fantasy_Kingdom_Pack/Meshes/Shop_sign03_b06.FBX;Universal Render Pipeline/Lit;_BaseMap;;;
Assets/Art/World/Fantasy_Kingdom_Pack/Meshes/Shop_sign03_b07.FBX;Universal Render Pipeline/Lit;_BaseMap;;;
Assets/Art/World/Fantasy_Kingdom_Pack/Meshes/Shop_sign03_b08.FBX;Universal Render Pipeline/Lit;_BaseMap;;;
Assets/Art/World/Fantasy_Kingdom_Pack/Meshes/Shop_sign03_b09.FBX;Universal Render Pipeline/Lit;_BaseMap;;;
Assets/Art/World/Fantasy_Kingdom_Pack/Meshes/Shop_sign03_b10.FBX;Universal Render Pipeline/Lit;_BaseMap;;;
Assets/Art/World/Fantasy_Kingdom_Pack/Meshes/Shop_sign03_c01.FBX;Universal Render Pipeline/Lit;_BaseMap;;;
Assets/Art/World/Fantasy_Kingdom_Pack/Meshes/Shop_sign03_c02.FBX;Universal Render Pipeline/Lit;_BaseMap;;;
Assets/Art/World/Fantasy_Kingdom_Pack/Meshes/Shop_sign03_c03.FBX;Universal Render Pipeline/Lit;_BaseMap;;;
Assets/Art/World/Fantasy_Kingdom_Pack/Meshes/Shop_sign03_c04.FBX;Universal Render Pipeline/Lit;_BaseMap;;;
Assets/Art/World/Fantasy_Kingdom_Pack/Meshes/Shop_sign03_c05.FBX;Universal Render Pipeline/Lit;_BaseMap;;;
Assets/Art/World/Fantasy_Kingdom_Pack/Meshes/Shop_sign03_c06.FBX;Universal Render Pipeline/Lit;_BaseMap;;;
Assets/Art/World/Fantasy_Kingdom_Pack/Meshes/Shop_sign03_c07.FBX;Universal Render Pipeline/Lit;_BaseMap;;;
Assets/Art/World/Fantasy_Kingdom_Pack/Meshes/Shop_sign03_c08.FBX;Universal Render Pipeline/Lit;_BaseMap;;;
Assets/Art/World/Fantasy_Kingdom_Pack/Meshes/Shop_sign03_c09.FBX;Universal Render Pipeline/Lit;_BaseMap;;;
Assets/Art/World/Fantasy_Kingdom_Pack/Meshes/Shop_sign03_c10.FBX;Universal Render Pipeline/Lit;_BaseMap;;;
Assets/Art/World/Fantasy_Kingdom_Pack/Meshes/Shop_sign03_d01.FBX;Universal Render Pipeline/Lit;_BaseMap;;;
Assets/Art/World/Fantasy_Kingdom_Pack/Meshes/Shop_sign03_d02.FBX;Universal Render Pipeline/Lit;_BaseMap;;;
Assets/Art/World/Fantasy_Kingdom_Pack/Meshes/Shop_sign03_d03.FBX;Universal Render Pipeline/Lit;_BaseMap;;;
Assets/Art/World/Fantasy_Kingdom_Pack/Meshes/Shop_sign03_d04.FBX;Universal Render Pipeline/Lit;_BaseMap;;;
Assets/Art/World/Fantasy_Kingdom_Pack/Meshes/Shop_sign03_d05.FBX;Universal Render Pipeline/Lit;_BaseMap;;;
Assets/Art/World/Fantasy_Kingdom_Pack/Meshes/Shop_sign03_d06.FBX;Universal Render Pipeline/Lit;_BaseMap;;;
Assets/Art/World/Fantasy_Kingdom_Pack/Meshes/Shop_sign03_d07.FBX;Universal Render Pipeline/Lit;_BaseMap;;;
Assets/Art/World/Fantasy_Kingdom_Pack/Meshes/Shop_sign03_d08.FBX;Universal Render Pipeline/Lit;_BaseMap;;;
Assets/Art/World/Fantasy_Kingdom_Pack/Meshes/Shop_sign03_d09.FBX;Universal Render Pipeline/Lit;_BaseMap;;;
Assets/Art/World/Fantasy_Kingdom_Pack/Meshes/Shop_sign03_d10.FBX;Universal Render Pipeline/Lit;_BaseMap;;;
Assets/Art/World/Fantasy_Kingdom_Pack/Meshes/Shop_sign03_e01.FBX;Universal Render Pipeline/Lit;_BaseMap;;;
Assets/Art/World/Fantasy_Kingdom_Pack/Meshes/Shop_sign03_e02.FBX;Universal Render Pipeline/Lit;_BaseMap;;;
Assets/Art/World/Fantasy_Kingdom_Pack/Meshes/Shop_sign03_e03.FBX;Universal Render Pipeline/Lit;_BaseMap;;;
Assets/Art/World/Fantasy_Kingdom_Pack/Meshes/Shop_sign03_e04.FBX;Universal Render Pipeline/Lit;_BaseMap;;;
Assets/Art/World/Fantasy_Kingdom_Pack/Meshes/Shop_sign03_e05.FBX;Universal Render Pipeline/Lit;_BaseMap;;;
Assets/Art/World/Fantasy_Kingdom_Pack/Meshes/Shop_sign03_e06.FBX;Universal Render Pipeline/Lit;_BaseMap;;;
Assets/Art/World/Fantasy_Kingdom_Pack/Meshes/Shop_sign03_e07.FBX;Universal Render Pipeline/Lit;_BaseMap;;;
Assets/Art/World/Fantasy_Kingdom_Pack/Meshes/Shop_sign03_e08.FBX;Universal Render Pipeline/Lit;_BaseMap;;;
Assets/Art/World/Fantasy_Kingdom_Pack/Meshes/Shop_sign03_e09.FBX;Universal Render Pipeline/Lit;_BaseMap;;;
Assets/Art/World/Fantasy_Kingdom_Pack/Meshes/Shop_sign03_e10.FBX;Universal Render Pipeline/Lit;_BaseMap;;;
Assets/Art/World/Fantasy_Kingdom_Pack/Meshes/Shop_sign03_f01.FBX;Universal Render Pipeline/Lit;_BaseMap;;;
Assets/Art/World/Fantasy_Kingdom_Pack/Meshes/Shop_sign03_f02.FBX;Universal Render Pipeline/Lit;_BaseMap;;;
Assets/Art/World/Fantasy_Kingdom_Pack/Meshes/Shop_sign03_f03.FBX;Universal Render Pipeline/Lit;_BaseMap;;;
Assets/Art/World/Fantasy_Kingdom_Pack/Meshes/Shop_sign03_f04.FBX;Universal Render Pipeline/Lit;_BaseMap;;;
Assets/Art/World/Fantasy_Kingdom_Pack/Meshes/Shop_sign03_f05.FBX;Universal Render Pipeline/Lit;_BaseMap;;;
Assets/Art/World/Fantasy_Kingdom_Pack/Meshes/Shop_sign03_f06.FBX;Universal Render Pipeline/Lit;_BaseMap;;;
Assets/Art/World/Fantasy_Kingdom_Pack/Meshes/Shop_sign03_f07.FBX;Universal Render Pipeline/Lit;_BaseMap;;;
Assets/Art/World/Fantasy_Kingdom_Pack/Meshes/Shop_sign03_f08.FBX;Universal Render Pipeline/Lit;_BaseMap;;;
Assets/Art/World/Fantasy_Kingdom_Pack/Meshes/Shop_sign03_f09.FBX;Universal Render Pipeline/Lit;_BaseMap;;;
Assets/Art/World/Fantasy_Kingdom_Pack/Meshes/Shop_sign03_f10.FBX;Universal Render Pipeline/Lit;_BaseMap;;;
Assets/Art/World/Fantasy_Kingdom_Pack/Meshes/Shop_sign03_g01.FBX;Universal Render Pipeline/Lit;_BaseMap;;;
Assets/Art/World/Fantasy_Kingdom_Pack/Meshes/Shop_sign03_g02.FBX;Universal Render Pipeline/Lit;_BaseMap;;;
Assets/Art/World/Fantasy_Kingdom_Pack/Meshes/Shop_sign03_g03.FBX;Universal Render Pipeline/Lit;_BaseMap;;;
Assets/Art/World/Fantasy_Kingdom_Pack/Meshes/Shop_sign03_g04.FBX;Universal Render Pipeline/Lit;_BaseMap;;;
Assets/Art/World/Fantasy_Kingdom_Pack/Meshes/Shop_sign03_g05.FBX;Universal Render Pipeline/Lit;_BaseMap;;;
Assets/Art/World/Fantasy_Kingdom_Pack/Meshes/Shop_sign03_g06.FBX;Universal Render Pipeline/Lit;_BaseMap;;;
Assets/Art/World/Fantasy_Kingdom_Pack/Meshes/Shop_sign03_g07.FBX;Universal Render Pipeline/Lit;_BaseMap;;;
Assets/Art/World/Fantasy_Kingdom_Pack/Meshes/Shop_sign03_g08.FBX;Universal Render Pipeline/Lit;_BaseMap;;;
Assets/Art/World/Fantasy_Kingdom_Pack/Meshes/Shop_sign03_g09.FBX;Universal Render Pipeline/Lit;_BaseMap;;;
Assets/Art/World/Fantasy_Kingdom_Pack/Meshes/Shop_sign03_g10.FBX;Universal Render Pipeline/Lit;_BaseMap;;;
Assets/Art/World/Fantasy_Kingdom_Pack/Meshes/Shop_sign04_a01.FBX;Universal Render Pipeline/Lit;_BaseMap;;;
Assets/Art/World/Fantasy_Kingdom_Pack/Meshes/Shop_sign04_a02.FBX;Universal Render Pipeline/Lit;_BaseMap;;;
Assets/Art/World/Fantasy_Kingdom_Pack/Meshes/Shop_sign04_a03.FBX;Universal Render Pipeline/Lit;_BaseMap;;;
Assets/Art/World/Fantasy_Kingdom_Pack/Meshes/Shop_sign04_a04.FBX;Universal Render Pipeline/Lit;_BaseMap;;;
Assets/Art/World/Fantasy_Kingdom_Pack/Meshes/Shop_sign04_a05.FBX;Universal Render Pipeline/Lit;_BaseMap;;;
Assets/Art/World/Fantasy_Kingdom_Pack/Meshes/Shop_sign04_a06.FBX;Universal Render Pipeline/Lit;_BaseMap;;;
Assets/Art/World/Fantasy_Kingdom_Pack/Meshes/Shop_sign04_a07.FBX;Universal Render Pipeline/Lit;_BaseMap;;;
Assets/Art/World/Fantasy_Kingdom_Pack/Meshes/Shop_sign04_a08.FBX;Universal Render Pipeline/Lit;_BaseMap;;;
Assets/Art/World/Fantasy_Kingdom_Pack/Meshes/Shop_sign04_a09.FBX;Universal Render Pipeline/Lit;_BaseMap;;;
Assets/Art/World/Fantasy_Kingdom_Pack/Meshes/Shop_sign04_a10.FBX;Universal Render Pipeline/Lit;_BaseMap;;;
Assets/Art/World/Fantasy_Kingdom_Pack/Meshes/Shop_sign04_b01.FBX;Universal Render Pipeline/Lit;_BaseMap;;;
Assets/Art/World/Fantasy_Kingdom_Pack/Meshes/Shop_sign04_b02.FBX;Universal Render Pipeline/Lit;_BaseMap;;;
Assets/Art/World/Fantasy_Kingdom_Pack/Meshes/Shop_sign04_b03.FBX;Universal Render Pipeline/Lit;_BaseMap;;;
Assets/Art/World/Fantasy_Kingdom_Pack/Meshes/Shop_sign04_b04.FBX;Universal Render Pipeline/Lit;_BaseMap;;;
Assets/Art/World/Fantasy_Kingdom_Pack/Meshes/Shop_sign04_b05.FBX;Universal Render Pipeline/Lit;_BaseMap;;;
Assets/Art/World/Fantasy_Kingdom_Pack/Meshes/Shop_sign04_b06.FBX;Universal Render Pipeline/Lit;_BaseMap;;;
Assets/Art/World/Fantasy_Kingdom_Pack/Meshes/Shop_sign04_b07.FBX;Universal Render Pipeline/Lit;_BaseMap;;;
Assets/Art/World/Fantasy_Kingdom_Pack/Meshes/Shop_sign04_b08.FBX;Universal Render Pipeline/Lit;_BaseMap;;;
Assets/Art/World/Fantasy_Kingdom_Pack/Meshes/Shop_sign04_b09.FBX;Universal Render Pipeline/Lit;_BaseMap;;;
Assets/Art/World/Fantasy_Kingdom_Pack/Meshes/Shop_sign04_b10.FBX;Universal Render Pipeline/Lit;_BaseMap;;;
Assets/Art/World/Fantasy_Kingdom_Pack/Meshes/Shop_sign04_c01.FBX;Universal Render Pipeline/Lit;_BaseMap;;;
Assets/Art/World/Fantasy_Kingdom_Pack/Meshes/Shop_sign04_c02.FBX;Universal Render Pipeline/Lit;_BaseMap;;;
Assets/Art/World/Fantasy_Kingdom_Pack/Meshes/Shop_sign04_c03.FBX;Universal Render Pipeline/Lit;_BaseMap;;;
Assets/Art/World/Fantasy_Kingdom_Pack/Meshes/Shop_sign04_c04.FBX;Universal Render Pipeline/Lit;_BaseMap;;;
Assets/Art/World/Fantasy_Kingdom_Pack/Meshes/Shop_sign04_c05.FBX;Universal Render Pipeline/Lit;_BaseMap;;;
Assets/Art/World/Fantasy_Kingdom_Pack/Meshes/Shop_sign04_c06.FBX;Universal Render Pipeline/Lit;_BaseMap;;;
Assets/Art/World/Fantasy_Kingdom_Pack/Meshes/Shop_sign04_c07.FBX;Universal Render Pipeline/Lit;_BaseMap;;;
Assets/Art/World/Fantasy_Kingdom_Pack/Meshes/Shop_sign04_c08.FBX;Universal Render Pipeline/Lit;_BaseMap;;;
Assets/Art/World/Fantasy_Kingdom_Pack/Meshes/Shop_sign04_c09.FBX;Universal Render Pipeline/Lit;_BaseMap;;;
Assets/Art/World/Fantasy_Kingdom_Pack/Meshes/Shop_sign04_c10.FBX;Universal Render Pipeline/Lit;_BaseMap;;;
Assets/Art/World/Fantasy_Kingdom_Pack/Meshes/Shop_sign04_d01.FBX;Universal Render Pipeline/Lit;_BaseMap;;;
Assets/Art/World/Fantasy_Kingdom_Pack/Meshes/Shop_sign04_d02.FBX;Universal Render Pipeline/Lit;_BaseMap;;;
Assets/Art/World/Fantasy_Kingdom_Pack/Meshes/Shop_sign04_d03.FBX;Universal Render Pipeline/Lit;_BaseMap;;;
Assets/Art/World/Fantasy_Kingdom_Pack/Meshes/Shop_sign04_d04.FBX;Universal Render Pipeline/Lit;_BaseMap;;;
Assets/Art/World/Fantasy_Kingdom_Pack/Meshes/Shop_sign04_d05.FBX;Universal Render Pipeline/Lit;_BaseMap;;;
Assets/Art/World/Fantasy_Kingdom_Pack/Meshes/Shop_sign04_d06.FBX;Universal Render Pipeline/Lit;_BaseMap;;;
Assets/Art/World/Fantasy_Kingdom_Pack/Meshes/Shop_sign04_d07.FBX;Universal Render Pipeline/Lit;_BaseMap;;;
Assets/Art/World/Fantasy_Kingdom_Pack/Meshes/Shop_sign04_d08.FBX;Universal Render Pipeline/Lit;_BaseMap;;;
Assets/Art/World/Fantasy_Kingdom_Pack/Meshes/Shop_sign04_d09.FBX;Universal Render Pipeline/Lit;_BaseMap;;;
Assets/Art/World/Fantasy_Kingdom_Pack/Meshes/Shop_sign04_d10.FBX;Universal Render Pipeline/Lit;_BaseMap;;;
Assets/Art/World/Fantasy_Kingdom_Pack/Meshes/Shop_sign04_e01.FBX;Universal Render Pipeline/Lit;_BaseMap;;;
Assets/Art/World/Fantasy_Kingdom_Pack/Meshes/Shop_sign04_e02.FBX;Universal Render Pipeline/Lit;_BaseMap;;;
Assets/Art/World/Fantasy_Kingdom_Pack/Meshes/Shop_sign04_e03.FBX;Universal Render Pipeline/Lit;_BaseMap;;;
Assets/Art/World/Fantasy_Kingdom_Pack/Meshes/Shop_sign04_e04.FBX;Universal Render Pipeline/Lit;_BaseMap;;;
Assets/Art/World/Fantasy_Kingdom_Pack/Meshes/Shop_sign04_e05.FBX;Universal Render Pipeline/Lit;_BaseMap;;;
Assets/Art/World/Fantasy_Kingdom_Pack/Meshes/Shop_sign04_e06.FBX;Universal Render Pipeline/Lit;_BaseMap;;;
Assets/Art/World/Fantasy_Kingdom_Pack/Meshes/Shop_sign04_e07.FBX;Universal Render Pipeline/Lit;_BaseMap;;;
Assets/Art/World/Fantasy_Kingdom_Pack/Meshes/Shop_sign04_e08.FBX;Universal Render Pipeline/Lit;_BaseMap;;;
Assets/Art/World/Fantasy_Kingdom_Pack/Meshes/Shop_sign04_e09.FBX;Universal Render Pipeline/Lit;_BaseMap;;;
Assets/Art/World/Fantasy_Kingdom_Pack/Meshes/Shop_sign04_e10.FBX;Universal Render Pipeline/Lit;_BaseMap;;;
Assets/Art/World/Fantasy_Kingdom_Pack/Meshes/Shop_sign04_f01.FBX;Universal Render Pipeline/Lit;_BaseMap;;;
Assets/Art/World/Fantasy_Kingdom_Pack/Meshes/Shop_sign04_f02.FBX;Universal Render Pipeline/Lit;_BaseMap;;;
Assets/Art/World/Fantasy_Kingdom_Pack/Meshes/Shop_sign04_f03.FBX;Universal Render Pipeline/Lit;_BaseMap;;;
Assets/Art/World/Fantasy_Kingdom_Pack/Meshes/Shop_sign04_f04.FBX;Universal Render Pipeline/Lit;_BaseMap;;;
Assets/Art/World/Fantasy_Kingdom_Pack/Meshes/Shop_sign04_f05.FBX;Universal Render Pipeline/Lit;_BaseMap;;;
Assets/Art/World/Fantasy_Kingdom_Pack/Meshes/Shop_sign04_f06.FBX;Universal Render Pipeline/Lit;_BaseMap;;;
Assets/Art/World/Fantasy_Kingdom_Pack/Meshes/Shop_sign04_f07.FBX;Universal Render Pipeline/Lit;_BaseMap;;;
Assets/Art/World/Fantasy_Kingdom_Pack/Meshes/Shop_sign04_f08.FBX;Universal Render Pipeline/Lit;_BaseMap;;;
Assets/Art/World/Fantasy_Kingdom_Pack/Meshes/Shop_sign04_f09.FBX;Universal Render Pipeline/Lit;_BaseMap;;;
Assets/Art/World/Fantasy_Kingdom_Pack/Meshes/Shop_sign04_f10.FBX;Universal Render Pipeline/Lit;_BaseMap;;;
Assets/Art/World/Fantasy_Kingdom_Pack/Meshes/Shop_sign04_g01.FBX;Universal Render Pipeline/Lit;_BaseMap;;;
Assets/Art/World/Fantasy_Kingdom_Pack/Meshes/Shop_sign04_g02.FBX;Universal Render Pipeline/Lit;_BaseMap;;;
Assets/Art/World/Fantasy_Kingdom_Pack/Meshes/Shop_sign04_g03.FBX;Universal Render Pipeline/Lit;_BaseMap;;;
Assets/Art/World/Fantasy_Kingdom_Pack/Meshes/Shop_sign04_g04.FBX;Universal Render Pipeline/Lit;_BaseMap;;;
Assets/Art/World/Fantasy_Kingdom_Pack/Meshes/Shop_sign04_g05.FBX;Universal Render Pipeline/Lit;_BaseMap;;;
Assets/Art/World/Fantasy_Kingdom_Pack/Meshes/Shop_sign04_g06.FBX;Universal Render Pipeline/Lit;_BaseMap;;;
Assets/Art/World/Fantasy_Kingdom_Pack/Meshes/Shop_sign04_g07.FBX;Universal Render Pipeline/Lit;_BaseMap;;;
Assets/Art/World/Fantasy_Kingdom_Pack/Meshes/Shop_sign04_g08.FBX;Universal Render Pipeline/Lit;_BaseMap;;;
Assets/Art/World/Fantasy_Kingdom_Pack/Meshes/Shop_sign04_g09.FBX;Universal Render Pipeline/Lit;_BaseMap;;;
Assets/Art/World/Fantasy_Kingdom_Pack/Meshes/Shop_sign04_g10.FBX;Universal Render Pipeline/Lit;_BaseMap;;;
Assets/Art/World/Fantasy_Kingdom_Pack/Meshes/Shop_sign05_a01.FBX;Universal Render Pipeline/Lit;_BaseMap;;;
Assets/Art/World/Fantasy_Kingdom_Pack/Meshes/Shop_sign05_a02.FBX;Universal Render Pipeline/Lit;_BaseMap;;;
Assets/Art/World/Fantasy_Kingdom_Pack/Meshes/Shop_sign05_a03.FBX;Universal Render Pipeline/Lit;_BaseMap;;;
Assets/Art/World/Fantasy_Kingdom_Pack/Meshes/Shop_sign05_a04.FBX;Universal Render Pipeline/Lit;_BaseMap;;;
Assets/Art/World/Fantasy_Kingdom_Pack/Meshes/Shop_sign05_a05.FBX;Universal Render Pipeline/Lit;_BaseMap;;;
Assets/Art/World/Fantasy_Kingdom_Pack/Meshes/Shop_sign05_a06.FBX;Universal Render Pipeline/Lit;_BaseMap;;;
Assets/Art/World/Fantasy_Kingdom_Pack/Meshes/Shop_sign05_a07.FBX;Universal Render Pipeline/Lit;_BaseMap;;;
Assets/Art/World/Fantasy_Kingdom_Pack/Meshes/Shop_sign05_a08.FBX;Universal Render Pipeline/Lit;_BaseMap;;;
Assets/Art/World/Fantasy_Kingdom_Pack/Meshes/Shop_sign05_a09.FBX;Universal Render Pipeline/Lit;_BaseMap;;;
Assets/Art/World/Fantasy_Kingdom_Pack/Meshes/Shop_sign05_a10.FBX;Universal Render Pipeline/Lit;_BaseMap;;;
Assets/Art/World/Fantasy_Kingdom_Pack/Meshes/Shop_sign05_b01.FBX;Universal Render Pipeline/Lit;_BaseMap;;;
Assets/Art/World/Fantasy_Kingdom_Pack/Meshes/Shop_sign05_b02.FBX;Universal Render Pipeline/Lit;_BaseMap;;;
Assets/Art/World/Fantasy_Kingdom_Pack/Meshes/Shop_sign05_b03.FBX;Universal Render Pipeline/Lit;_BaseMap;;;
Assets/Art/World/Fantasy_Kingdom_Pack/Meshes/Shop_sign05_b04.FBX;Universal Render Pipeline/Lit;_BaseMap;;;
Assets/Art/World/Fantasy_Kingdom_Pack/Meshes/Shop_sign05_b05.FBX;Universal Render Pipeline/Lit;_BaseMap;;;
Assets/Art/World/Fantasy_Kingdom_Pack/Meshes/Shop_sign05_b06.FBX;Universal Render Pipeline/Lit;_BaseMap;;;
Assets/Art/World/Fantasy_Kingdom_Pack/Meshes/Shop_sign05_b07.FBX;Universal Render Pipeline/Lit;_BaseMap;;;
Assets/Art/World/Fantasy_Kingdom_Pack/Meshes/Shop_sign05_b08.FBX;Universal Render Pipeline/Lit;_BaseMap;;;
Assets/Art/World/Fantasy_Kingdom_Pack/Meshes/Shop_sign05_b09.FBX;Universal Render Pipeline/Lit;_BaseMap;;;
Assets/Art/World/Fantasy_Kingdom_Pack/Meshes/Shop_sign05_b10.FBX;Universal Render Pipeline/Lit;_BaseMap;;;
Assets/Art/World/Fantasy_Kingdom_Pack/Meshes/Shop_sign05_c01.FBX;Universal Render Pipeline/Lit;_BaseMap;;;
Assets/Art/World/Fantasy_Kingdom_Pack/Meshes/Shop_sign05_c02.FBX;Universal Render Pipeline/Lit;_BaseMap;;;
Assets/Art/World/Fantasy_Kingdom_Pack/Meshes/Shop_sign05_c03.FBX;Universal Render Pipeline/Lit;_BaseMap;;;
Assets/Art/World/Fantasy_Kingdom_Pack/Meshes/Shop_sign05_c04.FBX;Universal Render Pipeline/Lit;_BaseMap;;;
Assets/Art/World/Fantasy_Kingdom_Pack/Meshes/Shop_sign05_c05.FBX;Universal Render Pipeline/Lit;_BaseMap;;;
Assets/Art/World/Fantasy_Kingdom_Pack/Meshes/Shop_sign05_c06.FBX;Universal Render Pipeline/Lit;_BaseMap;;;
Assets/Art/World/Fantasy_Kingdom_Pack/Meshes/Shop_sign05_c07.FBX;Universal Render Pipeline/Lit;_BaseMap;;;
Assets/Art/World/Fantasy_Kingdom_Pack/Meshes/Shop_sign05_c08.FBX;Universal Render Pipeline/Lit;_BaseMap;;;
Assets/Art/World/Fantasy_Kingdom_Pack/Meshes/Shop_sign05_c09.FBX;Universal Render Pipeline/Lit;_BaseMap;;;
Assets/Art/World/Fantasy_Kingdom_Pack/Meshes/Shop_sign05_c10.FBX;Universal Render Pipeline/Lit;_BaseMap;;;
Assets/Art/World/Fantasy_Kingdom_Pack/Meshes/Shop_sign05_d01.FBX;Universal Render Pipeline/Lit;_BaseMap;;;
Assets/Art/World/Fantasy_Kingdom_Pack/Meshes/Shop_sign05_d02.FBX;Universal Render Pipeline/Lit;_BaseMap;;;
Assets/Art/World/Fantasy_Kingdom_Pack/Meshes/Shop_sign05_d03.FBX;Universal Render Pipeline/Lit;_BaseMap;;;
Assets/Art/World/Fantasy_Kingdom_Pack/Meshes/Shop_sign05_d04.FBX;Universal Render Pipeline/Lit;_BaseMap;;;
Assets/Art/World/Fantasy_Kingdom_Pack/Meshes/Shop_sign05_d05.FBX;Universal Render Pipeline/Lit;_BaseMap;;;
Assets/Art/World/Fantasy_Kingdom_Pack/Meshes/Shop_sign05_d06.FBX;Universal Render Pipeline/Lit;_BaseMap;;;
Assets/Art/World/Fantasy_Kingdom_Pack/Meshes/Shop_sign05_d07.FBX;Universal Render Pipeline/Lit;_BaseMap;;;
Assets/Art/World/Fantasy_Kingdom_Pack/Meshes/Shop_sign05_d08.FBX;Universal Render Pipeline/Lit;_BaseMap;;;
Assets/Art/World/Fantasy_Kingdom_Pack/Meshes/Shop_sign05_d09.FBX;Universal Render Pipeline/Lit;_BaseMap;;;
Assets/Art/World/Fantasy_Kingdom_Pack/Meshes/Shop_sign05_d10.FBX;Universal Render Pipeline/Lit;_BaseMap;;;
Assets/Art/World/Fantasy_Kingdom_Pack/Meshes/Shop_sign05_e01.FBX;Universal Render Pipeline/Lit;_BaseMap;;;
Assets/Art/World/Fantasy_Kingdom_Pack/Meshes/Shop_sign05_e02.FBX;Universal Render Pipeline/Lit;_BaseMap;;;
Assets/Art/World/Fantasy_Kingdom_Pack/Meshes/Shop_sign05_e03.FBX;Universal Render Pipeline/Lit;_BaseMap;;;
Assets/Art/World/Fantasy_Kingdom_Pack/Meshes/Shop_sign05_e04.FBX;Universal Render Pipeline/Lit;_BaseMap;;;
Assets/Art/World/Fantasy_Kingdom_Pack/Meshes/Shop_sign05_e05.FBX;Universal Render Pipeline/Lit;_BaseMap;;;
Assets/Art/World/Fantasy_Kingdom_Pack/Meshes/Shop_sign05_e06.FBX;Universal Render Pipeline/Lit;_BaseMap;;;
Assets/Art/World/Fantasy_Kingdom_Pack/Meshes/Shop_sign05_e07.FBX;Universal Render Pipeline/Lit;_BaseMap;;;
Assets/Art/World/Fantasy_Kingdom_Pack/Meshes/Shop_sign05_e08.FBX;Universal Render Pipeline/Lit;_BaseMap;;;
Assets/Art/World/Fantasy_Kingdom_Pack/Meshes/Shop_sign05_e09.FBX;Universal Render Pipeline/Lit;_BaseMap;;;
Assets/Art/World/Fantasy_Kingdom_Pack/Meshes/Shop_sign05_e10.FBX;Universal Render Pipeline/Lit;_BaseMap;;;
Assets/Art/World/Fantasy_Kingdom_Pack/Meshes/Shop_sign05_f01.FBX;Universal Render Pipeline/Lit;_BaseMap;;;
Assets/Art/World/Fantasy_Kingdom_Pack/Meshes/Shop_sign05_f02.FBX;Universal Render Pipeline/Lit;_BaseMap;;;
Assets/Art/World/Fantasy_Kingdom_Pack/Meshes/Shop_sign05_f03.FBX;Universal Render Pipeline/Lit;_BaseMap;;;
Assets/Art/World/Fantasy_Kingdom_Pack/Meshes/Shop_sign05_f04.FBX;Universal Render Pipeline/Lit;_BaseMap;;;
Assets/Art/World/Fantasy_Kingdom_Pack/Meshes/Shop_sign05_f05.FBX;Universal Render Pipeline/Lit;_BaseMap;;;
Assets/Art/World/Fantasy_Kingdom_Pack/Meshes/Shop_sign05_f06.FBX;Universal Render Pipeline/Lit;_BaseMap;;;
Assets/Art/World/Fantasy_Kingdom_Pack/Meshes/Shop_sign05_f07.FBX;Universal Render Pipeline/Lit;_BaseMap;;;
Assets/Art/World/Fantasy_Kingdom_Pack/Meshes/Shop_sign05_f08.FBX;Universal Render Pipeline/Lit;_BaseMap;;;
Assets/Art/World/Fantasy_Kingdom_Pack/Meshes/Shop_sign05_f09.FBX;Universal Render Pipeline/Lit;_BaseMap;;;
Assets/Art/World/Fantasy_Kingdom_Pack/Meshes/Shop_sign05_f10.FBX;Universal Render Pipeline/Lit;_BaseMap;;;
Assets/Art/World/Fantasy_Kingdom_Pack/Meshes/Shop_sign05_g01.FBX;Universal Render Pipeline/Lit;_BaseMap;;;
Assets/Art/World/Fantasy_Kingdom_Pack/Meshes/Shop_sign05_g02.FBX;Universal Render Pipeline/Lit;_BaseMap;;;
Assets/Art/World/Fantasy_Kingdom_Pack/Meshes/Shop_sign05_g03.FBX;Universal Render Pipeline/Lit;_BaseMap;;;
Assets/Art/World/Fantasy_Kingdom_Pack/Meshes/Shop_sign05_g04.FBX;Universal Render Pipeline/Lit;_BaseMap;;;
Assets/Art/World/Fantasy_Kingdom_Pack/Meshes/Shop_sign05_g05.FBX;Universal Render Pipeline/Lit;_BaseMap;;;
Assets/Art/World/Fantasy_Kingdom_Pack/Meshes/Shop_sign05_g06.FBX;Universal Render Pipeline/Lit;_BaseMap;;;
Assets/Art/World/Fantasy_Kingdom_Pack/Meshes/Shop_sign05_g07.FBX;Universal Render Pipeline/Lit;_BaseMap;;;
Assets/Art/World/Fantasy_Kingdom_Pack/Meshes/Shop_sign05_g08.FBX;Universal Render Pipeline/Lit;_BaseMap;;;
Assets/Art/World/Fantasy_Kingdom_Pack/Meshes/Shop_sign05_g09.FBX;Universal Render Pipeline/Lit;_BaseMap;;;
Assets/Art/World/Fantasy_Kingdom_Pack/Meshes/Shop_sign05_g10.FBX;Universal Render Pipeline/Lit;_BaseMap;;;
Assets/Art/World/Fantasy_Kingdom_Pack/Meshes/Shop_sign06_a01.FBX;Universal Render Pipeline/Lit;_BaseMap;;;
Assets/Art/World/Fantasy_Kingdom_Pack/Meshes/Shop_sign06_a02.FBX;Universal Render Pipeline/Lit;_BaseMap;;;
Assets/Art/World/Fantasy_Kingdom_Pack/Meshes/Shop_sign06_a03.FBX;Universal Render Pipeline/Lit;_BaseMap;;;
Assets/Art/World/Fantasy_Kingdom_Pack/Meshes/Shop_sign06_a04.FBX;Universal Render Pipeline/Lit;_BaseMap;;;
Assets/Art/World/Fantasy_Kingdom_Pack/Meshes/Shop_sign06_a05.FBX;Universal Render Pipeline/Lit;_BaseMap;;;
Assets/Art/World/Fantasy_Kingdom_Pack/Meshes/Shop_sign06_a06.FBX;Universal Render Pipeline/Lit;_BaseMap;;;
Assets/Art/World/Fantasy_Kingdom_Pack/Meshes/Shop_sign06_a07.FBX;Universal Render Pipeline/Lit;_BaseMap;;;
Assets/Art/World/Fantasy_Kingdom_Pack/Meshes/Shop_sign06_a08.FBX;Universal Render Pipeline/Lit;_BaseMap;;;
Assets/Art/World/Fantasy_Kingdom_Pack/Meshes/Shop_sign06_a09.FBX;Universal Render Pipeline/Lit;_BaseMap;;;
Assets/Art/World/Fantasy_Kingdom_Pack/Meshes/Shop_sign06_a10.FBX;Universal Render Pipeline/Lit;_BaseMap;;;
Assets/Art/World/Fantasy_Kingdom_Pack/Meshes/Shop_sign06_b01.FBX;Universal Render Pipeline/Lit;_BaseMap;;;
Assets/Art/World/Fantasy_Kingdom_Pack/Meshes/Shop_sign06_b02.FBX;Universal Render Pipeline/Lit;_BaseMap;;;
Assets/Art/World/Fantasy_Kingdom_Pack/Meshes/Shop_sign06_b03.FBX;Universal Render Pipeline/Lit;_BaseMap;;;
Assets/Art/World/Fantasy_Kingdom_Pack/Meshes/Shop_sign06_b04.FBX;Universal Render Pipeline/Lit;_BaseMap;;;
Assets/Art/World/Fantasy_Kingdom_Pack/Meshes/Shop_sign06_b05.FBX;Universal Render Pipeline/Lit;_BaseMap;;;
Assets/Art/World/Fantasy_Kingdom_Pack/Meshes/Shop_sign06_b06.FBX;Universal Render Pipeline/Lit;_BaseMap;;;
Assets/Art/World/Fantasy_Kingdom_Pack/Meshes/Shop_sign06_b07.FBX;Universal Render Pipeline/Lit;_BaseMap;;;
Assets/Art/World/Fantasy_Kingdom_Pack/Meshes/Shop_sign06_b08.FBX;Universal Render Pipeline/Lit;_BaseMap;;;
Assets/Art/World/Fantasy_Kingdom_Pack/Meshes/Shop_sign06_b09.FBX;Universal Render Pipeline/Lit;_BaseMap;;;
Assets/Art/World/Fantasy_Kingdom_Pack/Meshes/Shop_sign06_b10.FBX;Universal Render Pipeline/Lit;_BaseMap;;;
Assets/Art/World/Fantasy_Kingdom_Pack/Meshes/Shop_sign06_c01.FBX;Universal Render Pipeline/Lit;_BaseMap;;;
Assets/Art/World/Fantasy_Kingdom_Pack/Meshes/Shop_sign06_c02.FBX;Universal Render Pipeline/Lit;_BaseMap;;;
Assets/Art/World/Fantasy_Kingdom_Pack/Meshes/Shop_sign06_c03.FBX;Universal Render Pipeline/Lit;_BaseMap;;;
Assets/Art/World/Fantasy_Kingdom_Pack/Meshes/Shop_sign06_c04.FBX;Universal Render Pipeline/Lit;_BaseMap;;;
Assets/Art/World/Fantasy_Kingdom_Pack/Meshes/Shop_sign06_c05.FBX;Universal Render Pipeline/Lit;_BaseMap;;;
Assets/Art/World/Fantasy_Kingdom_Pack/Meshes/Shop_sign06_c06.FBX;Universal Render Pipeline/Lit;_BaseMap;;;
Assets/Art/World/Fantasy_Kingdom_Pack/Meshes/Shop_sign06_c07.FBX;Universal Render Pipeline/Lit;_BaseMap;;;
Assets/Art/World/Fantasy_Kingdom_Pack/Meshes/Shop_sign06_c08.FBX;Universal Render Pipeline/Lit;_BaseMap;;;
Assets/Art/World/Fantasy_Kingdom_Pack/Meshes/Shop_sign06_c09.FBX;Universal Render Pipeline/Lit;_BaseMap;;;
Assets/Art/World/Fantasy_Kingdom_Pack/Meshes/Shop_sign06_c10.FBX;Universal Render Pipeline/Lit;_BaseMap;;;
Assets/Art/World/Fantasy_Kingdom_Pack/Meshes/Shop_sign06_d01.FBX;Universal Render Pipeline/Lit;_BaseMap;;;
Assets/Art/World/Fantasy_Kingdom_Pack/Meshes/Shop_sign06_d02.FBX;Universal Render Pipeline/Lit;_BaseMap;;;
Assets/Art/World/Fantasy_Kingdom_Pack/Meshes/Shop_sign06_d03.FBX;Universal Render Pipeline/Lit;_BaseMap;;;
Assets/Art/World/Fantasy_Kingdom_Pack/Meshes/Shop_sign06_d04.FBX;Universal Render Pipeline/Lit;_BaseMap;;;
Assets/Art/World/Fantasy_Kingdom_Pack/Meshes/Shop_sign06_d05.FBX;Universal Render Pipeline/Lit;_BaseMap;;;
Assets/Art/World/Fantasy_Kingdom_Pack/Meshes/Shop_sign06_d06.FBX;Universal Render Pipeline/Lit;_BaseMap;;;
Assets/Art/World/Fantasy_Kingdom_Pack/Meshes/Shop_sign06_d07.FBX;Universal Render Pipeline/Lit;_BaseMap;;;
Assets/Art/World/Fantasy_Kingdom_Pack/Meshes/Shop_sign06_d08.FBX;Universal Render Pipeline/Lit;_BaseMap;;;
Assets/Art/World/Fantasy_Kingdom_Pack/Meshes/Shop_sign06_d09.FBX;Universal Render Pipeline/Lit;_BaseMap;;;
Assets/Art/World/Fantasy_Kingdom_Pack/Meshes/Shop_sign06_d10.FBX;Universal Render Pipeline/Lit;_BaseMap;;;
Assets/Art/World/Fantasy_Kingdom_Pack/Meshes/Shop_sign06_e01.FBX;Universal Render Pipeline/Lit;_BaseMap;;;
Assets/Art/World/Fantasy_Kingdom_Pack/Meshes/Shop_sign06_e02.FBX;Universal Render Pipeline/Lit;_BaseMap;;;
Assets/Art/World/Fantasy_Kingdom_Pack/Meshes/Shop_sign06_e03.FBX;Universal Render Pipeline/Lit;_BaseMap;;;
Assets/Art/World/Fantasy_Kingdom_Pack/Meshes/Shop_sign06_e04.FBX;Universal Render Pipeline/Lit;_BaseMap;;;
Assets/Art/World/Fantasy_Kingdom_Pack/Meshes/Shop_sign06_e05.FBX;Universal Render Pipeline/Lit;_BaseMap;;;
Assets/Art/World/Fantasy_Kingdom_Pack/Meshes/Shop_sign06_e06.FBX;Universal Render Pipeline/Lit;_BaseMap;;;
Assets/Art/World/Fantasy_Kingdom_Pack/Meshes/Shop_sign06_e07.FBX;Universal Render Pipeline/Lit;_BaseMap;;;
Assets/Art/World/Fantasy_Kingdom_Pack/Meshes/Shop_sign06_e08.FBX;Universal Render Pipeline/Lit;_BaseMap;;;
Assets/Art/World/Fantasy_Kingdom_Pack/Meshes/Shop_sign06_e09.FBX;Universal Render Pipeline/Lit;_BaseMap;;;
Assets/Art/World/Fantasy_Kingdom_Pack/Meshes/Shop_sign06_e10.FBX;Universal Render Pipeline/Lit;_BaseMap;;;
Assets/Art/World/Fantasy_Kingdom_Pack/Meshes/Shop_sign06_f01.FBX;Universal Render Pipeline/Lit;_BaseMap;;;
Assets/Art/World/Fantasy_Kingdom_Pack/Meshes/Shop_sign06_f02.FBX;Universal Render Pipeline/Lit;_BaseMap;;;
Assets/Art/World/Fantasy_Kingdom_Pack/Meshes/Shop_sign06_f03.FBX;Universal Render Pipeline/Lit;_BaseMap;;;
Assets/Art/World/Fantasy_Kingdom_Pack/Meshes/Shop_sign06_f04.FBX;Universal Render Pipeline/Lit;_BaseMap;;;
Assets/Art/World/Fantasy_Kingdom_Pack/Meshes/Shop_sign06_f05.FBX;Universal Render Pipeline/Lit;_BaseMap;;;
Assets/Art/World/Fantasy_Kingdom_Pack/Meshes/Shop_sign06_f06.FBX;Universal Render Pipeline/Lit;_BaseMap;;;
Assets/Art/World/Fantasy_Kingdom_Pack/Meshes/Shop_sign06_f07.FBX;Universal Render Pipeline/Lit;_BaseMap;;;
Assets/Art/World/Fantasy_Kingdom_Pack/Meshes/Shop_sign06_f08.FBX;Universal Render Pipeline/Lit;_BaseMap;;;
Assets/Art/World/Fantasy_Kingdom_Pack/Meshes/Shop_sign06_f09.FBX;Universal Render Pipeline/Lit;_BaseMap;;;
Assets/Art/World/Fantasy_Kingdom_Pack/Meshes/Shop_sign06_f10.FBX;Universal Render Pipeline/Lit;_BaseMap;;;
Assets/Art/World/Fantasy_Kingdom_Pack/Meshes/Shop_sign06_g01.FBX;Universal Render Pipeline/Lit;_BaseMap;;;
Assets/Art/World/Fantasy_Kingdom_Pack/Meshes/Shop_sign06_g02.FBX;Universal Render Pipeline/Lit;_BaseMap;;;
Assets/Art/World/Fantasy_Kingdom_Pack/Meshes/Shop_sign06_g03.FBX;Universal Render Pipeline/Lit;_BaseMap;;;
Assets/Art/World/Fantasy_Kingdom_Pack/Meshes/Shop_sign06_g04.FBX;Universal Render Pipeline/Lit;_BaseMap;;;
Assets/Art/World/Fantasy_Kingdom_Pack/Meshes/Shop_sign06_g05.FBX;Universal Render Pipeline/Lit;_BaseMap;;;
Assets/Art/World/Fantasy_Kingdom_Pack/Meshes/Shop_sign06_g06.FBX;Universal Render Pipeline/Lit;_BaseMap;;;
Assets/Art/World/Fantasy_Kingdom_Pack/Meshes/Shop_sign06_g07.FBX;Universal Render Pipeline/Lit;_BaseMap;;;
Assets/Art/World/Fantasy_Kingdom_Pack/Meshes/Shop_sign06_g08.FBX;Universal Render Pipeline/Lit;_BaseMap;;;
Assets/Art/World/Fantasy_Kingdom_Pack/Meshes/Shop_sign06_g09.FBX;Universal Render Pipeline/Lit;_BaseMap;;;
Assets/Art/World/Fantasy_Kingdom_Pack/Meshes/Shop_sign06_g10.FBX;Universal Render Pipeline/Lit;_BaseMap;;;
Assets/Art/World/Fantasy_Kingdom_Pack/Meshes/Shop_sign07_a01.FBX;Universal Render Pipeline/Lit;_BaseMap;;;
Assets/Art/World/Fantasy_Kingdom_Pack/Meshes/Shop_sign07_a02.FBX;Universal Render Pipeline/Lit;_BaseMap;;;
Assets/Art/World/Fantasy_Kingdom_Pack/Meshes/Shop_sign07_a03.FBX;Universal Render Pipeline/Lit;_BaseMap;;;
Assets/Art/World/Fantasy_Kingdom_Pack/Meshes/Shop_sign07_a04.FBX;Universal Render Pipeline/Lit;_BaseMap;;;
Assets/Art/World/Fantasy_Kingdom_Pack/Meshes/Shop_sign07_a05.FBX;Universal Render Pipeline/Lit;_BaseMap;;;
Assets/Art/World/Fantasy_Kingdom_Pack/Meshes/Shop_sign07_a06.FBX;Universal Render Pipeline/Lit;_BaseMap;;;
Assets/Art/World/Fantasy_Kingdom_Pack/Meshes/Shop_sign07_a07.FBX;Universal Render Pipeline/Lit;_BaseMap;;;
Assets/Art/World/Fantasy_Kingdom_Pack/Meshes/Shop_sign07_a08.FBX;Universal Render Pipeline/Lit;_BaseMap;;;
Assets/Art/World/Fantasy_Kingdom_Pack/Meshes/Shop_sign07_a09.FBX;Universal Render Pipeline/Lit;_BaseMap;;;
Assets/Art/World/Fantasy_Kingdom_Pack/Meshes/Shop_sign07_a10.FBX;Universal Render Pipeline/Lit;_BaseMap;;;
Assets/Art/World/Fantasy_Kingdom_Pack/Meshes/Shop_sign07_b01.FBX;Universal Render Pipeline/Lit;_BaseMap;;;
Assets/Art/World/Fantasy_Kingdom_Pack/Meshes/Shop_sign07_b02.FBX;Universal Render Pipeline/Lit;_BaseMap;;;
Assets/Art/World/Fantasy_Kingdom_Pack/Meshes/Shop_sign07_b03.FBX;Universal Render Pipeline/Lit;_BaseMap;;;
Assets/Art/World/Fantasy_Kingdom_Pack/Meshes/Shop_sign07_b04.FBX;Universal Render Pipeline/Lit;_BaseMap;;;
Assets/Art/World/Fantasy_Kingdom_Pack/Meshes/Shop_sign07_b05.FBX;Universal Render Pipeline/Lit;_BaseMap;;;
Assets/Art/World/Fantasy_Kingdom_Pack/Meshes/Shop_sign07_b06.FBX;Universal Render Pipeline/Lit;_BaseMap;;;
Assets/Art/World/Fantasy_Kingdom_Pack/Meshes/Shop_sign07_b07.FBX;Universal Render Pipeline/Lit;_BaseMap;;;
Assets/Art/World/Fantasy_Kingdom_Pack/Meshes/Shop_sign07_b08.FBX;Universal Render Pipeline/Lit;_BaseMap;;;
Assets/Art/World/Fantasy_Kingdom_Pack/Meshes/Shop_sign07_b09.FBX;Universal Render Pipeline/Lit;_BaseMap;;;
Assets/Art/World/Fantasy_Kingdom_Pack/Meshes/Shop_sign07_b10.FBX;Universal Render Pipeline/Lit;_BaseMap;;;
Assets/Art/World/Fantasy_Kingdom_Pack/Meshes/Shop_sign07_c01.FBX;Universal Render Pipeline/Lit;_BaseMap;;;
Assets/Art/World/Fantasy_Kingdom_Pack/Meshes/Shop_sign07_c02.FBX;Universal Render Pipeline/Lit;_BaseMap;;;
Assets/Art/World/Fantasy_Kingdom_Pack/Meshes/Shop_sign07_c03.FBX;Universal Render Pipeline/Lit;_BaseMap;;;
Assets/Art/World/Fantasy_Kingdom_Pack/Meshes/Shop_sign07_c04.FBX;Universal Render Pipeline/Lit;_BaseMap;;;
Assets/Art/World/Fantasy_Kingdom_Pack/Meshes/Shop_sign07_c05.FBX;Universal Render Pipeline/Lit;_BaseMap;;;
Assets/Art/World/Fantasy_Kingdom_Pack/Meshes/Shop_sign07_c06.FBX;Universal Render Pipeline/Lit;_BaseMap;;;
Assets/Art/World/Fantasy_Kingdom_Pack/Meshes/Shop_sign07_c07.FBX;Universal Render Pipeline/Lit;_BaseMap;;;
Assets/Art/World/Fantasy_Kingdom_Pack/Meshes/Shop_sign07_c08.FBX;Universal Render Pipeline/Lit;_BaseMap;;;
Assets/Art/World/Fantasy_Kingdom_Pack/Meshes/Shop_sign07_c09.FBX;Universal Render Pipeline/Lit;_BaseMap;;;
Assets/Art/World/Fantasy_Kingdom_Pack/Meshes/Shop_sign07_c10.FBX;Universal Render Pipeline/Lit;_BaseMap;;;
Assets/Art/World/Fantasy_Kingdom_Pack/Meshes/Shop_sign07_d01.FBX;Universal Render Pipeline/Lit;_BaseMap;;;
Assets/Art/World/Fantasy_Kingdom_Pack/Meshes/Shop_sign07_d02.FBX;Universal Render Pipeline/Lit;_BaseMap;;;
Assets/Art/World/Fantasy_Kingdom_Pack/Meshes/Shop_sign07_d03.FBX;Universal Render Pipeline/Lit;_BaseMap;;;
Assets/Art/World/Fantasy_Kingdom_Pack/Meshes/Shop_sign07_d04.FBX;Universal Render Pipeline/Lit;_BaseMap;;;
Assets/Art/World/Fantasy_Kingdom_Pack/Meshes/Shop_sign07_d05.FBX;Universal Render Pipeline/Lit;_BaseMap;;;
Assets/Art/World/Fantasy_Kingdom_Pack/Meshes/Shop_sign07_d06.FBX;Universal Render Pipeline/Lit;_BaseMap;;;
Assets/Art/World/Fantasy_Kingdom_Pack/Meshes/Shop_sign07_d07.FBX;Universal Render Pipeline/Lit;_BaseMap;;;
Assets/Art/World/Fantasy_Kingdom_Pack/Meshes/Shop_sign07_d08.FBX;Universal Render Pipeline/Lit;_BaseMap;;;
Assets/Art/World/Fantasy_Kingdom_Pack/Meshes/Shop_sign07_d09.FBX;Universal Render Pipeline/Lit;_BaseMap;;;
Assets/Art/World/Fantasy_Kingdom_Pack/Meshes/Shop_sign07_d10.FBX;Universal Render Pipeline/Lit;_BaseMap;;;
Assets/Art/World/Fantasy_Kingdom_Pack/Meshes/Shop_sign07_e01.FBX;Universal Render Pipeline/Lit;_BaseMap;;;
Assets/Art/World/Fantasy_Kingdom_Pack/Meshes/Shop_sign07_e02.FBX;Universal Render Pipeline/Lit;_BaseMap;;;
Assets/Art/World/Fantasy_Kingdom_Pack/Meshes/Shop_sign07_e03.FBX;Universal Render Pipeline/Lit;_BaseMap;;;
Assets/Art/World/Fantasy_Kingdom_Pack/Meshes/Shop_sign07_e04.FBX;Universal Render Pipeline/Lit;_BaseMap;;;
Assets/Art/World/Fantasy_Kingdom_Pack/Meshes/Shop_sign07_e05.FBX;Universal Render Pipeline/Lit;_BaseMap;;;
Assets/Art/World/Fantasy_Kingdom_Pack/Meshes/Shop_sign07_e06.FBX;Universal Render Pipeline/Lit;_BaseMap;;;
Assets/Art/World/Fantasy_Kingdom_Pack/Meshes/Shop_sign07_e07.FBX;Universal Render Pipeline/Lit;_BaseMap;;;
Assets/Art/World/Fantasy_Kingdom_Pack/Meshes/Shop_sign07_e08.FBX;Universal Render Pipeline/Lit;_BaseMap;;;
Assets/Art/World/Fantasy_Kingdom_Pack/Meshes/Shop_sign07_e09.FBX;Universal Render Pipeline/Lit;_BaseMap;;;
Assets/Art/World/Fantasy_Kingdom_Pack/Meshes/Shop_sign07_e10.FBX;Universal Render Pipeline/Lit;_BaseMap;;;
Assets/Art/World/Fantasy_Kingdom_Pack/Meshes/Shop_sign07_f01.FBX;Universal Render Pipeline/Lit;_BaseMap;;;
Assets/Art/World/Fantasy_Kingdom_Pack/Meshes/Shop_sign07_f02.FBX;Universal Render Pipeline/Lit;_BaseMap;;;
Assets/Art/World/Fantasy_Kingdom_Pack/Meshes/Shop_sign07_f03.FBX;Universal Render Pipeline/Lit;_BaseMap;;;
Assets/Art/World/Fantasy_Kingdom_Pack/Meshes/Shop_sign07_f04.FBX;Universal Render Pipeline/Lit;_BaseMap;;;
Assets/Art/World/Fantasy_Kingdom_Pack/Meshes/Shop_sign07_f05.FBX;Universal Render Pipeline/Lit;_BaseMap;;;
Assets/Art/World/Fantasy_Kingdom_Pack/Meshes/Shop_sign07_f06.FBX;Universal Render Pipeline/Lit;_BaseMap;;;
Assets/Art/World/Fantasy_Kingdom_Pack/Meshes/Shop_sign07_f07.FBX;Universal Render Pipeline/Lit;_BaseMap;;;
Assets/Art/World/Fantasy_Kingdom_Pack/Meshes/Shop_sign07_f08.FBX;Universal Render Pipeline/Lit;_BaseMap;;;
Assets/Art/World/Fantasy_Kingdom_Pack/Meshes/Shop_sign07_f09.FBX;Universal Render Pipeline/Lit;_BaseMap;;;
Assets/Art/World/Fantasy_Kingdom_Pack/Meshes/Shop_sign07_f10.FBX;Universal Render Pipeline/Lit;_BaseMap;;;
Assets/Art/World/Fantasy_Kingdom_Pack/Meshes/Shop_sign07_g01.FBX;Universal Render Pipeline/Lit;_BaseMap;;;
Assets/Art/World/Fantasy_Kingdom_Pack/Meshes/Shop_sign07_g02.FBX;Universal Render Pipeline/Lit;_BaseMap;;;
Assets/Art/World/Fantasy_Kingdom_Pack/Meshes/Shop_sign07_g03.FBX;Universal Render Pipeline/Lit;_BaseMap;;;
Assets/Art/World/Fantasy_Kingdom_Pack/Meshes/Shop_sign07_g04.FBX;Universal Render Pipeline/Lit;_BaseMap;;;
Assets/Art/World/Fantasy_Kingdom_Pack/Meshes/Shop_sign07_g05.FBX;Universal Render Pipeline/Lit;_BaseMap;;;
Assets/Art/World/Fantasy_Kingdom_Pack/Meshes/Shop_sign07_g06.FBX;Universal Render Pipeline/Lit;_BaseMap;;;
Assets/Art/World/Fantasy_Kingdom_Pack/Meshes/Shop_sign07_g07.FBX;Universal Render Pipeline/Lit;_BaseMap;;;
Assets/Art/World/Fantasy_Kingdom_Pack/Meshes/Shop_sign07_g08.FBX;Universal Render Pipeline/Lit;_BaseMap;;;
Assets/Art/World/Fantasy_Kingdom_Pack/Meshes/Shop_sign07_g09.FBX;Universal Render Pipeline/Lit;_BaseMap;;;
Assets/Art/World/Fantasy_Kingdom_Pack/Meshes/Shop_sign07_g10.FBX;Universal Render Pipeline/Lit;_BaseMap;;;
Assets/Art/World/Fantasy_Kingdom_Pack/Meshes/Shop_sign08_a01.FBX;Universal Render Pipeline/Lit;_BaseMap;;;
Assets/Art/World/Fantasy_Kingdom_Pack/Meshes/Shop_sign08_a02.FBX;Universal Render Pipeline/Lit;_BaseMap;;;
Assets/Art/World/Fantasy_Kingdom_Pack/Meshes/Shop_sign08_b01.FBX;Universal Render Pipeline/Lit;_BaseMap;;;
Assets/Art/World/Fantasy_Kingdom_Pack/Meshes/Shop_sign08_b02.FBX;Universal Render Pipeline/Lit;_BaseMap;;;
Assets/Art/World/Fantasy_Kingdom_Pack/Meshes/Shop_sign08_b03.FBX;Universal Render Pipeline/Lit;_BaseMap;;;
Assets/Art/World/Fantasy_Kingdom_Pack/Meshes/Shop_sign08_c01.FBX;Universal Render Pipeline/Lit;_BaseMap;;;
Assets/Art/World/Fantasy_Kingdom_Pack/Meshes/Shop_sign08_c02.FBX;Universal Render Pipeline/Lit;_BaseMap;;;
Assets/Art/World/Fantasy_Kingdom_Pack/Meshes/Shop_sign08_c03.FBX;Universal Render Pipeline/Lit;_BaseMap;;;
Assets/Art/World/Fantasy_Kingdom_Pack/Meshes/Shop_sign08_d01.FBX;Universal Render Pipeline/Lit;_BaseMap;;;
Assets/Art/World/Fantasy_Kingdom_Pack/Meshes/Shop_sign08_d02.FBX;Universal Render Pipeline/Lit;_BaseMap;;;
Assets/Art/World/Fantasy_Kingdom_Pack/Meshes/Shop_sign08_d03.FBX;Universal Render Pipeline/Lit;_BaseMap;;;
Assets/Art/World/Fantasy_Kingdom_Pack/Meshes/Shop_sign08_e01.FBX;Universal Render Pipeline/Lit;_BaseMap;;;
Assets/Art/World/Fantasy_Kingdom_Pack/Meshes/Shop_sign08_e02.FBX;Universal Render Pipeline/Lit;_BaseMap;;;
Assets/Art/World/Fantasy_Kingdom_Pack/Meshes/Sign01_a01.FBX;Universal Render Pipeline/Lit;_BaseMap;;;
Assets/Art/World/Fantasy_Kingdom_Pack/Meshes/Sign01_b01.FBX;Universal Render Pipeline/Lit;_BaseMap;;;
Assets/Art/World/Fantasy_Kingdom_Pack/Meshes/Sign02_a01.FBX;Universal Render Pipeline/Lit;_BaseMap;;;
Assets/Art/World/Fantasy_Kingdom_Pack/Meshes/Sign02_b01.FBX;Universal Render Pipeline/Lit;_BaseMap;;;
Assets/Art/World/Fantasy_Kingdom_Pack/Meshes/Sign03_a01.FBX;Universal Render Pipeline/Lit;_BaseMap;;;
Assets/Art/World/Fantasy_Kingdom_Pack/Meshes/Sign03_b01.FBX;Universal Render Pipeline/Lit;_BaseMap;;;
Assets/Art/World/Fantasy_Kingdom_Pack/Meshes/Sign04_a01.FBX;Universal Render Pipeline/Lit;_BaseMap;;;
Assets/Art/World/Fantasy_Kingdom_Pack/Meshes/Sign04_b01.FBX;Universal Render Pipeline/Lit;_BaseMap;;;
Assets/Art/World/Fantasy_Kingdom_Pack/Meshes/Sign05_a01.FBX;Universal Render Pipeline/Lit;_BaseMap;;;
Assets/Art/World/Fantasy_Kingdom_Pack/Meshes/Sign05_b01.FBX;Universal Render Pipeline/Lit;_BaseMap;;;
Assets/Art/World/Fantasy_Kingdom_Pack/Meshes/Sign06_a01.FBX;Universal Render Pipeline/Lit;_BaseMap;;;
Assets/Art/World/Fantasy_Kingdom_Pack/Meshes/Sign06_b01.FBX;Universal Render Pipeline/Lit;_BaseMap;;;
Assets/Art/World/Fantasy_Kingdom_Pack/Meshes/Sign07_a01.FBX;Universal Render Pipeline/Lit;_BaseMap;;;
Assets/Art/World/Fantasy_Kingdom_Pack/Meshes/Sign07_b01.FBX;Universal Render Pipeline/Lit;_BaseMap;;;
Assets/Art/World/Fantasy_Kingdom_Pack/Meshes/Sign08_a01.FBX;Universal Render Pipeline/Lit;_BaseMap;;;
Assets/Art/World/Fantasy_Kingdom_Pack/Meshes/Sign08_b01.FBX;Universal Render Pipeline/Lit;_BaseMap;;;
Assets/Art/World/Fantasy_Kingdom_Pack/Meshes/Sign09_a01.FBX;Universal Render Pipeline/Lit;_BaseMap;;;
Assets/Art/World/Fantasy_Kingdom_Pack/Meshes/Sign09_b01.FBX;Universal Render Pipeline/Lit;_BaseMap;;;
Assets/Art/World/Fantasy_Kingdom_Pack/Meshes/Sign10_a01.FBX;Universal Render Pipeline/Lit;_BaseMap;;;
Assets/Art/World/Fantasy_Kingdom_Pack/Meshes/Sign10_b01.FBX;Universal Render Pipeline/Lit;_BaseMap;;;
Assets/Art/World/Fantasy_Kingdom_Pack/Meshes/Sign11_a01.FBX;Universal Render Pipeline/Lit;_BaseMap;;;
Assets/Art/World/Fantasy_Kingdom_Pack/Meshes/Sign11_b01.FBX;Universal Render Pipeline/Lit;_BaseMap;;;
Assets/Art/World/Fantasy_Kingdom_Pack/Meshes/Sign12_a01.FBX;Universal Render Pipeline/Lit;_BaseMap;;;
Assets/Art/World/Fantasy_Kingdom_Pack/Meshes/Sign12_b01.FBX;Universal Render Pipeline/Lit;_BaseMap;;;
Assets/Art/World/Fantasy_Kingdom_Pack/Meshes/Sign13_a01.FBX;Universal Render Pipeline/Lit;_BaseMap;;;
Assets/Art/World/Fantasy_Kingdom_Pack/Meshes/Sign13_b01.FBX;Universal Render Pipeline/Lit;_BaseMap;;;
Assets/Art/World/Fantasy_Kingdom_Pack/Meshes/Sign14_a01.FBX;Universal Render Pipeline/Lit;_BaseMap;;;
Assets/Art/World/Fantasy_Kingdom_Pack/Meshes/Sign14_b01.FBX;Universal Render Pipeline/Lit;_BaseMap;;;
Assets/Art/World/Fantasy_Kingdom_Pack/Meshes/Sign15_a01.FBX;Universal Render Pipeline/Lit;_BaseMap;;;
Assets/Art/World/Fantasy_Kingdom_Pack/Meshes/Sign15_b01.FBX;Universal Render Pipeline/Lit;_BaseMap;;;
Assets/Art/World/Fantasy_Kingdom_Pack/Meshes/Sign16_a01.FBX;Universal Render Pipeline/Lit;_BaseMap;;;
Assets/Art/World/Fantasy_Kingdom_Pack/Meshes/Sign16_b01.FBX;Universal Render Pipeline/Lit;_BaseMap;;;
Assets/Art/World/Fantasy_Kingdom_Pack/Meshes/Sign17_a01.FBX;Universal Render Pipeline/Lit;_BaseMap;;;
Assets/Art/World/Fantasy_Kingdom_Pack/Meshes/Sign17_b01.FBX;Universal Render Pipeline/Lit;_BaseMap;;;
Assets/Art/World/Fantasy_Kingdom_Pack/Meshes/Sign18_a01.FBX;Universal Render Pipeline/Lit;_BaseMap;;;
Assets/Art/World/Fantasy_Kingdom_Pack/Meshes/Sign18_b01.FBX;Universal Render Pipeline/Lit;_BaseMap;;;
Assets/Art/World/Fantasy_Kingdom_Pack/Meshes/Sign19_a01.FBX;Universal Render Pipeline/Lit;_BaseMap;;;
Assets/Art/World/Fantasy_Kingdom_Pack/Meshes/Sign19_b01.FBX;Universal Render Pipeline/Lit;_BaseMap;;;
Assets/Art/World/Fantasy_Kingdom_Pack/Meshes/Sign20_a01.FBX;Universal Render Pipeline/Lit;_BaseMap;;;
Assets/Art/World/Fantasy_Kingdom_Pack/Meshes/Sign20_b01.FBX;Universal Render Pipeline/Lit;_BaseMap;;;
Assets/Art/World/Fantasy_Kingdom_Pack/Meshes/Sign21_a01.FBX;Universal Render Pipeline/Lit;_BaseMap;;;
Assets/Art/World/Fantasy_Kingdom_Pack/Meshes/Sign21_b01.FBX;Universal Render Pipeline/Lit;_BaseMap;;;
Assets/Art/World/Fantasy_Kingdom_Pack/Meshes/Sign22_a01.FBX;Universal Render Pipeline/Lit;_BaseMap;;;
Assets/Art/World/Fantasy_Kingdom_Pack/Meshes/Sign22_b01.FBX;Universal Render Pipeline/Lit;_BaseMap;;;
Assets/Art/World/Fantasy_Kingdom_Pack/Meshes/Sign23_a01.FBX;Universal Render Pipeline/Lit;_BaseMap;;;
Assets/Art/World/Fantasy_Kingdom_Pack/Meshes/Sign23_b01.FBX;Universal Render Pipeline/Lit;_BaseMap;;;
Assets/Art/World/Fantasy_Kingdom_Pack/Meshes/Sign24_a01.FBX;Universal Render Pipeline/Lit;_BaseMap;;;
Assets/Art/World/Fantasy_Kingdom_Pack/Meshes/Sign24_b01.FBX;Universal Render Pipeline/Lit;_BaseMap;;;
Assets/Art/World/Fantasy_Kingdom_Pack/Meshes/Sign25_a01.FBX;Universal Render Pipeline/Lit;_BaseMap;;;
Assets/Art/World/Fantasy_Kingdom_Pack/Meshes/Sign25_b01.FBX;Universal Render Pipeline/Lit;_BaseMap;;;
Assets/Art/World/Fantasy_Kingdom_Pack/Meshes/Signboard01_a01.FBX;Universal Render Pipeline/Lit;_BaseMap;;;
Assets/Art/World/Fantasy_Kingdom_Pack/Meshes/Signboard02_a01.FBX;Universal Render Pipeline/Lit;_BaseMap;;;
Assets/Art/World/Fantasy_Kingdom_Pack/Meshes/Signpost01_a01.FBX;Universal Render Pipeline/Lit;_BaseMap;;;
Assets/Art/World/Fantasy_Kingdom_Pack/Meshes/Signpost01_a02.FBX;Universal Render Pipeline/Lit;_BaseMap;;;
Assets/Art/World/Fantasy_Kingdom_Pack/Meshes/Signpost01_a03.FBX;Universal Render Pipeline/Lit;_BaseMap;;;
Assets/Art/World/Fantasy_Kingdom_Pack/Meshes/Signpost01_a04.FBX;Universal Render Pipeline/Lit;_BaseMap;;;
Assets/Art/World/Fantasy_Kingdom_Pack/Meshes/Signpost02_a01.FBX;Universal Render Pipeline/Lit;_BaseMap;;;
Assets/Art/World/Fantasy_Kingdom_Pack/Meshes/Signpost02_a02.FBX;Universal Render Pipeline/Lit;_BaseMap;;;
Assets/Art/World/Fantasy_Kingdom_Pack/Meshes/Signpost03_a01.FBX;Universal Render Pipeline/Lit;_BaseMap;;;
Assets/Art/World/Fantasy_Kingdom_Pack/Meshes/Signpost03_a02.FBX;Universal Render Pipeline/Lit;_BaseMap;;;
Assets/Art/World/Fantasy_Kingdom_Pack/Meshes/Skylight01_a01.FBX;Universal Render Pipeline/Lit;_BaseMap;;;
Assets/Art/World/Fantasy_Kingdom_Pack/Meshes/Skylight01_b01.FBX;Universal Render Pipeline/Lit;_BaseMap;;;
Assets/Art/World/Fantasy_Kingdom_Pack/Meshes/Skylight01_c01.FBX;Universal Render Pipeline/Lit;_BaseMap;;;
Assets/Art/World/Fantasy_Kingdom_Pack/Meshes/Skylight01_d01.FBX;Universal Render Pipeline/Lit;_BaseMap;;;
Assets/Art/World/Fantasy_Kingdom_Pack/Meshes/Skylight01_e01.FBX;Universal Render Pipeline/Lit;_BaseMap;;;
Assets/Art/World/Fantasy_Kingdom_Pack/Meshes/Skylight01_f01.FBX;Universal Render Pipeline/Lit;_BaseMap;;;
Assets/Art/World/Fantasy_Kingdom_Pack/Meshes/Smith01_a01.FBX;Universal Render Pipeline/Lit;_BaseMap;;;
Assets/Art/World/Fantasy_Kingdom_Pack/Meshes/Smith02_a01.FBX;Universal Render Pipeline/Lit;_BaseMap;;;
Assets/Art/World/Fantasy_Kingdom_Pack/Meshes/Smith02_b01.FBX;Universal Render Pipeline/Lit;_BaseMap;;;
Assets/Art/World/Fantasy_Kingdom_Pack/Meshes/Smith02_c01.FBX;Universal Render Pipeline/Lit;_BaseMap;;;
Assets/Art/World/Fantasy_Kingdom_Pack/Meshes/Smith02_d01.FBX;Universal Render Pipeline/Lit;_BaseMap;;;
Assets/Art/World/Fantasy_Kingdom_Pack/Meshes/Smith03_a01.FBX;Universal Render Pipeline/Lit;_BaseMap;;;
Assets/Art/World/Fantasy_Kingdom_Pack/Meshes/Smith04_a01.FBX;Universal Render Pipeline/Lit;_BaseMap;;;
Assets/Art/World/Fantasy_Kingdom_Pack/Meshes/Smith05_a01.FBX;Universal Render Pipeline/Lit;_BaseMap;;;
Assets/Art/World/Fantasy_Kingdom_Pack/Meshes/Smith06_a01.FBX;Universal Render Pipeline/Lit;_BaseMap;;;
Assets/Art/World/Fantasy_Kingdom_Pack/Meshes/Smith06_a02.FBX;Universal Render Pipeline/Lit;_BaseMap;;;
Assets/Art/World/Fantasy_Kingdom_Pack/Meshes/Smith06_a03.FBX;Universal Render Pipeline/Lit;_BaseMap;;;
Assets/Art/World/Fantasy_Kingdom_Pack/Meshes/Smith06_b01.FBX;Universal Render Pipeline/Lit;_BaseMap;;;
Assets/Art/World/Fantasy_Kingdom_Pack/Meshes/Smith06_b02.FBX;Universal Render Pipeline/Lit;_BaseMap;;;
Assets/Art/World/Fantasy_Kingdom_Pack/Meshes/Smith06_b03.FBX;Universal Render Pipeline/Lit;_BaseMap;;;
Assets/Art/World/Fantasy_Kingdom_Pack/Meshes/Smith07_a01.FBX;Universal Render Pipeline/Lit;_BaseMap;;;
Assets/Art/World/Fantasy_Kingdom_Pack/Meshes/Smith08_a01.FBX;Universal Render Pipeline/Lit;_BaseMap;;;
Assets/Art/World/Fantasy_Kingdom_Pack/Meshes/Smith08_a02.FBX;Universal Render Pipeline/Lit;_BaseMap;;;
Assets/Art/World/Fantasy_Kingdom_Pack/Meshes/Smith08_b01.FBX;Universal Render Pipeline/Lit;_BaseMap;;;
Assets/Art/World/Fantasy_Kingdom_Pack/Meshes/Smith08_c01.FBX;Universal Render Pipeline/Lit;_BaseMap;;;
Assets/Art/World/Fantasy_Kingdom_Pack/Meshes/Smith08_c02.FBX;Universal Render Pipeline/Lit;_BaseMap;;;
Assets/Art/World/Fantasy_Kingdom_Pack/Meshes/Smith08_c03.FBX;Universal Render Pipeline/Lit;_BaseMap;;;
Assets/Art/World/Fantasy_Kingdom_Pack/Meshes/Smith08_c04.FBX;Universal Render Pipeline/Lit;_BaseMap;;;
Assets/Art/World/Fantasy_Kingdom_Pack/Meshes/Smith08_c05.FBX;Universal Render Pipeline/Lit;_BaseMap;;;
Assets/Art/World/Fantasy_Kingdom_Pack/Meshes/Smith09_a01.FBX;Universal Render Pipeline/Lit;_BaseMap;;;
Assets/Art/World/Fantasy_Kingdom_Pack/Meshes/Smith09_a02.FBX;Universal Render Pipeline/Lit;_BaseMap;;;
Assets/Art/World/Fantasy_Kingdom_Pack/Meshes/Smith09_b01.FBX;Universal Render Pipeline/Lit;_BaseMap;;;
Assets/Art/World/Fantasy_Kingdom_Pack/Meshes/Smith09_b02.FBX;Universal Render Pipeline/Lit;_BaseMap;;;
Assets/Art/World/Fantasy_Kingdom_Pack/Meshes/Smith09_c01.FBX;Universal Render Pipeline/Lit;_BaseMap;;;
Assets/Art/World/Fantasy_Kingdom_Pack/Meshes/Smith09_c02.FBX;Universal Render Pipeline/Lit;_BaseMap;;;
Assets/Art/World/Fantasy_Kingdom_Pack/Meshes/Spoon01_a01.FBX;Universal Render Pipeline/Lit;_BaseMap;;;
Assets/Art/World/Fantasy_Kingdom_Pack/Meshes/Spoon02_a01.FBX;Universal Render Pipeline/Lit;_BaseMap;;;
Assets/Art/World/Fantasy_Kingdom_Pack/Meshes/Stairs01.FBX;Universal Render Pipeline/Lit;_BaseMap;;;
Assets/Art/World/Fantasy_Kingdom_Pack/Meshes/Stairs02.FBX;Universal Render Pipeline/Lit;_BaseMap;;;
Assets/Art/World/Fantasy_Kingdom_Pack/Meshes/Stairs03.FBX;Universal Render Pipeline/Lit;_BaseMap;;;
Assets/Art/World/Fantasy_Kingdom_Pack/Meshes/Stairs04.FBX;Universal Render Pipeline/Lit;_BaseMap;;;
Assets/Art/World/Fantasy_Kingdom_Pack/Meshes/Stairs05_a01.FBX;Universal Render Pipeline/Lit;_BaseMap;;;
Assets/Art/World/Fantasy_Kingdom_Pack/Meshes/Stairs05_a02.FBX;Universal Render Pipeline/Lit;_BaseMap;;;
Assets/Art/World/Fantasy_Kingdom_Pack/Meshes/Stairs05_b01.FBX;Universal Render Pipeline/Lit;_BaseMap;;;
Assets/Art/World/Fantasy_Kingdom_Pack/Meshes/Stairs05_b02.FBX;Universal Render Pipeline/Lit;_BaseMap;;;
Assets/Art/World/Fantasy_Kingdom_Pack/Meshes/Stone01_a01.FBX;Universal Render Pipeline/Lit;_BaseMap;;;
Assets/Art/World/Fantasy_Kingdom_Pack/Meshes/Stone01_a02.FBX;Universal Render Pipeline/Lit;_BaseMap;;;
Assets/Art/World/Fantasy_Kingdom_Pack/Meshes/Stone02_a01.FBX;Universal Render Pipeline/Lit;_BaseMap;;;
Assets/Art/World/Fantasy_Kingdom_Pack/Meshes/Stronghold01.FBX;Universal Render Pipeline/Lit;_BaseMap;;;
Assets/Art/World/Fantasy_Kingdom_Pack/Meshes/Stronghold02.FBX;Universal Render Pipeline/Lit;_BaseMap;;;
Assets/Art/World/Fantasy_Kingdom_Pack/Meshes/Table01_a01.FBX;Universal Render Pipeline/Lit;_BaseMap;;;
Assets/Art/World/Fantasy_Kingdom_Pack/Meshes/Table01_a02.FBX;Universal Render Pipeline/Lit;_BaseMap;;;
Assets/Art/World/Fantasy_Kingdom_Pack/Meshes/Table01_a03.FBX;Universal Render Pipeline/Lit;_BaseMap;;;
Assets/Art/World/Fantasy_Kingdom_Pack/Meshes/Table01_a04.FBX;Universal Render Pipeline/Lit;_BaseMap;;;
Assets/Art/World/Fantasy_Kingdom_Pack/Meshes/Table01_a05.FBX;Universal Render Pipeline/Lit;_BaseMap;;;
Assets/Art/World/Fantasy_Kingdom_Pack/Meshes/Table01_a06.FBX;Universal Render Pipeline/Lit;_BaseMap;;;
Assets/Art/World/Fantasy_Kingdom_Pack/Meshes/Table01_a07.FBX;Universal Render Pipeline/Lit;_BaseMap;;;
Assets/Art/World/Fantasy_Kingdom_Pack/Meshes/Table02_a01.FBX;Universal Render Pipeline/Lit;_BaseMap;;;
Assets/Art/World/Fantasy_Kingdom_Pack/Meshes/Table02_a02.FBX;Universal Render Pipeline/Lit;_BaseMap;;;
Assets/Art/World/Fantasy_Kingdom_Pack/Meshes/Table02_b01.FBX;Universal Render Pipeline/Lit;_BaseMap;;;
Assets/Art/World/Fantasy_Kingdom_Pack/Meshes/Table02_b02.FBX;Universal Render Pipeline/Lit;_BaseMap;;;
Assets/Art/World/Fantasy_Kingdom_Pack/Meshes/Table02_c01.FBX;Universal Render Pipeline/Lit;_BaseMap;;;
Assets/Art/World/Fantasy_Kingdom_Pack/Meshes/Table02_c02.FBX;Universal Render Pipeline/Lit;_BaseMap;;;
Assets/Art/World/Fantasy_Kingdom_Pack/Meshes/Table03_a01.FBX;Universal Render Pipeline/Lit;_BaseMap;;;
Assets/Art/World/Fantasy_Kingdom_Pack/Meshes/Table03_a02.FBX;Universal Render Pipeline/Lit;_BaseMap;;;
Assets/Art/World/Fantasy_Kingdom_Pack/Meshes/Table03_a03.FBX;Universal Render Pipeline/Lit;_BaseMap;;;
Assets/Art/World/Fantasy_Kingdom_Pack/Meshes/Table03_a04.FBX;Universal Render Pipeline/Lit;_BaseMap;;;
Assets/Art/World/Fantasy_Kingdom_Pack/Meshes/Table03_a05.FBX;Universal Render Pipeline/Lit;_BaseMap;;;
Assets/Art/World/Fantasy_Kingdom_Pack/Meshes/Table03_a06.FBX;Universal Render Pipeline/Lit;_BaseMap;;;
Assets/Art/World/Fantasy_Kingdom_Pack/Meshes/Table03_a07.FBX;Universal Render Pipeline/Lit;_BaseMap;;;
Assets/Art/World/Fantasy_Kingdom_Pack/Meshes/Table04_a01.FBX;Universal Render Pipeline/Lit;_BaseMap;;;
Assets/Art/World/Fantasy_Kingdom_Pack/Meshes/Table04_a02.FBX;Universal Render Pipeline/Lit;_BaseMap;;;
Assets/Art/World/Fantasy_Kingdom_Pack/Meshes/Table04_a03.FBX;Universal Render Pipeline/Lit;_BaseMap;;;
Assets/Art/World/Fantasy_Kingdom_Pack/Meshes/Table04_a04.FBX;Universal Render Pipeline/Lit;_BaseMap;;;
Assets/Art/World/Fantasy_Kingdom_Pack/Meshes/Table04_a05.FBX;Universal Render Pipeline/Lit;_BaseMap;;;
Assets/Art/World/Fantasy_Kingdom_Pack/Meshes/Table04_a06.FBX;Universal Render Pipeline/Lit;_BaseMap;;;
Assets/Art/World/Fantasy_Kingdom_Pack/Meshes/Table04_a07.FBX;Universal Render Pipeline/Lit;_BaseMap;;;
Assets/Art/World/Fantasy_Kingdom_Pack/Meshes/Target01_a01.FBX;Universal Render Pipeline/Lit;_BaseMap;;;
Assets/Art/World/Fantasy_Kingdom_Pack/Meshes/Tent01_a01.FBX;Universal Render Pipeline/Lit;_BaseMap;;;
Assets/Art/World/Fantasy_Kingdom_Pack/Meshes/Tent01_a02.FBX;Universal Render Pipeline/Lit;_BaseMap;;;
Assets/Art/World/Fantasy_Kingdom_Pack/Meshes/Tent01_b01.FBX;Universal Render Pipeline/Lit;_BaseMap;;;
Assets/Art/World/Fantasy_Kingdom_Pack/Meshes/Tent01_b02.FBX;Universal Render Pipeline/Lit;_BaseMap;;;
Assets/Art/World/Fantasy_Kingdom_Pack/Meshes/Tent01_c01.FBX;Universal Render Pipeline/Lit;_BaseMap;;;
Assets/Art/World/Fantasy_Kingdom_Pack/Meshes/Tent01_c02.FBX;Universal Render Pipeline/Lit;_BaseMap;;;
Assets/Art/World/Fantasy_Kingdom_Pack/Meshes/Tent01_d01.FBX;Universal Render Pipeline/Lit;_BaseMap;;;
Assets/Art/World/Fantasy_Kingdom_Pack/Meshes/Tent01_d02.FBX;Universal Render Pipeline/Lit;_BaseMap;;;
Assets/Art/World/Fantasy_Kingdom_Pack/Meshes/Tent01_e01.FBX;Universal Render Pipeline/Lit;_BaseMap;;;
Assets/Art/World/Fantasy_Kingdom_Pack/Meshes/Tent01_e02.FBX;Universal Render Pipeline/Lit;_BaseMap;;;
Assets/Art/World/Fantasy_Kingdom_Pack/Meshes/Tent02_a01.FBX;Universal Render Pipeline/Lit;_BaseMap;;;
Assets/Art/World/Fantasy_Kingdom_Pack/Meshes/Tent02_b01.FBX;Universal Render Pipeline/Lit;_BaseMap;;;
Assets/Art/World/Fantasy_Kingdom_Pack/Meshes/Tent02_c01.FBX;Universal Render Pipeline/Lit;_BaseMap;;;
Assets/Art/World/Fantasy_Kingdom_Pack/Meshes/Tent02_d01.FBX;Universal Render Pipeline/Lit;_BaseMap;;;
Assets/Art/World/Fantasy_Kingdom_Pack/Meshes/Tent02_e01.FBX;Universal Render Pipeline/Lit;_BaseMap;;;
Assets/Art/World/Fantasy_Kingdom_Pack/Meshes/Tent02_f01.FBX;Universal Render Pipeline/Lit;_BaseMap;;;
Assets/Art/World/Fantasy_Kingdom_Pack/Meshes/Tent03_a01.FBX;Universal Render Pipeline/Lit;_BaseMap;;;
Assets/Art/World/Fantasy_Kingdom_Pack/Meshes/Tent03_b01.FBX;Universal Render Pipeline/Lit;_BaseMap;;;
Assets/Art/World/Fantasy_Kingdom_Pack/Meshes/Tent03_c01.FBX;Universal Render Pipeline/Lit;_BaseMap;;;
Assets/Art/World/Fantasy_Kingdom_Pack/Meshes/Tent03_d01.FBX;Universal Render Pipeline/Lit;_BaseMap;;;
Assets/Art/World/Fantasy_Kingdom_Pack/Meshes/Tent04_a01.FBX;Universal Render Pipeline/Lit;_BaseMap;;;
Assets/Art/World/Fantasy_Kingdom_Pack/Meshes/Tool01_a01.FBX;Universal Render Pipeline/Lit;_BaseMap;;;
Assets/Art/World/Fantasy_Kingdom_Pack/Meshes/Tool01_a02.FBX;Universal Render Pipeline/Lit;_BaseMap;;;
Assets/Art/World/Fantasy_Kingdom_Pack/Meshes/Tool01_a03.FBX;Universal Render Pipeline/Lit;_BaseMap;;;
Assets/Art/World/Fantasy_Kingdom_Pack/Meshes/Tool01_a04.FBX;Universal Render Pipeline/Lit;_BaseMap;;;
Assets/Art/World/Fantasy_Kingdom_Pack/Meshes/Tool01_a05.FBX;Universal Render Pipeline/Lit;_BaseMap;;;
Assets/Art/World/Fantasy_Kingdom_Pack/Meshes/Tool01_a06.FBX;Universal Render Pipeline/Lit;_BaseMap;;;
Assets/Art/World/Fantasy_Kingdom_Pack/Meshes/Tool01_a07.FBX;Universal Render Pipeline/Lit;_BaseMap;;;
Assets/Art/World/Fantasy_Kingdom_Pack/Meshes/Tool01_a08.FBX;Universal Render Pipeline/Lit;_BaseMap;;;
Assets/Art/World/Fantasy_Kingdom_Pack/Meshes/Tool01_a09.FBX;Universal Render Pipeline/Lit;_BaseMap;;;
Assets/Art/World/Fantasy_Kingdom_Pack/Meshes/Tool02_a01.FBX;Universal Render Pipeline/Lit;_BaseMap;;;
Assets/Art/World/Fantasy_Kingdom_Pack/Meshes/Tool02_b01.FBX;Universal Render Pipeline/Lit;_BaseMap;;;
Assets/Art/World/Fantasy_Kingdom_Pack/Meshes/Tool02_c01.FBX;Universal Render Pipeline/Lit;_BaseMap;;;
Assets/Art/World/Fantasy_Kingdom_Pack/Meshes/Tool02_d01.FBX;Universal Render Pipeline/Lit;_BaseMap;;;
Assets/Art/World/Fantasy_Kingdom_Pack/Meshes/Tool02_e01.FBX;Universal Render Pipeline/Lit;_BaseMap;;;
Assets/Art/World/Fantasy_Kingdom_Pack/Meshes/Tool02_f01.FBX;Universal Render Pipeline/Lit;_BaseMap;;;
Assets/Art/World/Fantasy_Kingdom_Pack/Meshes/Tool02_g01.FBX;Universal Render Pipeline/Lit;_BaseMap;;;
Assets/Art/World/Fantasy_Kingdom_Pack/Meshes/Tool03_a01.FBX;Universal Render Pipeline/Lit;_BaseMap;;;
Assets/Art/World/Fantasy_Kingdom_Pack/Meshes/Tool03_b01.FBX;Universal Render Pipeline/Lit;_BaseMap;;;
Assets/Art/World/Fantasy_Kingdom_Pack/Meshes/Tool03_c01.FBX;Universal Render Pipeline/Lit;_BaseMap;;;
Assets/Art/World/Fantasy_Kingdom_Pack/Meshes/Tool03_d01.FBX;Universal Render Pipeline/Lit;_BaseMap;;;
Assets/Art/World/Fantasy_Kingdom_Pack/Meshes/Tool03_e01.FBX;Universal Render Pipeline/Lit;_BaseMap;;;
Assets/Art/World/Fantasy_Kingdom_Pack/Meshes/Tool03_f01.FBX;Universal Render Pipeline/Lit;_BaseMap;;;
Assets/Art/World/Fantasy_Kingdom_Pack/Meshes/Tool03_g01.FBX;Universal Render Pipeline/Lit;_BaseMap;;;
Assets/Art/World/Fantasy_Kingdom_Pack/Meshes/Tool04_a01.FBX;Universal Render Pipeline/Lit;_BaseMap;;;
Assets/Art/World/Fantasy_Kingdom_Pack/Meshes/Tool04_a02.FBX;Universal Render Pipeline/Lit;_BaseMap;;;
Assets/Art/World/Fantasy_Kingdom_Pack/Meshes/Tool04_a03.FBX;Universal Render Pipeline/Lit;_BaseMap;;;
Assets/Art/World/Fantasy_Kingdom_Pack/Meshes/Tool04_a04.FBX;Universal Render Pipeline/Lit;_BaseMap;;;
Assets/Art/World/Fantasy_Kingdom_Pack/Meshes/Tool04_a05.FBX;Universal Render Pipeline/Lit;_BaseMap;;;
Assets/Art/World/Fantasy_Kingdom_Pack/Meshes/Torch01_a01.FBX;Universal Render Pipeline/Lit;_BaseMap;;;
Assets/Art/World/Fantasy_Kingdom_Pack/Meshes/Torch01_b01.FBX;Universal Render Pipeline/Lit;_BaseMap;;;
Assets/Art/World/Fantasy_Kingdom_Pack/Meshes/Torch02_a01.FBX;Universal Render Pipeline/Lit;_BaseMap;;;
Assets/Art/World/Fantasy_Kingdom_Pack/Meshes/Torch02_b01.FBX;Universal Render Pipeline/Lit;_BaseMap;;;
Assets/Art/World/Fantasy_Kingdom_Pack/Meshes/Torch03_a01.FBX;Universal Render Pipeline/Lit;_BaseMap;;;
Assets/Art/World/Fantasy_Kingdom_Pack/Meshes/Tower01.FBX;Universal Render Pipeline/Lit;_BaseMap;;;
Assets/Art/World/Fantasy_Kingdom_Pack/Meshes/Tower02.FBX;Universal Render Pipeline/Lit;_BaseMap;;;
Assets/Art/World/Fantasy_Kingdom_Pack/Meshes/Trap01_a01.FBX;Universal Render Pipeline/Lit;_BaseMap;;;
Assets/Art/World/Fantasy_Kingdom_Pack/Meshes/Trap01_b01.FBX;Universal Render Pipeline/Lit;_BaseMap;;;
Assets/Art/World/Fantasy_Kingdom_Pack/Meshes/Trash01_a01.FBX;Universal Render Pipeline/Lit;_BaseMap;;;
Assets/Art/World/Fantasy_Kingdom_Pack/Meshes/Tree01_a01.FBX;Universal Render Pipeline/Lit;_BaseMap;;;
Assets/Art/World/Fantasy_Kingdom_Pack/Meshes/Tree01_a02.FBX;Universal Render Pipeline/Lit;_BaseMap;;;
Assets/Art/World/Fantasy_Kingdom_Pack/Meshes/Tree01_b01.FBX;Universal Render Pipeline/Lit;_BaseMap;;;
Assets/Art/World/Fantasy_Kingdom_Pack/Meshes/Tree01_b02.FBX;Universal Render Pipeline/Lit;_BaseMap;;;
Assets/Art/World/Fantasy_Kingdom_Pack/Meshes/Tree02_a01.FBX;Universal Render Pipeline/Lit;_BaseMap;;;
Assets/Art/World/Fantasy_Kingdom_Pack/Meshes/Tree02_a02.FBX;Universal Render Pipeline/Lit;_BaseMap;;;
Assets/Art/World/Fantasy_Kingdom_Pack/Meshes/Tree02_b01.FBX;Universal Render Pipeline/Lit;_BaseMap;;;
Assets/Art/World/Fantasy_Kingdom_Pack/Meshes/Tree02_c01.FBX;Universal Render Pipeline/Lit;_BaseMap;;;
Assets/Art/World/Fantasy_Kingdom_Pack/Meshes/Tree02_c02.FBX;Universal Render Pipeline/Lit;_BaseMap;;;
Assets/Art/World/Fantasy_Kingdom_Pack/Meshes/Tree02_d01.FBX;Universal Render Pipeline/Lit;_BaseMap;;;
Assets/Art/World/Fantasy_Kingdom_Pack/Meshes/Tree02_e01.FBX;Universal Render Pipeline/Lit;_BaseMap;;;
Assets/Art/World/Fantasy_Kingdom_Pack/Meshes/Tree02_e02.FBX;Universal Render Pipeline/Lit;_BaseMap;;;
Assets/Art/World/Fantasy_Kingdom_Pack/Meshes/Tree02_f01.FBX;Universal Render Pipeline/Lit;_BaseMap;;;
Assets/Art/World/Fantasy_Kingdom_Pack/Meshes/Tree03_a01.FBX;Universal Render Pipeline/Lit;_BaseMap;;;
Assets/Art/World/Fantasy_Kingdom_Pack/Meshes/Tree03_a02.FBX;Universal Render Pipeline/Lit;_BaseMap;;;
Assets/Art/World/Fantasy_Kingdom_Pack/Meshes/Tree03_b01.FBX;Universal Render Pipeline/Lit;_BaseMap;;;
Assets/Art/World/Fantasy_Kingdom_Pack/Meshes/Tree03_c01.FBX;Universal Render Pipeline/Lit;_BaseMap;;;
Assets/Art/World/Fantasy_Kingdom_Pack/Meshes/Tree03_c02.FBX;Universal Render Pipeline/Lit;_BaseMap;;;
Assets/Art/World/Fantasy_Kingdom_Pack/Meshes/Tree03_d01.FBX;Universal Render Pipeline/Lit;_BaseMap;;;
Assets/Art/World/Fantasy_Kingdom_Pack/Meshes/Tree03_e01.FBX;Universal Render Pipeline/Lit;_BaseMap;;;
Assets/Art/World/Fantasy_Kingdom_Pack/Meshes/Tree03_e02.FBX;Universal Render Pipeline/Lit;_BaseMap;;;
Assets/Art/World/Fantasy_Kingdom_Pack/Meshes/Tree03_f01.FBX;Universal Render Pipeline/Lit;_BaseMap;;;
Assets/Art/World/Fantasy_Kingdom_Pack/Meshes/Tree04_a01.FBX;Universal Render Pipeline/Lit;_BaseMap;;;
Assets/Art/World/Fantasy_Kingdom_Pack/Meshes/Tree04_a02.FBX;Universal Render Pipeline/Lit;_BaseMap;;;
Assets/Art/World/Fantasy_Kingdom_Pack/Meshes/Tree04_a03.FBX;Universal Render Pipeline/Lit;_BaseMap;;;
Assets/Art/World/Fantasy_Kingdom_Pack/Meshes/Tree04_b01.FBX;Universal Render Pipeline/Lit;_BaseMap;;;
Assets/Art/World/Fantasy_Kingdom_Pack/Meshes/Tree04_c01.FBX;Universal Render Pipeline/Lit;_BaseMap;;;
Assets/Art/World/Fantasy_Kingdom_Pack/Meshes/Tree04_c02.FBX;Universal Render Pipeline/Lit;_BaseMap;;;
Assets/Art/World/Fantasy_Kingdom_Pack/Meshes/Tree04_c03.FBX;Universal Render Pipeline/Lit;_BaseMap;;;
Assets/Art/World/Fantasy_Kingdom_Pack/Meshes/Tree04_d01.FBX;Universal Render Pipeline/Lit;_BaseMap;;;
Assets/Art/World/Fantasy_Kingdom_Pack/Meshes/Tree04_d02.FBX;Universal Render Pipeline/Lit;_BaseMap;;;
Assets/Art/World/Fantasy_Kingdom_Pack/Meshes/Tree04_d03.FBX;Universal Render Pipeline/Lit;_BaseMap;;;
Assets/Art/World/Fantasy_Kingdom_Pack/Meshes/Tree04_e01.FBX;Universal Render Pipeline/Lit;_BaseMap;;;
Assets/Art/World/Fantasy_Kingdom_Pack/Meshes/Tree05_a01.FBX;Universal Render Pipeline/Lit;_BaseMap;;;
Assets/Art/World/Fantasy_Kingdom_Pack/Meshes/Tree05_b01.FBX;Universal Render Pipeline/Lit;_BaseMap;;;
Assets/Art/World/Fantasy_Kingdom_Pack/Meshes/Tree06_a01.FBX;Universal Render Pipeline/Lit;_BaseMap;;;
Assets/Art/World/Fantasy_Kingdom_Pack/Meshes/Tree06_a02.FBX;Universal Render Pipeline/Lit;_BaseMap;;;
Assets/Art/World/Fantasy_Kingdom_Pack/Meshes/Tree06_a03.FBX;Universal Render Pipeline/Lit;_BaseMap;;;
Assets/Art/World/Fantasy_Kingdom_Pack/Meshes/Tree07_a01.FBX;Universal Render Pipeline/Lit;_BaseMap;;;
Assets/Art/World/Fantasy_Kingdom_Pack/Meshes/Tree07_b01.FBX;Universal Render Pipeline/Lit;_BaseMap;;;
Assets/Art/World/Fantasy_Kingdom_Pack/Meshes/Tree07_c01.FBX;Universal Render Pipeline/Lit;_BaseMap;;;
Assets/Art/World/Fantasy_Kingdom_Pack/Meshes/Trough01_a01.FBX;Universal Render Pipeline/Lit;_BaseMap;;;
Assets/Art/World/Fantasy_Kingdom_Pack/Meshes/Trough02_a01.FBX;Universal Render Pipeline/Lit;_BaseMap;;;
Assets/Art/World/Fantasy_Kingdom_Pack/Meshes/Trough03_a01.FBX;Universal Render Pipeline/Lit;_BaseMap;;;
Assets/Art/World/Fantasy_Kingdom_Pack/Meshes/Vane01_a01.FBX;Universal Render Pipeline/Lit;_BaseMap;;;
Assets/Art/World/Fantasy_Kingdom_Pack/Meshes/Vane01_a02.FBX;Universal Render Pipeline/Lit;_BaseMap;;;
Assets/Art/World/Fantasy_Kingdom_Pack/Meshes/Vane01_b01.FBX;Universal Render Pipeline/Lit;_BaseMap;;;
Assets/Art/World/Fantasy_Kingdom_Pack/Meshes/Vane01_b02.FBX;Universal Render Pipeline/Lit;_BaseMap;;;
Assets/Art/World/Fantasy_Kingdom_Pack/Meshes/Vegetables01_a01.FBX;Universal Render Pipeline/Lit;_BaseMap;;;
Assets/Art/World/Fantasy_Kingdom_Pack/Meshes/Vegetables01_a02.FBX;Universal Render Pipeline/Lit;_BaseMap;;;
Assets/Art/World/Fantasy_Kingdom_Pack/Meshes/Vegetables02_a01.FBX;Universal Render Pipeline/Lit;_BaseMap;;;
Assets/Art/World/Fantasy_Kingdom_Pack/Meshes/Vegetables02_a02.FBX;Universal Render Pipeline/Lit;_BaseMap;;;
Assets/Art/World/Fantasy_Kingdom_Pack/Meshes/Vegetables02_a03.FBX;Universal Render Pipeline/Lit;_BaseMap;;;
Assets/Art/World/Fantasy_Kingdom_Pack/Meshes/Vegetables03_a01.FBX;Universal Render Pipeline/Lit;_BaseMap;;;
Assets/Art/World/Fantasy_Kingdom_Pack/Meshes/Vegetables04_a01.FBX;Universal Render Pipeline/Lit;_BaseMap;;;
Assets/Art/World/Fantasy_Kingdom_Pack/Meshes/Vegetables04_a02.FBX;Universal Render Pipeline/Lit;_BaseMap;;;
Assets/Art/World/Fantasy_Kingdom_Pack/Meshes/Vegetables05_a01.FBX;Universal Render Pipeline/Lit;_BaseMap;;;
Assets/Art/World/Fantasy_Kingdom_Pack/Meshes/Vegetables05_a02.FBX;Universal Render Pipeline/Lit;_BaseMap;;;
Assets/Art/World/Fantasy_Kingdom_Pack/Meshes/Vine01_a01.FBX;Universal Render Pipeline/Lit;_BaseMap;;;
Assets/Art/World/Fantasy_Kingdom_Pack/Meshes/Vine01_a02.FBX;Universal Render Pipeline/Lit;_BaseMap;;;
Assets/Art/World/Fantasy_Kingdom_Pack/Meshes/Vine01_b01.FBX;Universal Render Pipeline/Lit;_BaseMap;;;
Assets/Art/World/Fantasy_Kingdom_Pack/Meshes/Vine01_b02.FBX;Universal Render Pipeline/Lit;_BaseMap;;;
Assets/Art/World/Fantasy_Kingdom_Pack/Meshes/Wall01.FBX;Universal Render Pipeline/Lit;_BaseMap;;;
Assets/Art/World/Fantasy_Kingdom_Pack/Meshes/Wall02.FBX;Universal Render Pipeline/Lit;_BaseMap;;;
Assets/Art/World/Fantasy_Kingdom_Pack/Meshes/Wall03.FBX;Universal Render Pipeline/Lit;_BaseMap;;;
Assets/Art/World/Fantasy_Kingdom_Pack/Meshes/Watering01_a01.FBX;Universal Render Pipeline/Lit;_BaseMap;;;
Assets/Art/World/Fantasy_Kingdom_Pack/Meshes/Watering01_a02.FBX;Universal Render Pipeline/Lit;_BaseMap;;;
Assets/Art/World/Fantasy_Kingdom_Pack/Meshes/Watering01_a03.FBX;Universal Render Pipeline/Lit;_BaseMap;;;
Assets/Art/World/Fantasy_Kingdom_Pack/Meshes/Watering01_a04.FBX;Universal Render Pipeline/Lit;_BaseMap;;;
Assets/Art/World/Fantasy_Kingdom_Pack/Meshes/Watering01_a05.FBX;Universal Render Pipeline/Lit;_BaseMap;;;
Assets/Art/World/Fantasy_Kingdom_Pack/Meshes/Watering01_a06.FBX;Universal Render Pipeline/Lit;_BaseMap;;;
Assets/Art/World/Fantasy_Kingdom_Pack/Meshes/Waterwheel01_a01.FBX;Universal Render Pipeline/Lit;_BaseMap;;;
Assets/Art/World/Fantasy_Kingdom_Pack/Meshes/Waterwheel01_a02.FBX;Universal Render Pipeline/Lit;_BaseMap;;;
Assets/Art/World/Fantasy_Kingdom_Pack/Meshes/Weapon01_a01.FBX;Universal Render Pipeline/Lit;_BaseMap;;;
Assets/Art/World/Fantasy_Kingdom_Pack/Meshes/Weapon01_a02.FBX;Universal Render Pipeline/Lit;_BaseMap;;;
Assets/Art/World/Fantasy_Kingdom_Pack/Meshes/Weapon02_a01.FBX;Universal Render Pipeline/Lit;_BaseMap;;;
Assets/Art/World/Fantasy_Kingdom_Pack/Meshes/Weapon02_a02.FBX;Universal Render Pipeline/Lit;_BaseMap;;;
Assets/Art/World/Fantasy_Kingdom_Pack/Meshes/Weapon02_b01.FBX;Universal Render Pipeline/Lit;_BaseMap;;;
Assets/Art/World/Fantasy_Kingdom_Pack/Meshes/Weapon02_b02.FBX;Universal Render Pipeline/Lit;_BaseMap;;;
Assets/Art/World/Fantasy_Kingdom_Pack/Meshes/Weapon03_a01.FBX;Universal Render Pipeline/Lit;_BaseMap;;;
Assets/Art/World/Fantasy_Kingdom_Pack/Meshes/Weapon03_a02.FBX;Universal Render Pipeline/Lit;_BaseMap;;;
Assets/Art/World/Fantasy_Kingdom_Pack/Meshes/Weapon04_a01.FBX;Universal Render Pipeline/Lit;_BaseMap;;;
Assets/Art/World/Fantasy_Kingdom_Pack/Meshes/Weapon05_a01.FBX;Universal Render Pipeline/Lit;_BaseMap;;;
Assets/Art/World/Fantasy_Kingdom_Pack/Meshes/Well01_a01.FBX;Universal Render Pipeline/Lit;_BaseMap;;;
Assets/Art/World/Fantasy_Kingdom_Pack/Meshes/Well01_b01.FBX;Universal Render Pipeline/Lit;_BaseMap;;;
Assets/Art/World/Fantasy_Kingdom_Pack/Meshes/Well02_a01.FBX;Universal Render Pipeline/Lit;_BaseMap;;;
Assets/Art/World/Fantasy_Kingdom_Pack/Meshes/Well02_b01.FBX;Universal Render Pipeline/Lit;_BaseMap;;;
Assets/Art/World/Fantasy_Kingdom_Pack/Meshes/Wheel01_a01.FBX;Universal Render Pipeline/Lit;_BaseMap;;;
Assets/Art/World/Fantasy_Kingdom_Pack/Meshes/Wheel01_a02.FBX;Universal Render Pipeline/Lit;_BaseMap;;;
Assets/Art/World/Fantasy_Kingdom_Pack/Meshes/Wheel01_b01.FBX;Universal Render Pipeline/Lit;_BaseMap;;;
Assets/Art/World/Fantasy_Kingdom_Pack/Meshes/Windmill01.FBX;Universal Render Pipeline/Lit;_BaseMap;;;
Assets/Art/World/Fantasy_Kingdom_Pack/Meshes/Windmill02.FBX;Universal Render Pipeline/Lit;_BaseMap;;;
Assets/Art/World/Fantasy_Kingdom_Pack/Meshes/Window01_a01.FBX;Universal Render Pipeline/Lit;_BaseMap;;;
Assets/Art/World/Fantasy_Kingdom_Pack/Meshes/Window01_a02.FBX;Universal Render Pipeline/Lit;_BaseMap;;;
Assets/Art/World/Fantasy_Kingdom_Pack/Meshes/Window01_a03.FBX;Universal Render Pipeline/Lit;_BaseMap;;;
Assets/Art/World/Fantasy_Kingdom_Pack/Meshes/Window01_b01.FBX;Universal Render Pipeline/Lit;_BaseMap;;;
Assets/Art/World/Fantasy_Kingdom_Pack/Meshes/Window01_b02.FBX;Universal Render Pipeline/Lit;_BaseMap;;;
Assets/Art/World/Fantasy_Kingdom_Pack/Meshes/Window01_b03.FBX;Universal Render Pipeline/Lit;_BaseMap;;;
Assets/Art/World/Fantasy_Kingdom_Pack/Meshes/Window02_a01.FBX;Universal Render Pipeline/Lit;_BaseMap;;;
Assets/Art/World/Fantasy_Kingdom_Pack/Meshes/Window02_a02.FBX;Universal Render Pipeline/Lit;_BaseMap;;;
Assets/Art/World/Fantasy_Kingdom_Pack/Meshes/Window02_b01.FBX;Universal Render Pipeline/Lit;_BaseMap;;;
Assets/Art/World/Fantasy_Kingdom_Pack/Meshes/Window02_b02.FBX;Universal Render Pipeline/Lit;_BaseMap;;;
Assets/Art/World/Fantasy_Kingdom_Pack/Meshes/Window03_a01.FBX;Universal Render Pipeline/Lit;_BaseMap;;;
Assets/Art/World/Fantasy_Kingdom_Pack/Meshes/Window03_a02.FBX;Universal Render Pipeline/Lit;_BaseMap;;;
Assets/Art/World/Fantasy_Kingdom_Pack/Meshes/Window03_a03.FBX;Universal Render Pipeline/Lit;_BaseMap;;;
Assets/Art/World/Fantasy_Kingdom_Pack/Meshes/Window03_a04.FBX;Universal Render Pipeline/Lit;_BaseMap;;;
Assets/Art/World/Fantasy_Kingdom_Pack/Meshes/Window03_a05.FBX;Universal Render Pipeline/Lit;_BaseMap;;;
Assets/Art/World/Fantasy_Kingdom_Pack/Meshes/Window03_b01.FBX;Universal Render Pipeline/Lit;_BaseMap;;;
Assets/Art/World/Fantasy_Kingdom_Pack/Meshes/Window03_b02.FBX;Universal Render Pipeline/Lit;_BaseMap;;;
Assets/Art/World/Fantasy_Kingdom_Pack/Meshes/Window03_b03.FBX;Universal Render Pipeline/Lit;_BaseMap;;;
Assets/Art/World/Fantasy_Kingdom_Pack/Meshes/Window03_b04.FBX;Universal Render Pipeline/Lit;_BaseMap;;;
Assets/Art/World/Fantasy_Kingdom_Pack/Meshes/Window03_b05.FBX;Universal Render Pipeline/Lit;_BaseMap;;;
Assets/Art/World/Fantasy_Kingdom_Pack/Meshes/Window04_a01.FBX;Universal Render Pipeline/Lit;_BaseMap;;;
Assets/Art/World/Fantasy_Kingdom_Pack/Meshes/Window04_a02.FBX;Universal Render Pipeline/Lit;_BaseMap;;;
Assets/Art/World/Fantasy_Kingdom_Pack/Meshes/Window04_a03.FBX;Universal Render Pipeline/Lit;_BaseMap;;;
Assets/Art/World/Fantasy_Kingdom_Pack/Meshes/Window04_a04.FBX;Universal Render Pipeline/Lit;_BaseMap;;;
Assets/Art/World/Fantasy_Kingdom_Pack/Meshes/Window04_a05.FBX;Universal Render Pipeline/Lit;_BaseMap;;;
Assets/Art/World/Fantasy_Kingdom_Pack/Meshes/Window04_b01.FBX;Universal Render Pipeline/Lit;_BaseMap;;;
Assets/Art/World/Fantasy_Kingdom_Pack/Meshes/Window04_b02.FBX;Universal Render Pipeline/Lit;_BaseMap;;;
Assets/Art/World/Fantasy_Kingdom_Pack/Meshes/Window04_b03.FBX;Universal Render Pipeline/Lit;_BaseMap;;;
Assets/Art/World/Fantasy_Kingdom_Pack/Meshes/Window04_b04.FBX;Universal Render Pipeline/Lit;_BaseMap;;;
Assets/Art/World/Fantasy_Kingdom_Pack/Meshes/Window04_b05.FBX;Universal Render Pipeline/Lit;_BaseMap;;;
Assets/Art/World/Fantasy_Kingdom_Pack/Meshes/Window05_a01.FBX;Universal Render Pipeline/Lit;_BaseMap;;;
Assets/Art/World/Fantasy_Kingdom_Pack/Meshes/Window05_a02.FBX;Universal Render Pipeline/Lit;_BaseMap;;;
Assets/Art/World/Fantasy_Kingdom_Pack/Meshes/Window05_a03.FBX;Universal Render Pipeline/Lit;_BaseMap;;;
Assets/Art/World/Fantasy_Kingdom_Pack/Meshes/Window05_a04.FBX;Universal Render Pipeline/Lit;_BaseMap;;;
Assets/Art/World/Fantasy_Kingdom_Pack/Meshes/Window05_a05.FBX;Universal Render Pipeline/Lit;_BaseMap;;;
Assets/Art/World/Fantasy_Kingdom_Pack/Meshes/Window05_b01.FBX;Universal Render Pipeline/Lit;_BaseMap;;;
Assets/Art/World/Fantasy_Kingdom_Pack/Meshes/Window05_b02.FBX;Universal Render Pipeline/Lit;_BaseMap;;;
Assets/Art/World/Fantasy_Kingdom_Pack/Meshes/Window05_b03.FBX;Universal Render Pipeline/Lit;_BaseMap;;;
Assets/Art/World/Fantasy_Kingdom_Pack/Meshes/Window05_b04.FBX;Universal Render Pipeline/Lit;_BaseMap;;;
Assets/Art/World/Fantasy_Kingdom_Pack/Meshes/Window05_b05.FBX;Universal Render Pipeline/Lit;_BaseMap;;;
Assets/Art/World/Fantasy_Kingdom_Pack/Meshes/Window05_c01.FBX;Universal Render Pipeline/Lit;_BaseMap;;;
Assets/Art/World/Fantasy_Kingdom_Pack/Meshes/Window05_c02.FBX;Universal Render Pipeline/Lit;_BaseMap;;;
Assets/Art/World/Fantasy_Kingdom_Pack/Meshes/Window05_c03.FBX;Universal Render Pipeline/Lit;_BaseMap;;;
Assets/Art/World/Fantasy_Kingdom_Pack/Meshes/Window05_c04.FBX;Universal Render Pipeline/Lit;_BaseMap;;;
Assets/Art/World/Fantasy_Kingdom_Pack/Meshes/Window05_c05.FBX;Universal Render Pipeline/Lit;_BaseMap;;;
Assets/Art/World/Fantasy_Kingdom_Pack/Meshes/Window05_d01.FBX;Universal Render Pipeline/Lit;_BaseMap;;;
Assets/Art/World/Fantasy_Kingdom_Pack/Meshes/Window05_d02.FBX;Universal Render Pipeline/Lit;_BaseMap;;;
Assets/Art/World/Fantasy_Kingdom_Pack/Meshes/Window05_d03.FBX;Universal Render Pipeline/Lit;_BaseMap;;;
Assets/Art/World/Fantasy_Kingdom_Pack/Meshes/Window05_d04.FBX;Universal Render Pipeline/Lit;_BaseMap;;;
Assets/Art/World/Fantasy_Kingdom_Pack/Meshes/Window05_d05.FBX;Universal Render Pipeline/Lit;_BaseMap;;;
Assets/Art/World/Fantasy_Kingdom_Pack/Meshes/Window06_a01.FBX;Universal Render Pipeline/Lit;_BaseMap;;;
Assets/Art/World/Fantasy_Kingdom_Pack/Meshes/Window06_a02.FBX;Universal Render Pipeline/Lit;_BaseMap;;;
Assets/Art/World/Fantasy_Kingdom_Pack/Meshes/Window06_a03.FBX;Universal Render Pipeline/Lit;_BaseMap;;;
Assets/Art/World/Fantasy_Kingdom_Pack/Meshes/Window06_a04.FBX;Universal Render Pipeline/Lit;_BaseMap;;;
Assets/Art/World/Fantasy_Kingdom_Pack/Meshes/Window06_a05.FBX;Universal Render Pipeline/Lit;_BaseMap;;;
Assets/Art/World/Fantasy_Kingdom_Pack/Meshes/Window06_b01.FBX;Universal Render Pipeline/Lit;_BaseMap;;;
Assets/Art/World/Fantasy_Kingdom_Pack/Meshes/Window06_b02.FBX;Universal Render Pipeline/Lit;_BaseMap;;;
Assets/Art/World/Fantasy_Kingdom_Pack/Meshes/Window06_b03.FBX;Universal Render Pipeline/Lit;_BaseMap;;;
Assets/Art/World/Fantasy_Kingdom_Pack/Meshes/Window06_b04.FBX;Universal Render Pipeline/Lit;_BaseMap;;;
Assets/Art/World/Fantasy_Kingdom_Pack/Meshes/Window06_b05.FBX;Universal Render Pipeline/Lit;_BaseMap;;;
Assets/Art/World/Fantasy_Kingdom_Pack/Meshes/Window06_c01.FBX;Universal Render Pipeline/Lit;_BaseMap;;;
Assets/Art/World/Fantasy_Kingdom_Pack/Meshes/Window06_c02.FBX;Universal Render Pipeline/Lit;_BaseMap;;;
Assets/Art/World/Fantasy_Kingdom_Pack/Meshes/Window06_c03.FBX;Universal Render Pipeline/Lit;_BaseMap;;;
Assets/Art/World/Fantasy_Kingdom_Pack/Meshes/Window06_c04.FBX;Universal Render Pipeline/Lit;_BaseMap;;;
Assets/Art/World/Fantasy_Kingdom_Pack/Meshes/Window06_c05.FBX;Universal Render Pipeline/Lit;_BaseMap;;;
Assets/Art/World/Fantasy_Kingdom_Pack/Meshes/Window06_d01.FBX;Universal Render Pipeline/Lit;_BaseMap;;;
Assets/Art/World/Fantasy_Kingdom_Pack/Meshes/Window06_d02.FBX;Universal Render Pipeline/Lit;_BaseMap;;;
Assets/Art/World/Fantasy_Kingdom_Pack/Meshes/Window06_d03.FBX;Universal Render Pipeline/Lit;_BaseMap;;;
Assets/Art/World/Fantasy_Kingdom_Pack/Meshes/Window06_d04.FBX;Universal Render Pipeline/Lit;_BaseMap;;;
Assets/Art/World/Fantasy_Kingdom_Pack/Meshes/Window06_d05.FBX;Universal Render Pipeline/Lit;_BaseMap;;;
Assets/Art/World/Fantasy_Kingdom_Pack/Meshes/Window07_a01.FBX;Universal Render Pipeline/Lit;_BaseMap;;;
Assets/Art/World/Fantasy_Kingdom_Pack/Meshes/Window07_a02.FBX;Universal Render Pipeline/Lit;_BaseMap;;;
Assets/Art/World/Fantasy_Kingdom_Pack/Meshes/Window07_a03.FBX;Universal Render Pipeline/Lit;_BaseMap;;;
Assets/Art/World/Fantasy_Kingdom_Pack/Meshes/Window07_b01.FBX;Universal Render Pipeline/Lit;_BaseMap;;;
Assets/Art/World/Fantasy_Kingdom_Pack/Meshes/Window07_b02.FBX;Universal Render Pipeline/Lit;_BaseMap;;;
Assets/Art/World/Fantasy_Kingdom_Pack/Meshes/Window07_b03.FBX;Universal Render Pipeline/Lit;_BaseMap;;;
Assets/Art/World/Fantasy_Kingdom_Pack/Meshes/Window07_c01.FBX;Universal Render Pipeline/Lit;_BaseMap;;;
Assets/Art/World/Fantasy_Kingdom_Pack/Meshes/Window07_c02.FBX;Universal Render Pipeline/Lit;_BaseMap;;;
Assets/Art/World/Fantasy_Kingdom_Pack/Meshes/Window07_c03.FBX;Universal Render Pipeline/Lit;_BaseMap;;;
Assets/Art/World/Fantasy_Kingdom_Pack/Meshes/Window07_d01.FBX;Universal Render Pipeline/Lit;_BaseMap;;;
Assets/Art/World/Fantasy_Kingdom_Pack/Meshes/Window07_d02.FBX;Universal Render Pipeline/Lit;_BaseMap;;;
Assets/Art/World/Fantasy_Kingdom_Pack/Meshes/Window07_d03.FBX;Universal Render Pipeline/Lit;_BaseMap;;;
Assets/Art/World/Fantasy_Kingdom_Pack/Meshes/Window08_a01.FBX;Universal Render Pipeline/Lit;_BaseMap;;;
Assets/Art/World/Fantasy_Kingdom_Pack/Meshes/Window08_a02.FBX;Universal Render Pipeline/Lit;_BaseMap;;;
Assets/Art/World/Fantasy_Kingdom_Pack/Meshes/Window09_a01.FBX;Universal Render Pipeline/Lit;_BaseMap;;;
Assets/Art/World/Fantasy_Kingdom_Pack/Meshes/Window10_a01.FBX;Universal Render Pipeline/Lit;_BaseMap;;;
Assets/Art/World/Fantasy_Kingdom_Pack/Meshes/Window10_a02.FBX;Universal Render Pipeline/Lit;_BaseMap;;;
Assets/Art/World/Fantasy_Kingdom_Pack/Meshes/Window10_a03.FBX;Universal Render Pipeline/Lit;_BaseMap;;;
Assets/Art/World/Fantasy_Kingdom_Pack/Meshes/Window11_a01.FBX;Universal Render Pipeline/Lit;_BaseMap;;;
Assets/Art/World/Fantasy_Kingdom_Pack/Meshes/Window11_a02.FBX;Universal Render Pipeline/Lit;_BaseMap;;;
Assets/Art/World/Fantasy_Kingdom_Pack/Meshes/Window11_a03.FBX;Universal Render Pipeline/Lit;_BaseMap;;;
Assets/Art/World/Fantasy_Kingdom_Pack/Meshes/Window12_a01.FBX;Universal Render Pipeline/Lit;_BaseMap;;;
Assets/Art/World/Fantasy_Kingdom_Pack/Meshes/Window12_a02.FBX;Universal Render Pipeline/Lit;_BaseMap;;;
Assets/Art/World/Fantasy_Kingdom_Pack/Meshes/Window12_a03.FBX;Universal Render Pipeline/Lit;_BaseMap;;;
Assets/Art/World/Fantasy_Kingdom_Pack/Meshes/Window13_a01.FBX;Universal Render Pipeline/Lit;_BaseMap;;;
Assets/Art/World/Fantasy_Kingdom_Pack/Meshes/Window13_a02.FBX;Universal Render Pipeline/Lit;_BaseMap;;;
Assets/Art/World/Fantasy_Kingdom_Pack/Meshes/Window13_a03.FBX;Universal Render Pipeline/Lit;_BaseMap;;;
Assets/Art/World/Fantasy_Kingdom_Pack/Meshes/Wine01_a01.FBX;Universal Render Pipeline/Lit;_BaseMap;;;
Assets/Art/World/Fantasy_Kingdom_Pack/Meshes/Wine01_b01.FBX;Universal Render Pipeline/Lit;_BaseMap;;;
Assets/Art/World/Fantasy_Kingdom_Pack/Meshes/Wine01_c01.FBX;Universal Render Pipeline/Lit;_BaseMap;;;
Assets/Art/World/Fantasy_Kingdom_Pack/Meshes/Wine01_d01.FBX;Universal Render Pipeline/Lit;_BaseMap;;;
Assets/Art/World/Fantasy_Kingdom_Pack/Meshes/Wine01_e01.FBX;Universal Render Pipeline/Lit;_BaseMap;;;
Assets/Art/World/Fantasy_Kingdom_Pack/Meshes/Wine01_f01.FBX;Universal Render Pipeline/Lit;_BaseMap;;;
Assets/Art/World/Fantasy_Kingdom_Pack/Meshes/Wine01_g01.FBX;Universal Render Pipeline/Lit;_BaseMap;;;
Assets/Art/World/Fantasy_Kingdom_Pack/Meshes/Wine02_a01.FBX;Universal Render Pipeline/Lit;_BaseMap;;;
Assets/Art/World/Fantasy_Kingdom_Pack/Meshes/Wine02_b01.FBX;Universal Render Pipeline/Lit;_BaseMap;;;
Assets/Art/World/Fantasy_Kingdom_Pack/Meshes/Wine02_c01.FBX;Universal Render Pipeline/Lit;_BaseMap;;;
Assets/Art/World/Fantasy_Kingdom_Pack/Meshes/Wine02_d01.FBX;Universal Render Pipeline/Lit;_BaseMap;;;
Assets/Art/World/Fantasy_Kingdom_Pack/Meshes/Wine02_e01.FBX;Universal Render Pipeline/Lit;_BaseMap;;;
Assets/Art/World/Fantasy_Kingdom_Pack/Meshes/Wine02_f01.FBX;Universal Render Pipeline/Lit;_BaseMap;;;
Assets/Art/World/Fantasy_Kingdom_Pack/Meshes/Wine02_g01.FBX;Universal Render Pipeline/Lit;_BaseMap;;;
Assets/Art/World/Fantasy_Kingdom_Pack/Meshes/Wood01_a01.FBX;Universal Render Pipeline/Lit;_BaseMap;;;
Assets/Art/World/Fantasy_Kingdom_Pack/Meshes/Wood01_a02.FBX;Universal Render Pipeline/Lit;_BaseMap;;;
Assets/Art/World/Fantasy_Kingdom_Pack/Meshes/Wood01_a03.FBX;Universal Render Pipeline/Lit;_BaseMap;;;
Assets/Art/World/Fantasy_Kingdom_Pack/Meshes/Wood02_a01.FBX;Universal Render Pipeline/Lit;_BaseMap;;;
Assets/Art/World/Fantasy_Kingdom_Pack/Meshes/Wood02_a02.FBX;Universal Render Pipeline/Lit;_BaseMap;;;
Assets/Art/World/Fantasy_Kingdom_Pack/Meshes/Wood02_a03.FBX;Universal Render Pipeline/Lit;_BaseMap;;;
Assets/Art/World/Fantasy_Kingdom_Pack/Meshes/Wood02_a04.FBX;Universal Render Pipeline/Lit;_BaseMap;;;
Assets/Art/World/Fantasy_Kingdom_Pack/Meshes/Wood02_a05.FBX;Universal Render Pipeline/Lit;_BaseMap;;;
Assets/Art/World/Fantasy_Kingdom_Pack/Meshes/Wood03_a01.FBX;Universal Render Pipeline/Lit;_BaseMap;;;
Assets/Art/World/Fantasy_Kingdom_Pack/Meshes/Wood03_a02.FBX;Universal Render Pipeline/Lit;_BaseMap;;;
Assets/Art/World/Fantasy_Kingdom_Pack/Meshes/Wood04_a01.FBX;Universal Render Pipeline/Lit;_BaseMap;;;
Assets/Art/World/Fantasy_Kingdom_Pack/Meshes/Wood04_a02.FBX;Universal Render Pipeline/Lit;_BaseMap;;;
Assets/Art/World/Fantasy_Kingdom_Pack/Meshes/Wood04_a03.FBX;Universal Render Pipeline/Lit;_BaseMap;;;
Assets/Art/World/Fantasy_Kingdom_Pack/Meshes/Wood05_a01.FBX;Universal Render Pipeline/Lit;_BaseMap;;;
Assets/Art/World/Fantasy_Kingdom_Pack/Meshes/Wood06_a01.FBX;Universal Render Pipeline/Lit;_BaseMap;;;
Assets/Art/World/Fantasy_Kingdom_Pack/Meshes/Wood06_a02.FBX;Universal Render Pipeline/Lit;_BaseMap;;;
Assets/Art/World/Fantasy_Kingdom_Pack/Meshes/Wood06_a03.FBX;Universal Render Pipeline/Lit;_BaseMap;;;
Assets/Art/World/Fantasy_Kingdom_Pack/Meshes/Wood07_a01.FBX;Universal Render Pipeline/Lit;_BaseMap;;;
Assets/Art/World/Fantasy_Kingdom_Pack/Meshes/Wood07_a02.FBX;Universal Render Pipeline/Lit;_BaseMap;;;
Assets/Art/World/GamedevDreamer/Controller/ThirdPersonController/Character/Materials/M_Armature_Arms.mat;Universal Render Pipeline/Lit;_BaseMap;_BumpMap;;
Assets/Art/World/GamedevDreamer/Controller/ThirdPersonController/Character/Materials/M_Armature_Body.mat;Universal Render Pipeline/Lit;_BaseMap;_BumpMap;;
Assets/Art/World/GamedevDreamer/Controller/ThirdPersonController/Character/Materials/M_Armature_Legs.mat;Universal Render Pipeline/Lit;_BaseMap;_BumpMap;;
Assets/Art/World/GamedevDreamer/Models/Trees/Tree0.fbx;Universal Render Pipeline/Lit;;;;Sin Albedo de origen — revisar a mano
Assets/Art/World/GamedevDreamer/Models/Trees/Tree1.fbx;Universal Render Pipeline/Lit;;;;Sin Albedo de origen — revisar a mano
Assets/Art/World/GamedevDreamer/Models/Trees/Tree2.fbx;Universal Render Pipeline/Lit;;;;Sin Albedo de origen — revisar a mano
Assets/Art/World/Modular Castle/Assets/models/castle.fbx;Universal Render Pipeline/Lit;_BaseMap;;;
Assets/Art/World/boss_of_war/anvil.fbx;Universal Render Pipeline/Lit;;;;Sin Albedo de origen — revisar a mano
Assets/Art/World/boss_of_war/big_stone2.fbx;Universal Render Pipeline/Lit;;;;Sin Albedo de origen — revisar a mano
Assets/Art/World/boss_of_war/cube_stone.fbx;Universal Render Pipeline/Lit;;;;Sin Albedo de origen — revisar a mano
Assets/Art/World/boss_of_war/forceps.fbx;Universal Render Pipeline/Lit;;;;Sin Albedo de origen — revisar a mano
Assets/Art/World/boss_of_war/gate.fbx;Universal Render Pipeline/Lit;;;;Sin Albedo de origen — revisar a mano
Assets/Art/World/boss_of_war/hook.fbx;Universal Render Pipeline/Lit;;;;Sin Albedo de origen — revisar a mano
Assets/Art/World/boss_of_war/hummer.fbx;Universal Render Pipeline/Lit;;;;Sin Albedo de origen — revisar a mano
Assets/Art/World/boss_of_war/podium.fbx;Universal Render Pipeline/Lit;;;;Sin Albedo de origen — revisar a mano
Assets/Art/World/boss_of_war/wall.fbx;Universal Render Pipeline/Lit;;;;Sin Albedo de origen — revisar a mano
Assets/Art/World/boss_of_war/wall_stone.fbx;Universal Render Pipeline/Lit;;;;Sin Albedo de origen — revisar a mano
Assets/Plugins/Invector-3rdPersonController_LITE/3D Models/Others/Materials/blue_cube_simple.mat;Universal Render Pipeline/Lit;_BaseMap;_BumpMap;;
Assets/Plugins/Invector-3rdPersonController_LITE/3D Models/Others/Materials/invector-icon-black.mat;Universal Render Pipeline/Lit;;;;Sin Albedo de origen — revisar a mano
Assets/Plugins/Invector-3rdPersonController_LITE/3D Models/Others/Materials/invector-icon-dark-gray.mat;Universal Render Pipeline/Lit;;;;Sin Albedo de origen — revisar a mano
Assets/Plugins/Invector-3rdPersonController_LITE/3D Models/Others/Materials/invector-icon-light-gray.mat;Universal Render Pipeline/Lit;;;;Sin Albedo de origen — revisar a mano
Assets/Plugins/Invector-3rdPersonController_LITE/3D Models/Others/Materials/invector-icon-white.mat;Universal Render Pipeline/Lit;;;_EmissionColor;Sin Albedo de origen — revisar a mano
Assets/Plugins/Invector-3rdPersonController_LITE/3D Models/Others/invector-icon.fbx;Universal Render Pipeline/Lit;;;;Sin Albedo de origen — revisar a mano
Assets/Scenes/Test/Prototype Map/Materials/PrototypeMap.mat;Universal Render Pipeline/Lit;_BaseMap;;;
Assets/Scenes/Test/Prototype Map/Materials/PrototypeMap_Obstacles.mat;Universal Render Pipeline/Lit;_BaseMap;;;
Assets/VFX/G-spot_Lab/Magic Energy Seamless Textures Free Pack/MagicEnergy_Blue_01/MagicEnergy_Blue_01.mat;Universal Render Pipeline/Lit;_BaseMap;_BumpMap;_EmissionMap;
Assets/VFX/G-spot_Lab/Magic Energy Seamless Textures Free Pack/MagicEnergy_Blue_02/MagicEnergy_Blue_02.mat;Universal Render Pipeline/Lit;_BaseMap;_BumpMap;_EmissionMap;
Assets/VFX/G-spot_Lab/Magic Energy Seamless Textures Free Pack/MagicEnergy_Dark_01/MagicEnergy_Dark_01.mat;Universal Render Pipeline/Lit;_BaseMap;_BumpMap;_EmissionMap;
Assets/VFX/G-spot_Lab/Magic Energy Seamless Textures Free Pack/MagicEnergy_Dark_02/MagicEnergy_Dark_02.mat;Universal Render Pipeline/Lit;_BaseMap;_BumpMap;_EmissionMap;
Assets/VFX/G-spot_Lab/Magic Energy Seamless Textures Free Pack/MagicEnergy_Green_01/MagicEnergy_Green_01.mat;Universal Render Pipeline/Lit;_BaseMap;_BumpMap;_EmissionMap;
Assets/VFX/G-spot_Lab/Magic Energy Seamless Textures Free Pack/MagicEnergy_Green_02/MagicEnergy_Green_02.mat;Universal Render Pipeline/Lit;_BaseMap;_BumpMap;_EmissionMap;
Assets/VFX/G-spot_Lab/Magic Energy Seamless Textures Free Pack/MagicEnergy_Orange_01/MagicEnergy_Orange_01.mat;Universal Render Pipeline/Lit;_BaseMap;_BumpMap;_EmissionMap;
Assets/VFX/G-spot_Lab/Magic Energy Seamless Textures Free Pack/MagicEnergy_Orange_02/MagicEnergy_Orange_02.mat;Universal Render Pipeline/Lit;_BaseMap;_BumpMap;_EmissionMap;
Assets/VFX/G-spot_Lab/Magic Energy Seamless Textures Free Pack/MagicEnergy_Purple_01/MagicEnergy_Purple_01.mat;Universal Render Pipeline/Lit;_BaseMap;_BumpMap;_EmissionMap;
Assets/VFX/G-spot_Lab/Magic Energy Seamless Textures Free Pack/MagicEnergy_Purple_02/MagicEnergy_Purple_02.mat;Universal Render Pipeline/Lit;_BaseMap;_BumpMap;_EmissionMap;
Assets/VFX/GabrielAguiarProductions 1/FreeQuickEffectsVol1/Materials/Scene/Ground.mat;Universal Render Pipeline/Lit;;;;Sin Albedo de origen — revisar a mano
Assets/VFX/Lana Studio/Hyper Casual FX/Models/Area_vertical.fbx;Universal Render Pipeline/Lit;;;;Sin Albedo de origen — revisar a mano
Assets/VFX/Lana Studio/Hyper Casual FX/Models/Confetti.fbx;Universal Render Pipeline/Lit;;;;Sin Albedo de origen — revisar a mano
Assets/VFX/PLASMA Houidisoft technology/Plasma Shader/Materials/plsm 1.mat;Universal Render Pipeline/Lit;;;_EmissionColor;Sin Albedo de origen — revisar a mano
Assets/VFX/PLASMA Houidisoft technology/Plasma Shader/Materials/plsm 2.mat;Universal Render Pipeline/Lit;;;_EmissionColor;Sin Albedo de origen — revisar a mano
Assets/VFX/PLASMA Houidisoft technology/Plasma Shader/Materials/plsm.mat;Universal Render Pipeline/Lit;;;_EmissionColor;Sin Albedo de origen — revisar a mano
Assets/VFX/Univeral FX Shader/Material/Candle_Texture.mat;Universal Render Pipeline/Lit;_BaseMap;;;
Assets/VFX/Univeral FX Shader/Material/Wall.mat;Universal Render Pipeline/Lit;;;_EmissionColor;Sin Albedo de origen — revisar a mano
Assets/_ITEMS/Key.fbx;Universal Render Pipeline/Lit;_BaseMap;;;
Assets/VFX/Univeral FX Shader/Material/BG.mat;Universal Render Pipeline/Unlit;_BaseMap;;;
